Source,Target,Type,Id,Weight
n0,n1,Directed,0,4
n0,n5,Directed,1,1
n0,n8,Directed,2,1
n0,n10,Directed,3,1
n0,n13,Directed,4,2
n1,n0,Directed,5,1
n1,n2,Directed,6,1
n1,n5,Directed,7,2
n1,n6,Directed,8,3
n1,n7,Directed,9,2
n1,n8,Directed,10,8
n1,n12,Directed,11,2
n1,n13,Directed,12,2
n2,n1,Directed,13,2
n2,n3,Directed,14,1
n2,n5,Directed,15,3
n2,n6,Directed,16,3
n2,n7,Directed,17,5
n2,n8,Directed,18,1
n2,n9,Directed,19,8
n2,n10,Directed,20,1
n2,n12,Directed,21,1
n2,n13,Directed,22,4
n3,n0,Directed,23,2
n3,n7,Directed,24,2
n3,n13,Directed,25,1
n4,n0,Directed,26,3
n4,n3,Directed,27,2
n4,n5,Directed,28,1
n4,n7,Directed,29,1
n4,n8,Directed,30,1
n5,n2,Directed,31,2
n5,n7,Directed,32,3
n5,n9,Directed,33,2
n5,n10,Directed,34,1
n5,n11,Directed,35,1
n6,n1,Directed,36,3
n6,n2,Directed,37,3
n6,n8,Directed,38,7
n6,n9,Directed,39,5
n6,n12,Directed,40,4
n6,n13,Directed,41,1
n7,n0,Directed,42,3
n7,n1,Directed,43,2
n7,n2,Directed,44,3
n7,n4,Directed,45,1
n7,n5,Directed,46,3
n7,n6,Directed,47,1
n7,n9,Directed,48,3
n7,n10,Directed,49,1
n7,n12,Directed,50,1
n7,n13,Directed,51,1
n8,n1,Directed,52,1
n8,n5,Directed,53,1
n8,n6,Directed,54,1
n8,n7,Directed,55,1
n8,n9,Directed,56,1
n9,n2,Directed,57,2
n9,n5,Directed,58,8
n9,n7,Directed,59,2
n9,n8,Directed,60,1
n9,n9,Directed,61,1
n9,n10,Directed,62,2
n10,n1,Directed,63,1
n10,n2,Directed,64,2
n10,n6,Directed,65,1
n10,n7,Directed,66,2
n10,n9,Directed,67,2
n10,n13,Directed,68,1
n12,n1,Directed,69,3
n12,n2,Directed,70,1
n12,n6,Directed,71,4
n12,n8,Directed,72,1
n12,n10,Directed,73,1
n13,n0,Directed,74,6
n13,n1,Directed,75,1
n13,n2,Directed,76,1
n13,n3,Directed,77,1
n13,n5,Directed,78,1
n13,n6,Directed,79,3
n13,n7,Directed,80,2
n13,n8,Directed,81,1
n13,n12,Directed,82,1
