Source,Target,Type,Id,Weight
n0,n1,Directed,0,3
n0,n2,Directed,1,2
n0,n3,Directed,2,5
n0,n5,Directed,3,2
n0,n7,Directed,4,7
n0,n9,Directed,5,3
n0,n10,Directed,6,1
n0,n13,Directed,7,5
n1,n0,Directed,8,4
n1,n1,Directed,9,1
n1,n2,Directed,10,4
n1,n3,Directed,11,2
n1,n4,Directed,12,1
n1,n6,Directed,13,1
n1,n7,Directed,14,1
n1,n8,Directed,15,5
n1,n11,Directed,16,1
n1,n12,Directed,17,9
n1,n13,Directed,18,9
n2,n0,Directed,19,3
n2,n1,Directed,20,6
n2,n3,Directed,21,5
n2,n4,Directed,22,3
n2,n6,Directed,23,3
n2,n7,Directed,24,15
n2,n11,Directed,25,4
n2,n12,Directed,26,1
n2,n13,Directed,27,13
n3,n0,Directed,28,6
n3,n1,Directed,29,1
n3,n2,Directed,30,6
n3,n4,Directed,31,2
n3,n5,Directed,32,1
n3,n6,Directed,33,4
n3,n7,Directed,34,3
n3,n9,Directed,35,1
n3,n13,Directed,36,4
n4,n2,Directed,37,4
n4,n3,Directed,38,1
n4,n6,Directed,39,6
n4,n7,Directed,40,6
n4,n8,Directed,41,1
n4,n9,Directed,42,1
n4,n10,Directed,43,2
n4,n11,Directed,44,5
n4,n13,Directed,45,5
n5,n1,Directed,46,1
n5,n3,Directed,47,1
n5,n9,Directed,48,1
n6,n0,Directed,49,1
n6,n1,Directed,50,2
n6,n2,Directed,51,3
n6,n3,Directed,52,1
n6,n4,Directed,53,12
n6,n5,Directed,54,2
n6,n7,Directed,55,3
n6,n8,Directed,56,3
n6,n9,Directed,57,1
n6,n11,Directed,58,2
n6,n12,Directed,59,5
n6,n13,Directed,60,4
n7,n0,Directed,61,5
n7,n1,Directed,62,1
n7,n2,Directed,63,9
n7,n3,Directed,64,4
n7,n4,Directed,65,2
n7,n6,Directed,66,3
n7,n8,Directed,67,1
n7,n11,Directed,68,5
n7,n12,Directed,69,1
n7,n13,Directed,70,3
n8,n0,Directed,71,1
n8,n1,Directed,72,4
n8,n3,Directed,73,1
n8,n4,Directed,74,1
n8,n5,Directed,75,2
n8,n6,Directed,76,2
n8,n7,Directed,77,3
n8,n10,Directed,78,1
n8,n12,Directed,79,1
n8,n13,Directed,80,2
n9,n0,Directed,81,1
n9,n1,Directed,82,1
n9,n2,Directed,83,3
n9,n3,Directed,84,1
n9,n5,Directed,85,1
n9,n6,Directed,86,1
n9,n7,Directed,87,1
n10,n6,Directed,88,1
n10,n9,Directed,89,2
n10,n10,Directed,90,1
n11,n2,Directed,91,3
n11,n3,Directed,92,2
n11,n4,Directed,93,3
n11,n6,Directed,94,1
n11,n7,Directed,95,5
n12,n1,Directed,96,6
n12,n2,Directed,97,2
n12,n3,Directed,98,1
n12,n4,Directed,99,1
n12,n6,Directed,100,5
n12,n7,Directed,101,1
n12,n8,Directed,102,5
n12,n10,Directed,103,1
n12,n11,Directed,104,1
n12,n13,Directed,105,2
n13,n0,Directed,106,3
n13,n1,Directed,107,7
n13,n2,Directed,108,12
n13,n3,Directed,109,8
n13,n4,Directed,110,5
n13,n6,Directed,111,9
n13,n7,Directed,112,5
n13,n8,Directed,113,1
n13,n9,Directed,114,2
n13,n10,Directed,115,1
n13,n11,Directed,116,1
n13,n12,Directed,117,4
