Source,Target,Type,Id,Weight
n0,n0,Directed,0,1
n0,n1,Directed,1,28
n0,n3,Directed,2,5
n0,n4,Directed,3,18
n0,n5,Directed,4,19
n0,n6,Directed,5,22
n0,n8,Directed,6,49
n0,n9,Directed,7,4
n0,n10,Directed,8,1
n0,n11,Directed,9,11
n0,n12,Directed,10,1
n0,n13,Directed,11,5
n0,n14,Directed,12,12
n0,n15,Directed,13,9
n0,n16,Directed,14,2
n0,n17,Directed,15,14
n0,n18,Directed,16,8
n0,n22,Directed,17,42
n0,n27,Directed,18,2
n0,n28,Directed,19,10
n1,n0,Directed,20,25
n1,n1,Directed,21,8
n1,n2,Directed,22,41
n1,n3,Directed,23,3
n1,n4,Directed,24,6
n1,n5,Directed,25,50
n1,n6,Directed,26,71
n1,n7,Directed,27,28
n1,n8,Directed,28,16
n1,n9,Directed,29,26
n1,n10,Directed,30,34
n1,n11,Directed,31,12
n1,n12,Directed,32,3
n1,n13,Directed,33,20
n1,n14,Directed,34,30
n1,n15,Directed,35,26
n1,n16,Directed,36,23
n1,n17,Directed,37,5
n1,n18,Directed,38,5
n1,n19,Directed,39,14
n1,n20,Directed,40,6
n1,n22,Directed,41,18
n1,n23,Directed,42,3
n1,n24,Directed,43,4
n1,n26,Directed,44,1
n1,n27,Directed,45,10
n1,n28,Directed,46,7
n1,n29,Directed,47,2
n2,n1,Directed,48,32
n2,n2,Directed,49,1
n2,n4,Directed,50,6
n2,n5,Directed,51,29
n2,n6,Directed,52,49
n2,n7,Directed,53,1
n2,n8,Directed,54,22
n2,n9,Directed,55,17
n2,n10,Directed,56,18
n2,n11,Directed,57,16
n2,n12,Directed,58,7
n2,n13,Directed,59,36
n2,n14,Directed,60,18
n2,n15,Directed,61,21
n2,n16,Directed,62,2
n2,n17,Directed,63,31
n2,n18,Directed,64,5
n2,n19,Directed,65,39
n2,n20,Directed,66,6
n2,n21,Directed,67,4
n2,n22,Directed,68,12
n2,n23,Directed,69,4
n2,n24,Directed,70,2
n2,n27,Directed,71,24
n2,n28,Directed,72,6
n3,n0,Directed,73,3
n3,n1,Directed,74,5
n3,n3,Directed,75,2
n3,n5,Directed,76,5
n3,n6,Directed,77,6
n3,n7,Directed,78,12
n3,n9,Directed,79,3
n3,n10,Directed,80,8
n3,n11,Directed,81,3
n3,n13,Directed,82,4
n3,n14,Directed,83,2
n3,n15,Directed,84,12
n3,n16,Directed,85,3
n3,n17,Directed,86,2
n3,n22,Directed,87,3
n3,n23,Directed,88,2
n3,n27,Directed,89,1
n4,n0,Directed,90,10
n4,n1,Directed,91,15
n4,n2,Directed,92,4
n4,n3,Directed,93,1
n4,n4,Directed,94,1
n4,n5,Directed,95,23
n4,n6,Directed,96,9
n4,n7,Directed,97,20
n4,n8,Directed,98,17
n4,n9,Directed,99,1
n4,n10,Directed,100,16
n4,n11,Directed,101,2
n4,n13,Directed,102,7
n4,n14,Directed,103,1
n4,n15,Directed,104,2
n4,n16,Directed,105,7
n4,n18,Directed,106,5
n4,n21,Directed,107,3
n4,n22,Directed,108,1
n4,n26,Directed,109,1
n4,n27,Directed,110,1
n4,n28,Directed,111,11
n5,n0,Directed,112,41
n5,n1,Directed,113,50
n5,n2,Directed,114,32
n5,n3,Directed,115,8
n5,n4,Directed,116,15
n5,n5,Directed,117,5
n5,n6,Directed,118,117
n5,n7,Directed,119,64
n5,n8,Directed,120,23
n5,n9,Directed,121,33
n5,n10,Directed,122,58
n5,n11,Directed,123,12
n5,n12,Directed,124,6
n5,n13,Directed,125,30
n5,n14,Directed,126,55
n5,n15,Directed,127,58
n5,n16,Directed,128,84
n5,n17,Directed,129,6
n5,n18,Directed,130,15
n5,n19,Directed,131,15
n5,n21,Directed,132,3
n5,n22,Directed,133,56
n5,n23,Directed,134,6
n5,n24,Directed,135,5
n5,n27,Directed,136,41
n5,n28,Directed,137,18
n5,n29,Directed,138,3
n6,n0,Directed,139,46
n6,n1,Directed,140,72
n6,n2,Directed,141,70
n6,n3,Directed,142,10
n6,n4,Directed,143,13
n6,n5,Directed,144,182
n6,n6,Directed,145,7
n6,n7,Directed,146,79
n6,n8,Directed,147,31
n6,n9,Directed,148,63
n6,n10,Directed,149,77
n6,n11,Directed,150,36
n6,n12,Directed,151,6
n6,n13,Directed,152,34
n6,n14,Directed,153,85
n6,n15,Directed,154,143
n6,n16,Directed,155,79
n6,n17,Directed,156,20
n6,n18,Directed,157,10
n6,n19,Directed,158,25
n6,n20,Directed,159,8
n6,n21,Directed,160,4
n6,n22,Directed,161,60
n6,n23,Directed,162,9
n6,n24,Directed,163,3
n6,n25,Directed,164,3
n6,n26,Directed,165,3
n6,n27,Directed,166,54
n6,n28,Directed,167,20
n6,n29,Directed,168,3
n7,n0,Directed,169,2
n7,n1,Directed,170,33
n7,n2,Directed,171,1
n7,n3,Directed,172,9
n7,n4,Directed,173,33
n7,n5,Directed,174,66
n7,n6,Directed,175,62
n7,n7,Directed,176,2
n7,n8,Directed,177,20
n7,n9,Directed,178,30
n7,n10,Directed,179,30
n7,n11,Directed,180,25
n7,n12,Directed,181,3
n7,n13,Directed,182,25
n7,n14,Directed,183,57
n7,n15,Directed,184,63
n7,n16,Directed,185,1
n7,n17,Directed,186,25
n7,n18,Directed,187,7
n7,n22,Directed,188,35
n7,n23,Directed,189,10
n7,n24,Directed,190,8
n7,n26,Directed,191,3
n7,n28,Directed,192,19
n8,n0,Directed,193,37
n8,n1,Directed,194,25
n8,n2,Directed,195,15
n8,n3,Directed,196,3
n8,n4,Directed,197,18
n8,n5,Directed,198,22
n8,n6,Directed,199,19
n8,n7,Directed,200,7
n8,n9,Directed,201,6
n8,n10,Directed,202,11
n8,n11,Directed,203,16
n8,n12,Directed,204,1
n8,n13,Directed,205,6
n8,n14,Directed,206,8
n8,n15,Directed,207,10
n8,n16,Directed,208,3
n8,n18,Directed,209,1
n8,n21,Directed,210,3
n8,n22,Directed,211,6
n8,n28,Directed,212,6
n9,n0,Directed,213,2
n9,n1,Directed,214,22
n9,n2,Directed,215,26
n9,n4,Directed,216,4
n9,n5,Directed,217,56
n9,n6,Directed,218,46
n9,n7,Directed,219,39
n9,n8,Directed,220,8
n9,n9,Directed,221,2
n9,n10,Directed,222,12
n9,n11,Directed,223,8
n9,n12,Directed,224,4
n9,n13,Directed,225,13
n9,n14,Directed,226,62
n9,n15,Directed,227,44
n9,n16,Directed,228,47
n9,n17,Directed,229,62
n9,n18,Directed,230,5
n9,n19,Directed,231,1
n9,n20,Directed,232,1
n9,n21,Directed,233,1
n9,n22,Directed,234,49
n9,n23,Directed,235,1
n9,n24,Directed,236,1
n9,n25,Directed,237,2
n9,n27,Directed,238,52
n9,n28,Directed,239,2
n9,n29,Directed,240,8
n10,n0,Directed,241,1
n10,n1,Directed,242,24
n10,n2,Directed,243,20
n10,n3,Directed,244,4
n10,n4,Directed,245,14
n10,n5,Directed,246,52
n10,n6,Directed,247,54
n10,n7,Directed,248,50
n10,n8,Directed,249,14
n10,n9,Directed,250,13
n10,n10,Directed,251,3
n10,n11,Directed,252,24
n10,n12,Directed,253,4
n10,n13,Directed,254,40
n10,n14,Directed,255,16
n10,n15,Directed,256,28
n10,n16,Directed,257,71
n10,n17,Directed,258,1
n10,n18,Directed,259,15
n10,n19,Directed,260,15
n10,n20,Directed,261,2
n10,n21,Directed,262,4
n10,n22,Directed,263,12
n10,n23,Directed,264,6
n10,n24,Directed,265,1
n10,n25,Directed,266,4
n10,n27,Directed,267,4
n10,n28,Directed,268,12
n11,n0,Directed,269,7
n11,n1,Directed,270,12
n11,n2,Directed,271,2
n11,n3,Directed,272,3
n11,n4,Directed,273,5
n11,n5,Directed,274,9
n11,n6,Directed,275,15
n11,n7,Directed,276,6
n11,n8,Directed,277,10
n11,n10,Directed,278,20
n11,n11,Directed,279,3
n11,n13,Directed,280,5
n11,n15,Directed,281,5
n11,n16,Directed,282,7
n11,n18,Directed,283,3
n11,n19,Directed,284,2
n11,n20,Directed,285,2
n11,n23,Directed,286,1
n11,n27,Directed,287,2
n11,n28,Directed,288,4
n11,n29,Directed,289,2
n12,n0,Directed,290,3
n12,n1,Directed,291,7
n12,n2,Directed,292,7
n12,n4,Directed,293,1
n12,n5,Directed,294,8
n12,n6,Directed,295,5
n12,n7,Directed,296,2
n12,n8,Directed,297,1
n12,n9,Directed,298,1
n12,n10,Directed,299,4
n12,n11,Directed,300,1
n12,n13,Directed,301,4
n12,n15,Directed,302,7
n12,n16,Directed,303,1
n12,n17,Directed,304,1
n12,n18,Directed,305,1
n12,n22,Directed,306,7
n12,n23,Directed,307,2
n12,n27,Directed,308,2
n13,n0,Directed,309,3
n13,n1,Directed,310,22
n13,n2,Directed,311,12
n13,n4,Directed,312,3
n13,n5,Directed,313,27
n13,n6,Directed,314,30
n13,n7,Directed,315,18
n13,n8,Directed,316,3
n13,n9,Directed,317,4
n13,n10,Directed,318,27
n13,n11,Directed,319,9
n13,n12,Directed,320,2
n13,n13,Directed,321,1
n13,n14,Directed,322,5
n13,n15,Directed,323,14
n13,n16,Directed,324,17
n13,n18,Directed,325,3
n13,n19,Directed,326,12
n13,n20,Directed,327,2
n13,n21,Directed,328,2
n13,n22,Directed,329,7
n13,n23,Directed,330,4
n13,n24,Directed,331,2
n13,n25,Directed,332,1
n13,n27,Directed,333,4
n13,n28,Directed,334,3
n13,n29,Directed,335,1
n14,n0,Directed,336,23
n14,n1,Directed,337,26
n14,n2,Directed,338,34
n14,n3,Directed,339,3
n14,n4,Directed,340,19
n14,n5,Directed,341,49
n14,n6,Directed,342,92
n14,n7,Directed,343,73
n14,n8,Directed,344,18
n14,n9,Directed,345,59
n14,n10,Directed,346,21
n14,n11,Directed,347,19
n14,n12,Directed,348,2
n14,n13,Directed,349,23
n14,n14,Directed,350,2
n14,n15,Directed,351,51
n14,n16,Directed,352,57
n14,n17,Directed,353,107
n14,n18,Directed,354,6
n14,n19,Directed,355,3
n14,n20,Directed,356,2
n14,n21,Directed,357,2
n14,n22,Directed,358,105
n14,n23,Directed,359,5
n14,n25,Directed,360,4
n14,n26,Directed,361,2
n14,n27,Directed,362,25
n14,n28,Directed,363,13
n14,n29,Directed,364,6
n15,n0,Directed,365,22
n15,n1,Directed,366,27
n15,n2,Directed,367,44
n15,n3,Directed,368,7
n15,n4,Directed,369,12
n15,n5,Directed,370,63
n15,n6,Directed,371,168
n15,n7,Directed,372,88
n15,n8,Directed,373,16
n15,n9,Directed,374,46
n15,n10,Directed,375,44
n15,n11,Directed,376,13
n15,n12,Directed,377,1
n15,n13,Directed,378,21
n15,n14,Directed,379,74
n15,n16,Directed,380,67
n15,n17,Directed,381,12
n15,n18,Directed,382,11
n15,n19,Directed,383,11
n15,n20,Directed,384,4
n15,n21,Directed,385,8
n15,n22,Directed,386,56
n15,n23,Directed,387,4
n15,n24,Directed,388,3
n15,n26,Directed,389,6
n15,n27,Directed,390,28
n15,n28,Directed,391,28
n15,n29,Directed,392,3
n16,n0,Directed,393,2
n16,n1,Directed,394,29
n16,n2,Directed,395,3
n16,n3,Directed,396,3
n16,n4,Directed,397,6
n16,n5,Directed,398,97
n16,n6,Directed,399,75
n16,n8,Directed,400,3
n16,n9,Directed,401,40
n16,n10,Directed,402,67
n16,n11,Directed,403,27
n16,n12,Directed,404,1
n16,n13,Directed,405,42
n16,n14,Directed,406,36
n16,n15,Directed,407,69
n16,n16,Directed,408,6
n16,n17,Directed,409,27
n16,n18,Directed,410,11
n16,n19,Directed,411,7
n16,n20,Directed,412,3
n16,n21,Directed,413,9
n16,n22,Directed,414,15
n16,n23,Directed,415,6
n16,n24,Directed,416,2
n16,n27,Directed,417,12
n16,n28,Directed,418,23
n16,n29,Directed,419,4
n17,n0,Directed,420,7
n17,n1,Directed,421,7
n17,n2,Directed,422,18
n17,n4,Directed,423,8
n17,n5,Directed,424,22
n17,n6,Directed,425,24
n17,n7,Directed,426,14
n17,n8,Directed,427,6
n17,n9,Directed,428,29
n17,n10,Directed,429,10
n17,n11,Directed,430,15
n17,n13,Directed,431,77
n17,n14,Directed,432,76
n17,n15,Directed,433,19
n17,n16,Directed,434,22
n17,n17,Directed,435,2
n17,n18,Directed,436,2
n17,n19,Directed,437,5
n17,n21,Directed,438,1
n17,n22,Directed,439,49
n17,n23,Directed,440,5
n17,n24,Directed,441,1
n17,n26,Directed,442,6
n17,n27,Directed,443,27
n17,n28,Directed,444,12
n17,n29,Directed,445,9
n18,n0,Directed,446,7
n18,n1,Directed,447,6
n18,n2,Directed,448,7
n18,n4,Directed,449,4
n18,n5,Directed,450,9
n18,n6,Directed,451,11
n18,n7,Directed,452,10
n18,n8,Directed,453,1
n18,n9,Directed,454,2
n18,n10,Directed,455,15
n18,n11,Directed,456,4
n18,n12,Directed,457,2
n18,n13,Directed,458,4
n18,n14,Directed,459,4
n18,n15,Directed,460,8
n18,n16,Directed,461,10
n18,n19,Directed,462,2
n18,n20,Directed,463,1
n18,n21,Directed,464,5
n18,n22,Directed,465,4
n18,n27,Directed,466,14
n19,n1,Directed,467,7
n19,n2,Directed,468,31
n19,n4,Directed,469,1
n19,n5,Directed,470,18
n19,n6,Directed,471,20
n19,n7,Directed,472,1
n19,n9,Directed,473,2
n19,n10,Directed,474,3
n19,n11,Directed,475,4
n19,n13,Directed,476,14
n19,n14,Directed,477,1
n19,n15,Directed,478,6
n19,n16,Directed,479,5
n19,n17,Directed,480,1
n19,n18,Directed,481,2
n19,n19,Directed,482,1
n19,n20,Directed,483,1
n19,n21,Directed,484,3
n19,n22,Directed,485,9
n19,n24,Directed,486,4
n19,n27,Directed,487,3
n20,n1,Directed,488,3
n20,n2,Directed,489,9
n20,n6,Directed,490,3
n20,n7,Directed,491,1
n20,n10,Directed,492,3
n20,n11,Directed,493,3
n20,n12,Directed,494,1
n20,n13,Directed,495,1
n20,n14,Directed,496,3
n20,n15,Directed,497,3
n20,n16,Directed,498,2
n20,n18,Directed,499,1
n20,n22,Directed,500,2
n20,n27,Directed,501,1
n21,n2,Directed,502,12
n21,n4,Directed,503,3
n21,n5,Directed,504,4
n21,n6,Directed,505,5
n21,n8,Directed,506,1
n21,n9,Directed,507,5
n21,n10,Directed,508,6
n21,n11,Directed,509,1
n21,n13,Directed,510,2
n21,n14,Directed,511,3
n21,n15,Directed,512,12
n21,n16,Directed,513,6
n21,n18,Directed,514,5
n21,n21,Directed,515,1
n21,n22,Directed,516,2
n21,n27,Directed,517,4
n21,n28,Directed,518,2
n22,n0,Directed,519,42
n22,n1,Directed,520,30
n22,n2,Directed,521,18
n22,n3,Directed,522,5
n22,n4,Directed,523,14
n22,n5,Directed,524,50
n22,n6,Directed,525,47
n22,n7,Directed,526,59
n22,n8,Directed,527,21
n22,n9,Directed,528,35
n22,n10,Directed,529,23
n22,n11,Directed,530,8
n22,n12,Directed,531,4
n22,n13,Directed,532,21
n22,n14,Directed,533,98
n22,n15,Directed,534,54
n22,n16,Directed,535,14
n22,n17,Directed,536,120
n22,n18,Directed,537,9
n22,n19,Directed,538,14
n22,n20,Directed,539,1
n22,n21,Directed,540,3
n22,n22,Directed,541,5
n22,n23,Directed,542,1
n22,n24,Directed,543,4
n22,n25,Directed,544,3
n22,n26,Directed,545,9
n22,n27,Directed,546,6
n22,n28,Directed,547,9
n23,n1,Directed,548,1
n23,n2,Directed,549,4
n23,n3,Directed,550,1
n23,n5,Directed,551,11
n23,n6,Directed,552,5
n23,n7,Directed,553,3
n23,n9,Directed,554,2
n23,n10,Directed,555,8
n23,n11,Directed,556,1
n23,n12,Directed,557,1
n23,n13,Directed,558,4
n23,n14,Directed,559,2
n23,n15,Directed,560,3
n23,n16,Directed,561,5
n23,n22,Directed,562,3
n23,n27,Directed,563,2
n24,n1,Directed,564,4
n24,n2,Directed,565,4
n24,n5,Directed,566,7
n24,n6,Directed,567,3
n24,n7,Directed,568,4
n24,n9,Directed,569,2
n24,n10,Directed,570,1
n24,n13,Directed,571,3
n24,n14,Directed,572,1
n24,n17,Directed,573,1
n24,n18,Directed,574,2
n24,n19,Directed,575,4
n24,n22,Directed,576,3
n24,n23,Directed,577,2
n24,n24,Directed,578,1
n25,n5,Directed,579,2
n25,n6,Directed,580,5
n25,n7,Directed,581,1
n25,n9,Directed,582,1
n25,n10,Directed,583,2
n25,n14,Directed,584,3
n25,n17,Directed,585,2
n25,n22,Directed,586,3
n25,n27,Directed,587,3
n26,n1,Directed,588,2
n26,n4,Directed,589,1
n26,n6,Directed,590,3
n26,n7,Directed,591,8
n26,n8,Directed,592,2
n26,n14,Directed,593,1
n26,n15,Directed,594,5
n26,n17,Directed,595,6
n26,n22,Directed,596,10
n27,n0,Directed,597,1
n27,n1,Directed,598,19
n27,n2,Directed,599,25
n27,n3,Directed,600,2
n27,n4,Directed,601,4
n27,n5,Directed,602,28
n27,n6,Directed,603,32
n27,n7,Directed,604,1
n27,n8,Directed,605,6
n27,n9,Directed,606,34
n27,n10,Directed,607,9
n27,n11,Directed,608,5
n27,n12,Directed,609,1
n27,n13,Directed,610,28
n27,n14,Directed,611,12
n27,n15,Directed,612,30
n27,n16,Directed,613,8
n27,n17,Directed,614,43
n27,n18,Directed,615,9
n27,n19,Directed,616,6
n27,n20,Directed,617,1
n27,n21,Directed,618,1
n27,n22,Directed,619,5
n27,n23,Directed,620,2
n27,n25,Directed,621,1
n27,n27,Directed,622,2
n27,n28,Directed,623,7
n28,n0,Directed,624,2
n28,n1,Directed,625,2
n28,n2,Directed,626,8
n28,n4,Directed,627,14
n28,n5,Directed,628,11
n28,n6,Directed,629,8
n28,n7,Directed,630,24
n28,n8,Directed,631,4
n28,n10,Directed,632,6
n28,n11,Directed,633,8
n28,n13,Directed,634,2
n28,n14,Directed,635,4
n28,n15,Directed,636,9
n28,n16,Directed,637,22
n28,n18,Directed,638,1
n28,n19,Directed,639,1
n28,n22,Directed,640,3
n28,n27,Directed,641,3
n28,n28,Directed,642,2
n29,n1,Directed,643,3
n29,n2,Directed,644,1
n29,n5,Directed,645,3
n29,n6,Directed,646,4
n29,n8,Directed,647,3
n29,n9,Directed,648,7
n29,n11,Directed,649,3
n29,n13,Directed,650,1
n29,n14,Directed,651,7
n29,n15,Directed,652,6
n29,n16,Directed,653,10
n29,n17,Directed,654,8
n29,n28,Directed,655,1
