Source,Target,Type,Id,Weight
n0,n1,Directed,0,7
n0,n2,Directed,1,2
n0,n3,Directed,2,1
n0,n4,Directed,3,2
n0,n6,Directed,4,6
n0,n8,Directed,5,2
n0,n9,Directed,6,3
n0,n10,Directed,7,2
n0,n11,Directed,8,5
n0,n12,Directed,9,8
n0,n13,Directed,10,5
n1,n0,Directed,11,8
n1,n2,Directed,12,1
n1,n3,Directed,13,2
n1,n4,Directed,14,2
n1,n6,Directed,15,5
n1,n7,Directed,16,1
n1,n9,Directed,17,3
n1,n10,Directed,18,1
n1,n11,Directed,19,1
n1,n12,Directed,20,3
n1,n13,Directed,21,2
n2,n0,Directed,22,3
n2,n1,Directed,23,5
n2,n2,Directed,24,1
n2,n3,Directed,25,5
n2,n4,Directed,26,2
n2,n5,Directed,27,1
n2,n6,Directed,28,3
n2,n7,Directed,29,1
n2,n9,Directed,30,3
n2,n11,Directed,31,1
n2,n12,Directed,32,6
n2,n13,Directed,33,2
n3,n1,Directed,34,1
n3,n2,Directed,35,10
n3,n4,Directed,36,1
n3,n5,Directed,37,2
n3,n6,Directed,38,11
n3,n7,Directed,39,8
n3,n8,Directed,40,1
n3,n9,Directed,41,4
n3,n11,Directed,42,1
n3,n13,Directed,43,7
n4,n0,Directed,44,1
n4,n1,Directed,45,4
n4,n3,Directed,46,2
n4,n4,Directed,47,1
n4,n6,Directed,48,1
n4,n13,Directed,49,1
n5,n2,Directed,50,1
n5,n7,Directed,51,1
n5,n11,Directed,52,1
n6,n0,Directed,53,1
n6,n2,Directed,54,5
n6,n3,Directed,55,5
n6,n4,Directed,56,3
n6,n5,Directed,57,1
n6,n6,Directed,58,1
n6,n7,Directed,59,2
n6,n9,Directed,60,1
n6,n10,Directed,61,1
n6,n11,Directed,62,2
n6,n13,Directed,63,2
n7,n0,Directed,64,1
n7,n2,Directed,65,2
n7,n3,Directed,66,14
n7,n4,Directed,67,2
n7,n6,Directed,68,2
n7,n8,Directed,69,6
n7,n10,Directed,70,1
n7,n11,Directed,71,1
n7,n12,Directed,72,7
n7,n13,Directed,73,3
n8,n0,Directed,74,2
n8,n1,Directed,75,2
n8,n2,Directed,76,1
n8,n3,Directed,77,5
n8,n5,Directed,78,1
n8,n6,Directed,79,1
n8,n7,Directed,80,4
n8,n9,Directed,81,3
n8,n12,Directed,82,2
n9,n0,Directed,83,2
n9,n1,Directed,84,1
n9,n3,Directed,85,3
n9,n6,Directed,86,2
n9,n12,Directed,87,1
n10,n5,Directed,88,1
n10,n6,Directed,89,1
n10,n11,Directed,90,1
n10,n12,Directed,91,1
n11,n0,Directed,92,3
n11,n1,Directed,93,1
n11,n2,Directed,94,1
n11,n3,Directed,95,3
n11,n6,Directed,96,1
n11,n10,Directed,97,1
n11,n12,Directed,98,5
n11,n13,Directed,99,3
n12,n0,Directed,100,13
n12,n2,Directed,101,1
n12,n3,Directed,102,2
n12,n6,Directed,103,1
n12,n7,Directed,104,7
n12,n8,Directed,105,7
n12,n11,Directed,106,6
n12,n13,Directed,107,6
n13,n0,Directed,108,5
n13,n1,Directed,109,3
n13,n2,Directed,110,5
n13,n3,Directed,111,4
n13,n6,Directed,112,1
n13,n7,Directed,113,4
n13,n8,Directed,114,3
n13,n9,Directed,115,1
n13,n12,Directed,116,6
