Source,Target,Type,Id,Weight
n0,n1,Directed,0,3
n0,n2,Directed,1,7
n0,n3,Directed,2,6
n0,n5,Directed,3,2
n0,n6,Directed,4,1
n0,n8,Directed,5,1
n0,n9,Directed,6,1
n0,n11,Directed,7,3
n0,n12,Directed,8,10
n0,n13,Directed,9,7
n1,n0,Directed,10,2
n1,n1,Directed,11,1
n1,n2,Directed,12,3
n1,n3,Directed,13,5
n1,n4,Directed,14,14
n1,n5,Directed,15,2
n1,n6,Directed,16,7
n1,n7,Directed,17,2
n1,n8,Directed,18,1
n1,n9,Directed,19,2
n1,n10,Directed,20,3
n1,n11,Directed,21,1
n1,n12,Directed,22,8
n1,n13,Directed,23,10
n2,n0,Directed,24,3
n2,n1,Directed,25,2
n2,n2,Directed,26,1
n2,n3,Directed,27,4
n2,n4,Directed,28,2
n2,n5,Directed,29,2
n2,n7,Directed,30,2
n2,n10,Directed,31,1
n2,n11,Directed,32,1
n2,n12,Directed,33,3
n2,n13,Directed,34,2
n3,n0,Directed,35,2
n3,n1,Directed,36,2
n3,n2,Directed,37,4
n3,n4,Directed,38,1
n3,n10,Directed,39,1
n4,n1,Directed,40,14
n4,n2,Directed,41,1
n4,n3,Directed,42,1
n4,n5,Directed,43,6
n4,n6,Directed,44,9
n4,n7,Directed,45,2
n4,n8,Directed,46,2
n4,n9,Directed,47,1
n4,n10,Directed,48,5
n4,n11,Directed,49,1
n4,n12,Directed,50,2
n4,n13,Directed,51,2
n5,n0,Directed,52,3
n5,n1,Directed,53,2
n5,n2,Directed,54,2
n5,n3,Directed,55,1
n5,n4,Directed,56,2
n5,n7,Directed,57,1
n5,n10,Directed,58,1
n5,n11,Directed,59,1
n5,n12,Directed,60,2
n5,n13,Directed,61,2
n6,n0,Directed,62,3
n6,n1,Directed,63,7
n6,n2,Directed,64,3
n6,n3,Directed,65,1
n6,n4,Directed,66,11
n6,n5,Directed,67,2
n6,n8,Directed,68,4
n6,n12,Directed,69,9
n6,n13,Directed,70,3
n7,n0,Directed,71,5
n7,n1,Directed,72,2
n7,n2,Directed,73,2
n7,n4,Directed,74,1
n7,n11,Directed,75,1
n7,n12,Directed,76,2
n8,n0,Directed,77,2
n8,n5,Directed,78,4
n8,n6,Directed,79,4
n8,n7,Directed,80,1
n8,n10,Directed,81,1
n8,n12,Directed,82,3
n9,n4,Directed,83,1
n9,n6,Directed,84,1
n9,n7,Directed,85,2
n9,n11,Directed,86,1
n10,n0,Directed,87,1
n10,n1,Directed,88,3
n10,n2,Directed,89,2
n10,n3,Directed,90,1
n10,n4,Directed,91,6
n10,n5,Directed,92,1
n10,n7,Directed,93,1
n10,n13,Directed,94,1
n11,n0,Directed,95,2
n11,n1,Directed,96,2
n11,n2,Directed,97,1
n11,n7,Directed,98,2
n11,n11,Directed,99,1
n11,n12,Directed,100,1
n12,n0,Directed,101,14
n12,n1,Directed,102,4
n12,n2,Directed,103,1
n12,n3,Directed,104,3
n12,n4,Directed,105,4
n12,n5,Directed,106,1
n12,n6,Directed,107,10
n12,n7,Directed,108,1
n12,n8,Directed,109,6
n12,n9,Directed,110,1
n12,n10,Directed,111,1
n12,n13,Directed,112,3
n13,n0,Directed,113,7
n13,n1,Directed,114,10
n13,n2,Directed,115,5
n13,n3,Directed,116,1
n13,n4,Directed,117,3
n13,n5,Directed,118,2
n13,n6,Directed,119,4
n13,n10,Directed,120,1
n13,n12,Directed,121,3
