Source,Target,Type,Id,Weight
n0,n0,Directed,0,1
n0,n1,Directed,1,6
n0,n3,Directed,2,4
n0,n4,Directed,3,1
n0,n5,Directed,4,1
n0,n6,Directed,5,1
n0,n8,Directed,6,1
n0,n11,Directed,7,2
n0,n13,Directed,8,2
n1,n0,Directed,9,13
n1,n1,Directed,10,2
n1,n2,Directed,11,1
n1,n3,Directed,12,2
n1,n5,Directed,13,3
n1,n8,Directed,14,8
n1,n11,Directed,15,3
n1,n12,Directed,16,3
n1,n13,Directed,17,6
n2,n0,Directed,18,8
n2,n3,Directed,19,3
n2,n6,Directed,20,4
n2,n7,Directed,21,1
n2,n9,Directed,22,1
n2,n12,Directed,23,4
n3,n0,Directed,24,3
n3,n1,Directed,25,3
n3,n2,Directed,26,4
n3,n4,Directed,27,1
n3,n5,Directed,28,4
n3,n6,Directed,29,6
n3,n9,Directed,30,2
n3,n10,Directed,31,1
n3,n11,Directed,32,5
n3,n12,Directed,33,3
n3,n13,Directed,34,2
n4,n2,Directed,35,1
n4,n10,Directed,36,1
n5,n3,Directed,37,1
n5,n4,Directed,38,1
n5,n6,Directed,39,3
n5,n8,Directed,40,9
n5,n9,Directed,41,1
n5,n10,Directed,42,6
n5,n11,Directed,43,2
n5,n12,Directed,44,4
n5,n13,Directed,45,10
n6,n1,Directed,46,2
n6,n2,Directed,47,6
n6,n3,Directed,48,2
n6,n4,Directed,49,2
n6,n5,Directed,50,2
n6,n7,Directed,51,1
n6,n9,Directed,52,4
n6,n10,Directed,53,9
n6,n11,Directed,54,2
n6,n13,Directed,55,1
n7,n3,Directed,56,1
n7,n10,Directed,57,1
n8,n1,Directed,58,6
n8,n3,Directed,59,3
n8,n4,Directed,60,4
n8,n5,Directed,61,2
n8,n6,Directed,62,2
n8,n9,Directed,63,1
n8,n10,Directed,64,2
n8,n11,Directed,65,1
n8,n13,Directed,66,3
n9,n1,Directed,67,1
n9,n2,Directed,68,1
n9,n3,Directed,69,2
n9,n6,Directed,70,3
n9,n10,Directed,71,2
n10,n2,Directed,72,3
n10,n3,Directed,73,1
n10,n5,Directed,74,4
n10,n6,Directed,75,6
n10,n8,Directed,76,2
n10,n9,Directed,77,2
n10,n10,Directed,78,1
n10,n12,Directed,79,1
n10,n13,Directed,80,1
n11,n0,Directed,81,1
n11,n1,Directed,82,2
n11,n3,Directed,83,7
n11,n5,Directed,84,3
n11,n6,Directed,85,4
n11,n8,Directed,86,1
n11,n9,Directed,87,1
n11,n10,Directed,88,2
n11,n13,Directed,89,3
n12,n0,Directed,90,1
n12,n1,Directed,91,3
n12,n2,Directed,92,2
n12,n3,Directed,93,5
n12,n5,Directed,94,3
n12,n6,Directed,95,2
n12,n8,Directed,96,2
n12,n10,Directed,97,3
n12,n13,Directed,98,1
n13,n1,Directed,99,9
n13,n2,Directed,100,3
n13,n3,Directed,101,4
n13,n5,Directed,102,7
n13,n6,Directed,103,6
n13,n8,Directed,104,3
n13,n11,Directed,105,3
n13,n12,Directed,106,2
