Source,Target,Type,Id,Weight
n0,n10,Directed,0,1
n1,n9,Directed,1,2
n2,n3,Directed,2,1
n2,n4,Directed,3,1
n2,n5,Directed,4,1
n2,n6,Directed,5,2
n2,n8,Directed,6,1
n3,n1,Directed,7,1
n3,n2,Directed,8,1
n3,n5,Directed,9,3
n3,n6,Directed,10,1
n3,n9,Directed,11,3
n3,n10,Directed,12,5
n4,n1,Directed,13,2
n4,n3,Directed,14,2
n4,n5,Directed,15,1
n4,n8,Directed,16,2
n4,n9,Directed,17,1
n5,n1,Directed,18,1
n5,n3,Directed,19,3
n5,n4,Directed,20,2
n5,n5,Directed,21,1
n5,n6,Directed,22,1
n5,n7,Directed,23,1
n5,n9,Directed,24,1
n5,n10,Directed,25,2
n6,n2,Directed,26,3
n6,n3,Directed,27,1
n6,n5,Directed,28,1
n6,n9,Directed,29,1
n7,n1,Directed,30,1
n7,n9,Directed,31,1
n8,n1,Directed,32,1
n8,n4,Directed,33,1
n9,n1,Directed,34,1
n9,n3,Directed,35,3
n9,n4,Directed,36,1
n9,n5,Directed,37,3
n9,n6,Directed,38,1
n9,n7,Directed,39,1
n10,n3,Directed,40,1
n10,n5,Directed,41,2
n10,n7,Directed,42,1
n10,n9,Directed,43,3
