Source,Target,Type,Id,Weight
n0,n1,Directed,0,6
n0,n2,Directed,1,2
n0,n3,Directed,2,1
n0,n5,Directed,3,5
n0,n6,Directed,4,5
n0,n7,Directed,5,4
n0,n9,Directed,6,3
n0,n11,Directed,7,1
n0,n13,Directed,8,5
n1,n0,Directed,9,8
n1,n2,Directed,10,4
n1,n3,Directed,11,1
n1,n5,Directed,12,3
n1,n7,Directed,13,13
n1,n9,Directed,14,6
n1,n12,Directed,15,1
n1,n13,Directed,16,5
n2,n0,Directed,17,2
n2,n1,Directed,18,4
n2,n3,Directed,19,1
n2,n5,Directed,20,2
n2,n6,Directed,21,7
n2,n7,Directed,22,2
n2,n9,Directed,23,1
n2,n10,Directed,24,8
n2,n11,Directed,25,1
n2,n13,Directed,26,7
n3,n0,Directed,27,2
n3,n2,Directed,28,3
n3,n4,Directed,29,1
n3,n5,Directed,30,3
n3,n6,Directed,31,1
n3,n7,Directed,32,1
n3,n10,Directed,33,3
n3,n11,Directed,34,2
n5,n0,Directed,35,4
n5,n2,Directed,36,3
n5,n3,Directed,37,1
n5,n6,Directed,38,2
n5,n8,Directed,39,1
n5,n13,Directed,40,2
n6,n0,Directed,41,4
n6,n1,Directed,42,1
n6,n2,Directed,43,3
n6,n3,Directed,44,2
n6,n4,Directed,45,1
n6,n7,Directed,46,1
n6,n10,Directed,47,5
n6,n11,Directed,48,4
n6,n13,Directed,49,3
n7,n0,Directed,50,2
n7,n1,Directed,51,13
n7,n2,Directed,52,10
n7,n5,Directed,53,1
n7,n6,Directed,54,2
n7,n9,Directed,55,3
n7,n10,Directed,56,8
n7,n11,Directed,57,3
n7,n13,Directed,58,3
n8,n10,Directed,59,1
n9,n0,Directed,60,1
n9,n1,Directed,61,4
n9,n6,Directed,62,3
n9,n7,Directed,63,4
n9,n10,Directed,64,2
n9,n11,Directed,65,1
n9,n13,Directed,66,1
n10,n0,Directed,67,1
n10,n1,Directed,68,1
n10,n2,Directed,69,2
n10,n3,Directed,70,1
n10,n4,Directed,71,1
n10,n5,Directed,72,1
n10,n6,Directed,73,2
n10,n7,Directed,74,5
n10,n9,Directed,75,3
n10,n11,Directed,76,3
n11,n0,Directed,77,2
n11,n2,Directed,78,3
n11,n3,Directed,79,3
n11,n6,Directed,80,1
n11,n7,Directed,81,1
n11,n10,Directed,82,3
n11,n13,Directed,83,1
n12,n1,Directed,84,1
n12,n11,Directed,85,2
n13,n0,Directed,86,11
n13,n2,Directed,87,8
n13,n3,Directed,88,2
n13,n5,Directed,89,5
n13,n6,Directed,90,1
n13,n7,Directed,91,5
n13,n10,Directed,92,3
