Source,Target,Type,Id,Weight
n0,n2,Directed,0,1
n0,n7,Directed,1,2
n0,n11,Directed,2,1
n1,n2,Directed,3,5
n1,n3,Directed,4,2
n1,n5,Directed,5,3
n1,n6,Directed,6,3
n1,n7,Directed,7,2
n1,n9,Directed,8,2
n1,n12,Directed,9,5
n1,n13,Directed,10,1
n2,n0,Directed,11,2
n2,n1,Directed,12,7
n2,n3,Directed,13,6
n2,n4,Directed,14,8
n2,n5,Directed,15,3
n2,n6,Directed,16,1
n2,n7,Directed,17,1
n2,n8,Directed,18,11
n2,n10,Directed,19,4
n2,n11,Directed,20,5
n2,n12,Directed,21,3
n2,n13,Directed,22,11
n3,n1,Directed,23,6
n3,n2,Directed,24,5
n3,n4,Directed,25,2
n3,n5,Directed,26,2
n3,n7,Directed,27,3
n3,n9,Directed,28,1
n3,n12,Directed,29,1
n3,n13,Directed,30,1
n4,n2,Directed,31,5
n4,n3,Directed,32,1
n4,n5,Directed,33,2
n4,n6,Directed,34,1
n4,n7,Directed,35,4
n4,n8,Directed,36,4
n4,n9,Directed,37,2
n4,n10,Directed,38,3
n4,n11,Directed,39,1
n4,n13,Directed,40,3
n5,n1,Directed,41,1
n5,n2,Directed,42,2
n5,n3,Directed,43,2
n5,n4,Directed,44,1
n5,n7,Directed,45,2
n5,n8,Directed,46,2
n5,n10,Directed,47,1
n5,n12,Directed,48,1
n5,n13,Directed,49,3
n6,n1,Directed,50,2
n6,n7,Directed,51,1
n6,n11,Directed,52,1
n7,n8,Directed,53,2
n7,n11,Directed,54,5
n7,n12,Directed,55,1
n7,n13,Directed,56,2
n8,n2,Directed,57,4
n8,n3,Directed,58,1
n8,n4,Directed,59,4
n8,n5,Directed,60,2
n8,n7,Directed,61,2
n8,n8,Directed,62,1
n8,n10,Directed,63,1
n8,n13,Directed,64,4
n9,n1,Directed,65,1
n9,n2,Directed,66,1
n9,n4,Directed,67,2
n9,n7,Directed,68,1
n9,n10,Directed,69,1
n9,n11,Directed,70,1
n9,n12,Directed,71,1
n9,n13,Directed,72,3
n10,n2,Directed,73,3
n10,n4,Directed,74,2
n10,n5,Directed,75,1
n10,n6,Directed,76,1
n10,n7,Directed,77,4
n10,n8,Directed,78,2
n10,n9,Directed,79,4
n10,n12,Directed,80,4
n10,n13,Directed,81,8
n11,n0,Directed,82,1
n11,n2,Directed,83,4
n11,n4,Directed,84,4
n11,n6,Directed,85,1
n11,n7,Directed,86,2
n11,n12,Directed,87,1
n12,n1,Directed,88,4
n12,n2,Directed,89,3
n12,n4,Directed,90,2
n12,n9,Directed,91,2
n12,n10,Directed,92,11
n12,n13,Directed,93,6
n13,n0,Directed,94,1
n13,n1,Directed,95,4
n13,n2,Directed,96,18
n13,n3,Directed,97,7
n13,n4,Directed,98,5
n13,n5,Directed,99,1
n13,n6,Directed,100,1
n13,n7,Directed,101,1
n13,n8,Directed,102,1
n13,n9,Directed,103,1
n13,n10,Directed,104,2
n13,n11,Directed,105,1
n13,n12,Directed,106,10
