Source,Target,Type,Id,Weight
n0,n4,Directed,0,2
n0,n5,Directed,1,1
n0,n6,Directed,2,1
n1,n2,Directed,3,1
n1,n7,Directed,4,1
n2,n0,Directed,5,2
n2,n3,Directed,6,1
n2,n4,Directed,7,2
n2,n5,Directed,8,1
n2,n7,Directed,9,2
n2,n8,Directed,10,2
n2,n9,Directed,11,3
n3,n2,Directed,12,3
n3,n4,Directed,13,2
n3,n5,Directed,14,1
n3,n7,Directed,15,1
n3,n8,Directed,16,2
n3,n9,Directed,17,1
n4,n3,Directed,18,2
n4,n5,Directed,19,2
n4,n6,Directed,20,2
n4,n7,Directed,21,1
n4,n10,Directed,22,4
n5,n1,Directed,23,1
n5,n3,Directed,24,1
n5,n4,Directed,25,2
n5,n6,Directed,26,1
n5,n7,Directed,27,4
n5,n9,Directed,28,1
n5,n10,Directed,29,1
n6,n5,Directed,30,1
n6,n10,Directed,31,2
n7,n2,Directed,32,5
n7,n5,Directed,33,4
n7,n10,Directed,34,2
n8,n0,Directed,35,1
n8,n2,Directed,36,1
n8,n3,Directed,37,2
n8,n4,Directed,38,1
n8,n6,Directed,39,1
n8,n7,Directed,40,1
n8,n9,Directed,41,2
n9,n2,Directed,42,1
n9,n3,Directed,43,1
n9,n7,Directed,44,1
n9,n10,Directed,45,1
n10,n2,Directed,46,2
n10,n3,Directed,47,1
n10,n4,Directed,48,2
n10,n5,Directed,49,2
n10,n9,Directed,50,1
