Source,Target,Type,Id,Weight
n0,n1,Directed,0,4
n0,n2,Directed,1,1
n0,n4,Directed,2,3
n0,n5,Directed,3,1
n0,n6,Directed,4,2
n0,n9,Directed,5,2
n0,n11,Directed,6,1
n0,n12,Directed,7,1
n0,n13,Directed,8,2
n1,n0,Directed,9,9
n1,n2,Directed,10,4
n1,n4,Directed,11,5
n1,n5,Directed,12,1
n1,n6,Directed,13,2
n1,n7,Directed,14,6
n1,n8,Directed,15,6
n1,n9,Directed,16,1
n1,n10,Directed,17,1
n1,n11,Directed,18,1
n1,n12,Directed,19,6
n1,n13,Directed,20,6
n2,n0,Directed,21,3
n2,n2,Directed,22,1
n2,n3,Directed,23,2
n2,n4,Directed,24,1
n2,n5,Directed,25,5
n2,n6,Directed,26,10
n2,n7,Directed,27,13
n2,n8,Directed,28,1
n2,n9,Directed,29,2
n2,n10,Directed,30,1
n2,n11,Directed,31,2
n2,n12,Directed,32,3
n2,n13,Directed,33,8
n3,n2,Directed,34,4
n3,n3,Directed,35,2
n3,n5,Directed,36,1
n3,n6,Directed,37,8
n3,n7,Directed,38,1
n3,n13,Directed,39,1
n4,n0,Directed,40,4
n4,n1,Directed,41,2
n4,n2,Directed,42,1
n4,n5,Directed,43,1
n4,n8,Directed,44,1
n4,n9,Directed,45,2
n4,n12,Directed,46,2
n4,n13,Directed,47,7
n5,n2,Directed,48,1
n5,n3,Directed,49,1
n5,n6,Directed,50,5
n5,n7,Directed,51,2
n5,n9,Directed,52,1
n5,n10,Directed,53,1
n6,n0,Directed,54,2
n6,n1,Directed,55,4
n6,n2,Directed,56,14
n6,n3,Directed,57,4
n6,n5,Directed,58,3
n6,n7,Directed,59,3
n6,n9,Directed,60,1
n6,n10,Directed,61,1
n6,n11,Directed,62,2
n6,n13,Directed,63,4
n7,n0,Directed,64,1
n7,n1,Directed,65,8
n7,n2,Directed,66,11
n7,n3,Directed,67,3
n7,n4,Directed,68,1
n7,n5,Directed,69,3
n7,n6,Directed,70,3
n7,n8,Directed,71,2
n7,n9,Directed,72,1
n7,n11,Directed,73,1
n7,n12,Directed,74,14
n7,n13,Directed,75,4
n8,n1,Directed,76,2
n8,n2,Directed,77,3
n8,n3,Directed,78,2
n8,n5,Directed,79,2
n8,n7,Directed,80,2
n8,n8,Directed,81,1
n9,n1,Directed,82,1
n9,n4,Directed,83,1
n9,n5,Directed,84,1
n9,n6,Directed,85,3
n9,n12,Directed,86,1
n9,n13,Directed,87,2
n10,n6,Directed,88,2
n10,n11,Directed,89,1
n11,n0,Directed,90,2
n11,n2,Directed,91,1
n11,n6,Directed,92,2
n11,n9,Directed,93,2
n11,n13,Directed,94,2
n12,n1,Directed,95,18
n12,n2,Directed,96,1
n12,n5,Directed,97,1
n12,n6,Directed,98,3
n12,n7,Directed,99,11
n12,n8,Directed,100,1
n12,n13,Directed,101,1
n13,n0,Directed,102,2
n13,n1,Directed,103,8
n13,n2,Directed,104,9
n13,n3,Directed,105,6
n13,n4,Directed,106,4
n13,n6,Directed,107,6
n13,n7,Directed,108,6
n13,n9,Directed,109,1
n13,n12,Directed,110,3
