Source,Target,Type,Id,Weight
n0,n4,Directed,0,1
n1,n10,Directed,1,1
n2,n3,Directed,2,2
n2,n4,Directed,3,1
n2,n7,Directed,4,1
n2,n9,Directed,5,1
n2,n10,Directed,6,2
n3,n4,Directed,7,1
n3,n5,Directed,8,2
n3,n7,Directed,9,1
n3,n8,Directed,10,1
n3,n10,Directed,11,1
n4,n1,Directed,12,1
n4,n3,Directed,13,1
n4,n5,Directed,14,4
n4,n6,Directed,15,2
n4,n7,Directed,16,1
n5,n2,Directed,17,1
n5,n3,Directed,18,1
n5,n4,Directed,19,3
n5,n7,Directed,20,4
n5,n8,Directed,21,1
n6,n4,Directed,22,1
n6,n5,Directed,23,1
n6,n10,Directed,24,1
n7,n0,Directed,25,1
n7,n2,Directed,26,5
n7,n5,Directed,27,4
n7,n6,Directed,28,1
n8,n1,Directed,29,1
n8,n3,Directed,30,2
n9,n2,Directed,31,1
n9,n8,Directed,32,1
n10,n2,Directed,33,1
n10,n4,Directed,34,3
