Source,Target,Type,Id,Weight
n0,n0,Directed,0,1
n0,n3,Directed,1,1
n0,n5,Directed,2,1
n0,n6,Directed,3,1
n1,n8,Directed,4,1
n2,n3,Directed,5,3
n2,n4,Directed,6,1
n2,n5,Directed,7,2
n2,n7,Directed,8,1
n2,n8,Directed,9,1
n3,n0,Directed,10,3
n3,n1,Directed,11,1
n3,n2,Directed,12,2
n3,n5,Directed,13,1
n3,n7,Directed,14,3
n3,n8,Directed,15,2
n3,n9,Directed,16,3
n4,n5,Directed,17,3
n4,n7,Directed,18,1
n4,n10,Directed,19,2
n5,n0,Directed,20,1
n5,n2,Directed,21,1
n5,n3,Directed,22,1
n5,n4,Directed,23,3
n5,n6,Directed,24,2
n5,n7,Directed,25,6
n5,n10,Directed,26,1
n7,n2,Directed,27,1
n7,n3,Directed,28,8
n7,n4,Directed,29,1
n7,n5,Directed,30,3
n7,n10,Directed,31,1
n8,n1,Directed,32,1
n8,n2,Directed,33,3
n8,n3,Directed,34,1
n8,n7,Directed,35,1
n8,n9,Directed,36,1
n9,n3,Directed,37,2
n9,n8,Directed,38,1
n10,n6,Directed,39,1
