Source,Target,Type,Id,Weight
n0,n2,Directed,0,1
n1,n3,Directed,1,2
n2,n0,Directed,2,1
n2,n5,Directed,3,2
n2,n6,Directed,4,1
n2,n7,Directed,5,1
n2,n8,Directed,6,1
n3,n4,Directed,7,2
n3,n8,Directed,8,1
n3,n9,Directed,9,1
n3,n10,Directed,10,1
n4,n5,Directed,11,3
n4,n7,Directed,12,1
n4,n8,Directed,13,2
n4,n9,Directed,14,2
n5,n0,Directed,15,1
n5,n2,Directed,16,3
n5,n4,Directed,17,1
n5,n10,Directed,18,2
n6,n10,Directed,19,1
n7,n8,Directed,20,1
n8,n1,Directed,21,1
n8,n3,Directed,22,1
n8,n4,Directed,23,1
n8,n6,Directed,24,1
n8,n7,Directed,25,1
n9,n2,Directed,26,1
n9,n4,Directed,27,2
n9,n6,Directed,28,1
n9,n8,Directed,29,1
n9,n10,Directed,30,3
n10,n4,Directed,31,1
n10,n9,Directed,32,3
n10,n10,Directed,33,2
