MatchID,TeamID,OriginPlayerID,DestinationPlayerID,MatchPeriod,EventTime,EventSubType,EventOrigin_x,EventOrigin_y,EventDestination_x,EventDestination_y
4,Opponent4,Opponent4_M1,Opponent4_D1,1H,1.1216419999999996,Simple pass,50,51,26.0,27.0
4,Opponent4,Opponent4_D1,Opponent4_D2,1H,2.972736999999998,Simple pass,26,27,25.0,51.0
4,Opponent4,Opponent4_D2,Opponent4_D3,1H,5.563289000000001,Simple pass,25,51,23.0,79.0
4,Opponent4,Opponent4_D3,Opponent4_D4,1H,8.062656,Simple pass,23,79,26.0,96.0
4,Opponent4,Opponent4_D4,Opponent4_D3,1H,10.918924,Simple pass,26,96,24.0,82.0
4,Huskies,Huskies_D4,Huskies_M3,1H,14.356845,Simple pass,58,6,61.0,7.0
4,Huskies,Huskies_M3,Huskies_M6,1H,16.530852,Simple pass,61,7,69.0,3.0
4,Huskies,Huskies_M6,Huskies_D4,1H,17.154201,Simple pass,69,3,63.0,5.0
4,Opponent4,Opponent4_M3,Opponent4_D2,1H,21.932058,Simple pass,30,65,23.0,62.0
4,Opponent4,Opponent4_D2,Opponent4_D1,1H,24.151356,Simple pass,23,62,22.0,42.0
4,Opponent4,Opponent4_D1,Opponent4_G1,1H,25.122425,Simple pass,22,42,5.0,37.0
4,Huskies,Huskies_D2,Huskies_D4,1H,34.141785,Simple pass,41,3,62.0,4.0
4,Huskies,Huskies_M6,Huskies_F3,1H,39.314738,Simple pass,71,3,70.0,12.0
4,Huskies,Huskies_M2,Huskies_M6,1H,59.255034,Simple pass,92,11,89.0,8.0
4,Huskies,Huskies_M6,Huskies_F2,1H,60.924219,Cross,89,8,92.0,63.0
4,Huskies,Huskies_D5,Huskies_F2,1H,81.811714,Head pass,58,95,73.0,93.0
4,Huskies,Huskies_M1,Huskies_D2,1H,85.583365,Simple pass,63,70,36.0,51.0
4,Huskies,Huskies_D2,Huskies_G1,1H,88.877847,Simple pass,36,51,9.0,47.0
4,Huskies,Huskies_G1,Huskies_D5,1H,95.219584,High pass,9,47,42.0,82.0
4,Opponent4,Opponent4_M1,Opponent4_D5,1H,133.638339,Head pass,27,17,19.0,8.0
4,Huskies,Huskies_D2,Huskies_G1,1H,142.160197,Simple pass,25,85,11.0,45.0
4,Huskies,Huskies_G1,Huskies_D4,1H,145.35104,Simple pass,11,45,30.0,3.0
4,Opponent4,Opponent4_M3,Opponent4_D4,1H,153.010553,Simple pass,61,79,56.0,96.0
4,Opponent4,Opponent4_M1,Opponent4_D4,1H,161.869458,Simple pass,59,82,60.0,97.0
4,Opponent4,Opponent4_D4,Opponent4_D3,1H,162.953181,Simple pass,60,97,29.0,94.0
4,Opponent4,Opponent4_D3,Opponent4_D2,1H,165.96209,Simple pass,29,94,28.0,52.0
4,Opponent4,Opponent4_D2,Opponent4_D1,1H,168.605124,Simple pass,28,52,32.0,34.0
4,Opponent4,Opponent4_D1,Opponent4_M2,1H,172.020666,Simple pass,32,34,39.0,60.0
4,Opponent4,Opponent4_M2,Opponent4_M3,1H,176.452467,Simple pass,39,60,45.0,67.0
4,Opponent4,Opponent4_M3,Opponent4_D4,1H,180.82351,Simple pass,45,67,53.0,93.0
4,Opponent4,Opponent4_D4,Opponent4_D3,1H,184.509599,Simple pass,53,93,32.0,67.0
4,Opponent4,Opponent4_D3,Opponent4_D2,1H,187.611385,Simple pass,32,67,33.0,44.0
4,Opponent4,Opponent4_D2,Opponent4_D1,1H,190.499099,Simple pass,33,44,31.0,27.0
4,Opponent4,Opponent4_D1,Opponent4_D3,1H,192.80107,Simple pass,31,27,36.0,71.0
4,Opponent4,Opponent4_D3,Opponent4_F1,1H,198.227035,Simple pass,36,71,67.0,65.0
4,Huskies,Huskies_D4,Huskies_M6,1H,200.171128,Simple pass,22,13,36.0,10.0
4,Huskies,Huskies_M6,Huskies_F2,1H,202.43235,Simple pass,36,10,48.0,16.0
4,Huskies,Huskies_F2,Huskies_M2,1H,203.66695,Simple pass,48,16,38.0,31.0
4,Huskies,Huskies_M2,Huskies_M6,1H,204.13089,Simple pass,38,31,36.0,10.0
4,Huskies,Huskies_M6,Huskies_M3,1H,206.070195,Simple pass,36,10,33.0,26.0
4,Huskies,Huskies_M3,Huskies_D4,1H,207.278606,Simple pass,33,26,35.0,3.0
4,Huskies,Huskies_D4,Huskies_G1,1H,209.958226,Simple pass,35,3,8.0,44.0
4,Huskies,Huskies_G1,Huskies_F2,1H,212.562823,Launch,8,44,65.0,30.0
4,Opponent4,Opponent4_D4,Opponent4_G1,1H,219.429925,Simple pass,29,78,5.0,52.0
4,Opponent4,Opponent4_G1,Opponent4_D1,1H,222.020185,Simple pass,5,52,12.0,32.0
4,Opponent4,Opponent4_D1,Opponent4_D2,1H,225.305982,Simple pass,12,32,14.0,50.0
4,Opponent4,Opponent4_D2,Opponent4_G1,1H,227.794489,Simple pass,14,50,5.0,48.0
4,Huskies,Huskies_M1,Huskies_D5,1H,241.241597,Head pass,46,49,68.0,96.0
4,Huskies,Huskies_D5,Huskies_F2,1H,244.496668,Simple pass,68,96,70.0,70.0
4,Opponent4,Opponent4_M3,Opponent4_G1,1H,248.178655,Simple pass,27,45,7.0,50.0
4,Opponent4,Opponent4_D3,Opponent4_G1,1H,258.209058,Simple pass,14,82,6.0,53.0
4,Huskies,Huskies_F3,Huskies_D4,1H,275.604542,Simple pass,66,18,63.0,1.0
4,Huskies,Huskies_D4,Huskies_F3,1H,275.974251,Simple pass,63,1,65.0,16.0
4,Opponent4,Opponent4_D4,Opponent4_M1,1H,279.411555,Simple pass,29,91,36.0,75.0
4,Opponent4,Opponent4_D5,Opponent4_D1,1H,330.331789,Simple pass,83,9,71.0,21.0
4,Opponent4,Opponent4_D1,Opponent4_M3,1H,332.511024,Simple pass,71,21,69.0,46.0
4,Huskies,Huskies_D4,Huskies_M2,1H,338.378548,Simple pass,20,15,25.0,27.0
4,Huskies,Huskies_M2,Huskies_M6,1H,338.710197,Simple pass,25,27,34.0,14.0
4,Huskies,Huskies_M6,Huskies_M2,1H,339.790653,Simple pass,34,14,28.0,39.0
4,Huskies,Huskies_M2,Huskies_D4,1H,340.675932,Simple pass,28,39,25.0,11.0
4,Huskies,Huskies_D4,Huskies_F2,1H,343.285038,High pass,25,11,48.0,31.0
4,Huskies,Huskies_F2,Huskies_M1,1H,344.640404,Simple pass,48,31,50.0,61.0
4,Huskies,Huskies_M1,Huskies_D5,1H,349.128179,Simple pass,50,61,60.0,94.0
4,Huskies,Huskies_D5,Huskies_F2,1H,351.349929,Simple pass,60,94,68.0,71.0
4,Huskies,Huskies_F2,Huskies_D5,1H,353.538035,Smart pass,68,71,93.0,77.0
4,Huskies,Huskies_D5,Huskies_F3,1H,356.673449,Cross,93,77,91.0,56.0
4,Huskies,Huskies_D2,Huskies_M1,1H,381.478453,Head pass,30,19,42.0,46.0
4,Opponent4,Opponent4_M2,Opponent4_D5,1H,386.044006,Simple pass,68,51,77.0,17.0
4,Opponent4,Opponent4_D5,Opponent4_M1,1H,388.30414,Simple pass,77,17,84.0,40.0
4,Huskies,Huskies_F2,Huskies_D1,1H,396.114071,Simple pass,23,65,10.0,65.0
4,Huskies,Huskies_D1,Huskies_M2,1H,398.717225,High pass,10,65,41.0,82.0
4,Huskies,Huskies_D2,Huskies_D1,1H,422.382592,Simple pass,31,30,29.0,61.0
4,Huskies,Huskies_D1,Huskies_D5,1H,425.917653,Simple pass,29,61,32.0,95.0
4,Opponent4,Opponent4_D1,Opponent4_M1,1H,429.759989,Head pass,27,20,40.0,13.0
4,Opponent4,Opponent4_M1,Opponent4_D1,1H,431.322524,Simple pass,40,13,28.0,20.0
4,Opponent4,Opponent4_D1,Opponent4_M1,1H,433.863524,Simple pass,28,20,34.0,10.0
4,Opponent4,Opponent4_M1,Opponent4_D1,1H,437.112352,Simple pass,34,10,28.0,25.0
4,Opponent4,Opponent4_D1,Opponent4_D2,1H,438.534083,Simple pass,28,25,28.0,54.0
4,Opponent4,Opponent4_D2,Opponent4_D3,1H,441.359466,Simple pass,28,54,30.0,76.0
4,Huskies,Huskies_F2,Huskies_F3,1H,474.824214,Head pass,60,73,52.0,92.0
4,Huskies,Huskies_F3,Huskies_D5,1H,475.488741,Simple pass,52,92,33.0,98.0
4,Huskies,Huskies_D5,Huskies_G1,1H,478.976429,Simple pass,33,98,12.0,48.0
4,Huskies,Huskies_G1,Huskies_D2,1H,483.112594,Simple pass,12,48,21.0,30.0
4,Huskies,Huskies_D2,Huskies_D1,1H,485.739838,Simple pass,21,30,29.0,67.0
4,Huskies,Huskies_D1,Huskies_D5,1H,489.708749,Simple pass,29,67,29.0,90.0
4,Huskies,Huskies_D5,Huskies_F3,1H,492.059264,Simple pass,29,90,40.0,98.0
4,Opponent4,Opponent4_M1,Opponent4_F1,1H,496.439917,Simple pass,75,5,78.0,25.0
4,Huskies,Huskies_F3,Huskies_D5,1H,498.484648,Simple pass,33,97,23.0,80.0
4,Huskies,Huskies_D5,Huskies_M1,1H,499.424985,Simple pass,23,80,31.0,69.0
4,Huskies,Huskies_F3,Huskies_M6,1H,554.392348,Simple pass,69,25,79.0,4.0
4,Huskies,Huskies_M6,Huskies_F3,1H,556.466992,Simple pass,79,4,70.0,5.0
4,Huskies,Huskies_F3,Huskies_D2,1H,558.405966,Cross,70,5,89.0,48.0
4,Huskies,Huskies_D1,Huskies_D2,1H,588.377563,Head pass,25,66,26.0,65.0
4,Huskies,Huskies_M1,Huskies_F2,1H,592.545276,Simple pass,33,67,46.0,57.0
4,Opponent4,Opponent4_D1,Opponent4_M2,1H,595.903445,Simple pass,55,45,68.0,44.0
4,Huskies,Huskies_M3,Huskies_M1,1H,649.968068,Simple pass,43,53,31.0,56.0
4,Huskies,Huskies_M1,Huskies_D2,1H,651.994541,Simple pass,31,56,28.0,22.0
4,Huskies,Huskies_D1,Huskies_G1,1H,681.015954,Simple pass,13,40,7.0,65.0
4,Opponent4,Opponent4_D1,Opponent4_D5,1H,696.782145,Simple pass,60,11,85.0,5.0
4,Opponent4,Opponent4_D5,Opponent4_M4,1H,699.798531,Cross,85,5,89.0,38.0
4,Opponent4,Opponent4_M4,Opponent4_M1,1H,702.569035,Simple pass,89,38,86.0,49.0
4,Huskies,Huskies_M1,Huskies_M2,1H,738.027589,Head pass,57,42,63.0,35.0
4,Huskies,Huskies_M2,Huskies_D5,1H,738.9343,Head pass,63,35,58.0,91.0
4,Huskies,Huskies_D5,Huskies_F2,1H,741.867779,Simple pass,58,91,59.0,65.0
4,Huskies,Huskies_F2,Huskies_M1,1H,743.93668,Simple pass,59,65,54.0,46.0
4,Huskies,Huskies_M1,Huskies_M6,1H,746.210127,Simple pass,54,46,67.0,26.0
4,Huskies,Huskies_M6,Huskies_D4,1H,748.244799,Simple pass,67,26,65.0,4.0
4,Huskies,Huskies_D4,Huskies_F3,1H,752.409309,Simple pass,65,4,95.0,16.0
4,Huskies,Huskies_D5,Huskies_F3,1H,854.742509,High pass,28,89,72.0,95.0
4,Opponent4,Opponent4_M3,Opponent4_D5,1H,876.667388,Simple pass,57,15,51.0,5.0
4,Opponent4,Opponent4_D5,Opponent4_D1,1H,878.166166,Simple pass,51,5,30.0,8.0
4,Opponent4,Opponent4_D1,Opponent4_D2,1H,879.730632,Simple pass,30,8,27.0,41.0
4,Opponent4,Opponent4_D2,Opponent4_D3,1H,882.843185,Simple pass,27,41,29.0,68.0
4,Opponent4,Opponent4_D3,Opponent4_M1,1H,888.985038,Simple pass,42,62,71.0,38.0
4,Opponent4,Opponent4_M1,Opponent4_D5,1H,890.877139,Simple pass,71,38,97.0,15.0
4,Opponent4,Opponent4_D5,Opponent4_M2,1H,893.914144,Cross,97,15,89.0,47.0
4,Opponent4,Opponent4_M1,Opponent4_F1,1H,900.43458,Cross,93,13,97.0,44.0
4,Opponent4,Opponent4_D2,Opponent4_D5,1H,938.02186,Head pass,24,58,23.0,10.0
4,Huskies,Huskies_D1,Huskies_D5,1H,946.999745,Head pass,33,87,51.0,89.0
4,Huskies,Huskies_D5,Huskies_M1,1H,949.440395,Simple pass,51,89,45.0,65.0
4,Huskies,Huskies_M1,Huskies_D4,1H,953.079048,High pass,45,65,33.0,9.0
4,Huskies,Huskies_D4,Huskies_D2,1H,956.43352,Simple pass,33,9,35.0,27.0
4,Huskies,Huskies_D2,Huskies_D4,1H,959.874365,Simple pass,35,27,33.0,7.0
4,Huskies,Huskies_D4,Huskies_M6,1H,961.89568,Simple pass,33,7,49.0,11.0
4,Opponent4,Opponent4_D3,Opponent4_D4,1H,966.918028,Simple pass,43,96,56.0,97.0
4,Opponent4,Opponent4_D4,Opponent4_M2,1H,967.848483,Simple pass,56,97,54.0,90.0
4,Opponent4,Opponent4_M3,Opponent4_F1,1H,974.771351,Simple pass,58,71,67.0,97.0
4,Opponent4,Opponent4_F1,Opponent4_D4,1H,978.903548,Simple pass,67,97,65.0,97.0
4,Opponent4,Opponent4_D4,Opponent4_M1,1H,981.085649,Simple pass,65,97,60.0,61.0
4,Opponent4,Opponent4_M1,Opponent4_D1,1H,983.867863,Simple pass,60,61,68.0,33.0
4,Opponent4,Opponent4_D5,Opponent4_M4,1H,990.453686,Cross,88,5,99.0,98.0
4,Opponent4,Opponent4_D4,Opponent4_D5,1H,1029.668743,Head pass,68,83,54.0,48.0
4,Opponent4,Opponent4_D5,Opponent4_M1,1H,1033.859983,High pass,54,48,85.0,95.0
4,Opponent4,Opponent4_M1,Opponent4_D3,1H,1071.213573,Simple pass,35,57,29.0,64.0
4,Opponent4,Opponent4_D3,Opponent4_D5,1H,1072.148423,Simple pass,29,64,23.0,11.0
4,Huskies,Huskies_G1,Huskies_M1,1H,1083.877746,Hand pass,10,42,31.0,91.0
4,Opponent4,Opponent4_M1,Opponent4_M4,1H,1089.158799,Simple pass,60,18,71.0,19.0
4,Opponent4,Opponent4_D2,Opponent4_F1,1H,1118.951425,High pass,39,31,72.0,42.0
4,Opponent4,Opponent4_F1,Opponent4_M2,1H,1120.654663,Simple pass,72,42,66.0,46.0
4,Huskies,Huskies_G1,Huskies_M6,1H,1137.622741,Simple pass,12,50,41.0,19.0
4,Huskies,Huskies_M6,Huskies_D2,1H,1140.7466,Simple pass,41,19,33.0,9.0
4,Huskies,Huskies_D2,Huskies_M3,1H,1141.878173,Simple pass,33,9,16.0,29.0
4,Huskies,Huskies_M3,Huskies_G1,1H,1146.700823,Simple pass,16,29,6.0,48.0
4,Opponent4,Opponent4_D4,Opponent4_G1,1H,1157.456128,Head pass,24,83,13.0,57.0
4,Opponent4,Opponent4_G1,Opponent4_D2,1H,1163.110435,Hand pass,13,57,23.0,63.0
4,Opponent4,Opponent4_D2,Opponent4_D3,1H,1165.25742,Simple pass,23,63,29.0,79.0
4,Opponent4,Opponent4_D3,Opponent4_M1,1H,1169.281106,Simple pass,29,79,43.0,28.0
4,Huskies,Huskies_F2,Huskies_M2,1H,1182.143318,Simple pass,34,67,47.0,50.0
4,Huskies,Huskies_M2,Huskies_M6,1H,1184.733971,Simple pass,47,50,64.0,32.0
4,Huskies,Huskies_M6,Huskies_M2,1H,1188.319084,Simple pass,64,32,84.0,14.0
4,Huskies,Huskies_M2,Huskies_M2,1H,1195.61138,Simple pass,79,18,94.0,3.0
4,Huskies,Huskies_G1,Huskies_D5,1H,1236.320168,Hand pass,12,47,28.0,97.0
4,Huskies,Huskies_D5,Huskies_F2,1H,1239.057413,Simple pass,28,97,39.0,95.0
4,Huskies,Huskies_F2,Huskies_D5,1H,1241.292165,Simple pass,39,95,49.0,82.0
4,Huskies,Huskies_D5,Huskies_F3,1H,1246.880814,Simple pass,69,83,84.0,82.0
4,Huskies,Huskies_F3,Huskies_F2,1H,1249.933534,Simple pass,84,82,77.0,86.0
4,Huskies,Huskies_M1,Huskies_D4,1H,1287.460909,Simple pass,65,4,71.0,3.0
4,Huskies,Huskies_D4,Huskies_M1,1H,1288.508384,Simple pass,71,3,62.0,7.0
4,Huskies,Huskies_M1,Huskies_D1,1H,1290.492757,Simple pass,62,7,50.0,54.0
4,Huskies,Huskies_D1,Huskies_D5,1H,1293.434122,Simple pass,50,54,53.0,87.0
4,Huskies,Huskies_D5,Huskies_D1,1H,1295.264175,Simple pass,53,87,32.0,70.0
4,Huskies,Huskies_D1,Huskies_G1,1H,1299.411531,Simple pass,32,70,15.0,44.0
4,Huskies,Huskies_G1,Huskies_D2,1H,1301.897053,Simple pass,15,44,31.0,7.0
4,Huskies,Huskies_D2,Huskies_G1,1H,1306.404279,Simple pass,31,7,9.0,19.0
4,Huskies,Huskies_G1,Huskies_M6,1H,1310.297888,Launch,9,19,61.0,8.0
4,Huskies,Huskies_M3,Huskies_D1,1H,1344.75827,Simple pass,45,76,29.0,63.0
4,Huskies,Huskies_D1,Huskies_D2,1H,1346.724923,Simple pass,29,63,36.0,19.0
4,Opponent4,Opponent4_D3,Opponent4_G1,1H,1356.276077,Simple pass,10,74,7.0,50.0
4,Huskies,Huskies_D1,Huskies_D5,1H,1364.26216,Simple pass,38,72,48.0,92.0
4,Huskies,Huskies_D5,Huskies_D1,1H,1366.600321,Simple pass,48,92,31.0,65.0
4,Huskies,Huskies_D1,Huskies_M3,1H,1369.605355,Simple pass,31,65,42.0,65.0
4,Huskies,Huskies_M3,Huskies_D1,1H,1370.059785,Simple pass,42,65,29.0,63.0
4,Huskies,Huskies_D1,Huskies_D2,1H,1370.616959,Simple pass,29,63,33.0,35.0
4,Huskies,Huskies_D2,Huskies_D4,1H,1373.849411,Simple pass,33,35,33.0,8.0
4,Huskies,Huskies_D4,Huskies_D2,1H,1377.009966,Simple pass,33,8,33.0,14.0
4,Opponent4,Opponent4_M1,Opponent4_D1,1H,1396.613616,Simple pass,52,66,45.0,49.0
4,Opponent4,Opponent4_D1,Opponent4_D5,1H,1400.385396,Simple pass,69,39,92.0,16.0
4,Opponent4,Opponent4_D1,Opponent4_M3,1H,1414.817015,Simple pass,68,15,68.0,27.0
4,Opponent4,Opponent4_M3,Opponent4_M2,1H,1417.281207,Simple pass,68,27,73.0,50.0
4,Opponent4,Opponent4_M2,Opponent4_D2,1H,1418.112731,Simple pass,73,50,55.0,50.0
4,Opponent4,Opponent4_D2,Opponent4_D3,1H,1420.342946,Simple pass,55,50,62.0,70.0
4,Opponent4,Opponent4_D3,Opponent4_D5,1H,1422.947697,High pass,62,70,82.0,9.0
4,Opponent4,Opponent4_D5,Opponent4_M3,1H,1428.597977,Simple pass,82,9,70.0,44.0
4,Opponent4,Opponent4_D2,Opponent4_D1,1H,1445.403422,Simple pass,15,9,27.0,28.0
4,Opponent4,Opponent4_D1,Opponent4_G1,1H,1446.523666,Simple pass,27,28,4.0,44.0
4,Opponent4,Opponent4_G1,Opponent4_D3,1H,1452.012091,Simple pass,4,44,10.0,63.0
4,Huskies,Huskies_M6,Huskies_D4,1H,1459.841534,Simple pass,71,13,63.0,2.0
4,Huskies,Huskies_D4,Huskies_M3,1H,1462.265455,Simple pass,63,2,52.0,17.0
4,Huskies,Huskies_M3,Huskies_D2,1H,1463.748418,Simple pass,52,17,36.0,25.0
4,Huskies,Huskies_D2,Huskies_D1,1H,1465.725359,Simple pass,36,25,30.0,63.0
4,Opponent4,Opponent4_G1,Opponent4_D3,1H,1480.050698,Hand pass,13,42,21.0,65.0
4,Opponent4,Opponent4_M4,Opponent4_M2,1H,1491.397142,Simple pass,58,68,65.0,68.0
4,Opponent4,Opponent4_M2,Opponent4_M4,1H,1492.151485,Simple pass,65,68,62.0,83.0
4,Opponent4,Opponent4_M4,Opponent4_M3,1H,1497.193311,Simple pass,62,83,59.0,71.0
4,Opponent4,Opponent4_M3,Opponent4_D1,1H,1498.834923,Simple pass,59,71,59.0,24.0
4,Opponent4,Opponent4_D1,Opponent4_D5,1H,1501.971806,Simple pass,59,24,75.0,13.0
4,Opponent4,Opponent4_D5,Opponent4_M3,1H,1505.718922,Simple pass,75,13,69.0,35.0
4,Opponent4,Opponent4_M2,Opponent4_G1,1H,1581.165758,Simple pass,35,78,18.0,66.0
4,Opponent4,Opponent4_G1,Opponent4_M2,1H,1584.341022,Simple pass,18,66,24.0,84.0
4,Opponent4,Opponent4_M2,Opponent4_D2,1H,1587.703154,Simple pass,24,84,25.0,41.0
4,Opponent4,Opponent4_D2,Opponent4_M3,1H,1590.912727,Simple pass,25,41,32.0,51.0
4,Opponent4,Opponent4_M3,Opponent4_D3,1H,1594.817692,Simple pass,32,51,39.0,69.0
4,Opponent4,Opponent4_D3,Opponent4_D5,1H,1597.501303,High pass,39,69,78.0,7.0
4,Opponent4,Opponent4_M2,Opponent4_M1,1H,1607.077275,Simple pass,72,49,78.0,43.0
4,Opponent4,Opponent4_M1,Opponent4_D4,1H,1607.931817,Simple pass,78,43,73.0,77.0
4,Opponent4,Opponent4_D4,Opponent4_F1,1H,1610.999742,Simple pass,73,77,86.0,92.0
4,Opponent4,Opponent4_F1,Opponent4_D4,1H,1615.210089,Simple pass,86,92,75.0,92.0
4,Opponent4,Opponent4_D4,Opponent4_M3,1H,1616.713523,Simple pass,75,92,73.0,74.0
4,Opponent4,Opponent4_M3,Opponent4_M1,1H,1618.266338,Simple pass,73,74,69.0,60.0
4,Opponent4,Opponent4_M1,Opponent4_D2,1H,1620.445659,Simple pass,69,60,57.0,48.0
4,Opponent4,Opponent4_D2,Opponent4_D1,1H,1623.055456,Simple pass,57,48,67.0,28.0
4,Opponent4,Opponent4_D1,Opponent4_D5,1H,1624.677212,Simple pass,67,28,86.0,9.0
4,Opponent4,Opponent4_D4,Opponent4_F1,1H,1661.963306,Simple pass,71,92,79.0,85.0
4,Opponent4,Opponent4_D3,Opponent4_F1,1H,1746.448401,High pass,14,79,60.0,83.0
4,Opponent4,Opponent4_F1,Opponent4_M2,1H,1754.428868,Cross,88,75,92.0,57.0
4,Huskies,Huskies_F3,Huskies_D4,1H,1792.389208,Simple pass,65,10,69.0,3.0
4,Opponent4,Opponent4_D3,Opponent4_D4,1H,1797.677029,Simple pass,25,71,26.0,98.0
4,Huskies,Huskies_D1,Huskies_M1,1H,1801.470297,Simple pass,30,47,36.0,17.0
4,Huskies,Huskies_M1,Huskies_D2,1H,1806.160156,Simple pass,36,17,28.0,8.0
4,Huskies,Huskies_D2,Huskies_G1,1H,1810.632288,Simple pass,28,8,10.0,50.0
4,Huskies,Huskies_G1,Huskies_D1,1H,1813.54264,Simple pass,10,50,29.0,93.0
4,Huskies,Huskies_D1,Huskies_D5,1H,1819.584369,Simple pass,35,90,68.0,94.0
4,Huskies,Huskies_M1,Huskies_M6,1H,1830.206042,Head pass,63,31,74.0,22.0
4,Huskies,Huskies_M6,Huskies_D4,1H,1831.974129,Simple pass,74,22,85.0,6.0
4,Huskies,Huskies_D4,Huskies_D5,1H,1834.46835,Cross,85,6,86.0,93.0
4,Huskies,Huskies_D5,Huskies_M3,1H,1839.13106,Simple pass,86,93,66.0,70.0
4,Huskies,Huskies_M3,Huskies_M1,1H,1841.904149,Simple pass,66,70,71.0,40.0
4,Huskies,Huskies_M1,Huskies_D4,1H,1844.125934,Simple pass,71,40,60.0,18.0
4,Huskies,Huskies_D4,Huskies_M2,1H,1848.210864,Simple pass,60,18,67.0,27.0
4,Huskies,Huskies_M6,Huskies_D4,1H,1867.590356,Simple pass,61,21,76.0,6.0
4,Huskies,Huskies_D1,Huskies_M3,1H,1873.365702,Simple pass,47,49,55.0,61.0
4,Huskies,Huskies_M3,Huskies_D2,1H,1891.832706,Simple pass,71,84,47.0,42.0
4,Huskies,Huskies_D2,Huskies_D4,1H,1894.565185,Simple pass,47,42,54.0,3.0
4,Huskies,Huskies_D4,Huskies_D2,1H,1897.620945,Simple pass,54,3,34.0,25.0
4,Huskies,Huskies_D2,Huskies_D1,1H,1901.219877,Simple pass,34,25,42.0,75.0
4,Huskies,Huskies_D1,Huskies_D5,1H,1905.487487,Simple pass,42,75,66.0,95.0
4,Huskies,Huskies_D5,Huskies_M2,1H,1905.904617,Simple pass,66,95,71.0,68.0
4,Opponent4,Opponent4_D2,Opponent4_D1,1H,1912.410225,Simple pass,23,30,21.0,17.0
4,Huskies,Huskies_D1,Huskies_G1,1H,1919.997217,Simple pass,17,82,12.0,41.0
4,Huskies,Huskies_G1,Huskies_D4,1H,1923.434637,High pass,12,41,63.0,12.0
4,Huskies,Huskies_M6,Huskies_D4,1H,1982.053007,Simple pass,74,15,62.0,3.0
4,Huskies,Huskies_D4,Huskies_M6,1H,1982.892099,Simple pass,62,3,68.0,12.0
4,Huskies,Huskies_M6,Huskies_F3,1H,1983.671228,Simple pass,68,12,84.0,3.0
4,Opponent4,Opponent4_D5,Opponent4_D1,1H,1991.528951,Simple pass,4,11,24.0,29.0
4,Opponent4,Opponent4_D1,Opponent4_M4,1H,1993.832528,Simple pass,24,29,30.0,58.0
4,Huskies,Huskies_D4,Huskies_D2,1H,2001.689766,Simple pass,38,11,31.0,22.0
4,Huskies,Huskies_D2,Huskies_M3,1H,2002.508476,Simple pass,31,22,40.0,42.0
4,Huskies,Huskies_M3,Huskies_F3,1H,2006.231253,High pass,40,42,65.0,6.0
4,Huskies,Huskies_M3,Huskies_D5,1H,2026.406831,Simple pass,59,30,62.0,84.0
4,Huskies,Huskies_D5,Huskies_M3,1H,2029.195219,Simple pass,62,84,51.0,59.0
4,Huskies,Huskies_M3,Huskies_M1,1H,2033.611223,Simple pass,51,59,48.0,43.0
4,Huskies,Huskies_M1,Huskies_M2,1H,2036.052852,Simple pass,48,43,69.0,46.0
4,Huskies,Huskies_M2,Huskies_M3,1H,2036.938678,Simple pass,69,46,66.0,70.0
4,Huskies,Huskies_M3,Huskies_D5,1H,2038.244923,Simple pass,66,70,84.0,93.0
4,Opponent4,Opponent4_D1,Opponent4_M3,1H,2043.379505,Head pass,10,40,20.0,45.0
4,Huskies,Huskies_M2,Huskies_D5,1H,2046.523506,Simple pass,72,60,74.0,91.0
4,Huskies,Huskies_D5,Huskies_D1,1H,2049.253348,Simple pass,74,91,51.0,82.0
4,Huskies,Huskies_D1,Huskies_F2,1H,2052.732352,High pass,51,82,82.0,51.0
4,Huskies,Huskies_G1,Huskies_D1,1H,2095.068777,Hand pass,14,41,26.0,72.0
4,Huskies,Huskies_D1,Huskies_G1,1H,2096.6195,Simple pass,26,72,11.0,45.0
4,Huskies,Huskies_G1,Huskies_F3,1H,2097.697291,Launch,11,45,66.0,33.0
4,Opponent4,Opponent4_D1,Opponent4_D2,1H,2127.075965,Simple pass,38,34,32.0,53.0
4,Opponent4,Opponent4_D2,Opponent4_D3,1H,2129.173699,Simple pass,32,53,33.0,78.0
4,Huskies,Huskies_M3,Huskies_G1,1H,2157.711009,Simple pass,20,46,10.0,47.0
4,Huskies,Huskies_G1,Huskies_F3,1H,2159.645807,Launch,10,47,64.0,26.0
4,Huskies,Huskies_M2,Huskies_F2,1H,2163.561865,Head pass,60,37,68.0,47.0
4,Huskies,Huskies_F2,Huskies_D5,1H,2165.388103,Simple pass,68,47,70.0,88.0
4,Huskies,Huskies_D5,Huskies_M3,1H,2171.100854,Simple pass,70,88,67.0,78.0
4,Huskies,Huskies_M3,Huskies_M1,1H,2171.961202,Simple pass,67,78,65.0,65.0
4,Huskies,Huskies_M1,Huskies_F3,1H,2173.744876,Simple pass,65,65,78.0,66.0
4,Huskies,Huskies_F3,Huskies_D5,1H,2175.681896,Simple pass,78,66,87.0,89.0
4,Huskies,Huskies_D5,Huskies_F2,1H,2177.548745,Cross,87,89,94.0,45.0
4,Opponent4,Opponent4_D3,Opponent4_M3,1H,2213.703869,Simple pass,9,58,11.0,59.0
4,Opponent4,Opponent4_D4,Opponent4_M1,1H,2227.764098,Simple pass,33,92,39.0,75.0
4,Opponent4,Opponent4_M1,Opponent4_M2,1H,2230.90009,Smart pass,58,68,70.0,88.0
4,Huskies,Huskies_D5,Huskies_M1,1H,2256.562338,Simple pass,39,88,41.0,63.0
4,Huskies,Huskies_M1,Huskies_F3,1H,2260.125706,Simple pass,41,63,57.0,71.0
4,Huskies,Huskies_F3,Huskies_F2,1H,2260.816716,Simple pass,57,71,47.0,75.0
4,Opponent4,Opponent4_D2,Opponent4_D3,1H,2311.359888,Simple pass,27,55,30.0,81.0
4,Opponent4,Opponent4_D3,Opponent4_D2,1H,2313.689732,Simple pass,30,81,31.0,47.0
4,Opponent4,Opponent4_D2,Opponent4_D1,1H,2316.647791,Simple pass,31,47,33.0,20.0
4,Opponent4,Opponent4_D1,Opponent4_D5,1H,2319.444141,Simple pass,33,20,69.0,5.0
4,Opponent4,Opponent4_D5,Opponent4_M1,1H,2327.15339,Simple pass,87,10,74.0,15.0
4,Opponent4,Opponent4_M1,Opponent4_D1,1H,2329.246418,Simple pass,74,15,66.0,33.0
4,Opponent4,Opponent4_D1,Opponent4_M1,1H,2332.778104,Simple pass,66,33,75.0,20.0
4,Opponent4,Opponent4_M1,Opponent4_D1,1H,2336.189752,Simple pass,75,20,69.0,25.0
4,Opponent4,Opponent4_D1,Opponent4_D5,1H,2339.614594,Simple pass,69,25,83.0,10.0
4,Opponent4,Opponent4_M3,Opponent4_D3,1H,2347.401435,Simple pass,70,54,63.0,73.0
4,Opponent4,Opponent4_D3,Opponent4_D4,1H,2348.96333,Simple pass,63,73,73.0,94.0
4,Opponent4,Opponent4_D4,Opponent4_M3,1H,2351.360553,Simple pass,73,94,71.0,76.0
4,Huskies,Huskies_M1,Huskies_F3,1H,2357.483628,Simple pass,28,31,37.0,18.0
4,Huskies,Huskies_D4,Huskies_D2,1H,2407.682188,Simple pass,40,3,29.0,23.0
4,Huskies,Huskies_D2,Huskies_D5,1H,2414.849959,Simple pass,29,23,30.0,92.0
4,Huskies,Huskies_D5,Huskies_M3,1H,2418.146424,Simple pass,30,92,31.0,67.0
4,Opponent4,Opponent4_D1,Opponent4_D2,1H,2424.465903,Simple pass,31,22,31.0,39.0
4,Opponent4,Opponent4_D2,Opponent4_D3,1H,2427.067063,Simple pass,31,39,33.0,64.0
4,Opponent4,Opponent4_D3,Opponent4_D2,1H,2428.825368,Simple pass,33,64,31.0,41.0
4,Opponent4,Opponent4_D2,Opponent4_D1,1H,2431.373396,Simple pass,31,41,29.0,19.0
4,Opponent4,Opponent4_D1,Opponent4_D2,1H,2435.737737,Simple pass,29,19,29.0,47.0
4,Opponent4,Opponent4_D2,Opponent4_M4,1H,2437.676005,Simple pass,29,47,56.0,34.0
4,Opponent4,Opponent4_M4,Opponent4_D2,1H,2438.837934,Simple pass,56,34,26.0,42.0
4,Opponent4,Opponent4_D2,Opponent4_D3,1H,2442.934839,Simple pass,26,42,29.0,70.0
4,Opponent4,Opponent4_D3,Opponent4_D4,1H,2446.344168,Simple pass,29,70,44.0,95.0
4,Huskies,Huskies_D2,Huskies_G1,1H,2454.152847,Simple pass,18,11,5.0,38.0
4,Huskies,Huskies_G1,Huskies_F3,1H,2460.830827,Launch,5,38,62.0,28.0
4,Opponent4,Opponent4_M2,Opponent4_M4,1H,2468.433416,Head pass,71,67,96.0,83.0
4,Opponent4,Opponent4_M4,Opponent4_D5,1H,2473.973561,Cross,96,83,94.0,34.0
4,Huskies,Huskies_D2,Huskies_D4,1H,2538.825003,Simple pass,23,27,31.0,4.0
4,Huskies,Huskies_D4,Huskies_F3,1H,2541.311288,High pass,31,4,55.0,22.0
4,Huskies,Huskies_D4,Huskies_M1,1H,2567.586785,Simple pass,34,8,32.0,14.0
4,Opponent4,Opponent4_D2,Opponent4_D1,1H,2581.335747,Simple pass,64,62,64.0,39.0
4,Opponent4,Opponent4_D1,Opponent4_M4,1H,2584.851499,Simple pass,64,39,79.0,51.0
4,Huskies,Huskies_D2,Huskies_D5,1H,2587.000043,Simple pass,13,46,26.0,71.0
4,Opponent4,Opponent4_M4,Opponent4_M1,1H,2594.264562,Simple pass,84,17,83.0,32.0
4,Opponent4,Opponent4_M1,Opponent4_M3,1H,2597.062704,Simple pass,83,32,73.0,40.0
4,Opponent4,Opponent4_M3,Opponent4_D1,1H,2597.855671,Simple pass,73,40,70.0,14.0
4,Opponent4,Opponent4_D1,Opponent4_D5,1H,2599.863308,Simple pass,70,14,85.0,7.0
4,Opponent4,Opponent4_M3,Opponent4_D1,1H,2606.307314,Simple pass,69,34,73.0,9.0
4,Opponent4,Opponent4_D1,Opponent4_M1,1H,2608.335257,Simple pass,73,9,74.0,12.0
4,Opponent4,Opponent4_M1,Opponent4_D3,1H,2611.22434,Simple pass,74,12,69.0,70.0
4,Opponent4,Opponent4_D4,Opponent4_M2,1H,2687.001431,Simple pass,24,96,32.0,92.0
4,Opponent4,Opponent4_M2,Opponent4_M4,1H,2687.135405,Simple pass,32,92,34.0,92.0
4,Opponent4,Opponent4_D5,Opponent4_F1,1H,2723.445334,Simple pass,67,11,75.0,11.0
4,Huskies,Huskies_D2,Huskies_G1,1H,2748.744238,Head pass,28,38,13.0,54.0
4,Huskies,Huskies_G1,Huskies_D1,1H,2752.965488,Hand pass,13,54,22.0,79.0
4,Huskies,Huskies_D1,Huskies_D5,1H,2755.741792,Simple pass,22,79,32.0,93.0
4,Huskies,Huskies_D5,Huskies_D1,1H,2758.390545,Simple pass,32,93,23.0,82.0
4,Huskies,Huskies_D1,Huskies_M2,1H,2758.720642,High pass,23,82,65.0,79.0
4,Opponent4,Opponent4_M3,Opponent4_F1,1H,2764.479297,High pass,57,32,93.0,24.0
4,Opponent4,Opponent4_F1,Opponent4_M4,1H,2768.312972,Cross,93,24,94.0,52.0
4,Huskies,Huskies_F2,Huskies_M2,1H,2781.176686,Simple pass,58,18,61.0,19.0
4,Opponent4,Opponent4_D3,Opponent4_D5,1H,2786.158643,Simple pass,42,54,49.0,31.0
4,Opponent4,Opponent4_D5,Opponent4_F1,1H,2791.455018,Simple pass,70,13,73.0,10.0
4,Opponent4,Opponent4_F1,Opponent4_M2,1H,2793.264983,Simple pass,73,10,72.0,28.0
4,Opponent4,Opponent4_M2,Opponent4_M1,1H,2794.364038,Simple pass,72,28,63.0,22.0
4,Opponent4,Opponent4_M1,Opponent4_F1,1H,2796.694045,Simple pass,63,22,74.0,34.0
4,Opponent4,Opponent4_F1,Opponent4_D1,1H,2797.445668,Simple pass,74,34,49.0,33.0
4,Opponent4,Opponent4_D1,Opponent4_D3,1H,2800.355392,Simple pass,49,33,39.0,70.0
4,Opponent4,Opponent4_D3,Opponent4_D2,1H,2802.511406,Simple pass,39,70,29.0,50.0
4,Opponent4,Opponent4_D2,Opponent4_G1,1H,2805.032731,Simple pass,29,50,13.0,59.0
4,Opponent4,Opponent4_G1,Opponent4_D3,1H,2807.315009,Simple pass,13,59,27.0,87.0
4,Huskies,Huskies_F2,Huskies_D1,2H,3601.193741,Simple pass,50,49,30.0,77.0
4,Opponent4,Opponent4_M2,Opponent4_M1,2H,3606.494911,Head pass,28,66,32.0,50.0
4,Opponent4,Opponent4_D1,Opponent4_D5,2H,3613.081123,Simple pass,28,20,34.0,7.0
4,Opponent4,Opponent4_D4,Opponent4_M2,2H,3626.480971,Head pass,57,83,59.0,79.0
4,Huskies,Huskies_M4,Huskies_M3,2H,3631.403097,Head pass,27,4,35.0,27.0
4,Huskies,Huskies_M3,Huskies_D4,2H,3632.928603,Simple pass,35,27,28.0,6.0
4,Opponent4,Opponent4_M1,Opponent4_F1,2H,3637.99052,Simple pass,63,60,75.0,40.0
4,Opponent4,Opponent4_F1,Opponent4_D5,2H,3641.359299,Simple pass,75,40,82.0,14.0
4,Opponent4,Opponent4_D5,Opponent4_F1,2H,3644.098424,Cross,82,14,92.0,48.0
4,Huskies,Huskies_D5,Huskies_F2,2H,3705.1356,High pass,42,90,73.0,91.0
4,Huskies,Huskies_F2,Huskies_M1,2H,3707.144992,Simple pass,73,91,71.0,82.0
4,Opponent4,Opponent4_M3,Opponent4_M1,2H,3709.32684,Simple pass,33,19,39.0,24.0
4,Opponent4,Opponent4_M3,Opponent4_D5,2H,3742.75993,Simple pass,67,9,72.0,3.0
4,Opponent4,Opponent4_D5,Opponent4_M1,2H,3743.624095,Simple pass,72,3,87.0,52.0
4,Opponent4,Opponent4_M1,Opponent4_M3,2H,3753.420561,Simple pass,87,5,95.0,8.0
4,Opponent4,Opponent4_M2,Opponent4_D1,2H,3785.29733,Simple pass,69,46,66.0,28.0
4,Opponent4,Opponent4_D1,Opponent4_D5,2H,3787.508211,Simple pass,66,28,68.0,5.0
4,Opponent4,Opponent4_D5,Opponent4_M4,2H,3789.563,High pass,68,5,99.0,4.0
4,Opponent4,Opponent4_F1,Opponent4_D4,2H,3833.648557,Head pass,46,54,34.0,88.0
4,Opponent4,Opponent4_D4,Opponent4_M4,2H,3837.088484,Simple pass,34,88,86.0,87.0
4,Huskies,Huskies_D5,Huskies_M1,2H,3874.313464,Simple pass,13,51,11.0,11.0
4,Opponent4,Opponent4_M4,Opponent4_D4,2H,3889.521521,Simple pass,80,92,73.0,95.0
4,Opponent4,Opponent4_D4,Opponent4_M2,2H,3890.469315,High pass,73,95,95.0,94.0
4,Opponent4,Opponent4_M2,Opponent4_D4,2H,3896.936351,Simple pass,95,94,87.0,96.0
4,Opponent4,Opponent4_D4,Opponent4_M2,2H,3901.327769,Smart pass,87,96,93.0,75.0
4,Huskies,Huskies_D1,Huskies_M4,2H,3904.913931,Simple pass,12,42,30.0,35.0
4,Huskies,Huskies_M6,Huskies_F2,2H,3952.871416,Head pass,63,89,72.0,89.0
4,Huskies,Huskies_D5,Huskies_F2,2H,3959.146427,Simple pass,67,99,73.0,65.0
4,Opponent4,Opponent4_M4,Opponent4_D4,2H,3962.597882,Simple pass,32,33,29.0,64.0
4,Opponent4,Opponent4_D4,Opponent4_D3,2H,3967.147781,Simple pass,29,64,27.0,62.0
4,Opponent4,Opponent4_D3,Opponent4_D5,2H,3970.326087,High pass,27,62,37.0,6.0
4,Opponent4,Opponent4_D5,Opponent4_D1,2H,3976.130417,Simple pass,37,6,59.0,4.0
4,Huskies,Huskies_D5,Huskies_F2,2H,3978.631435,Simple pass,27,85,14.0,13.0
4,Opponent4,Opponent4_D1,Opponent4_D2,2H,4003.091146,Simple pass,43,13,39.0,40.0
4,Opponent4,Opponent4_D2,Opponent4_M2,2H,4007.180749,Simple pass,39,40,46.0,51.0
4,Opponent4,Opponent4_M3,Opponent4_D5,2H,4016.835211,Simple pass,34,39,35.0,17.0
4,Opponent4,Opponent4_D5,Opponent4_M1,2H,4017.94025,Simple pass,35,17,39.0,23.0
4,Opponent4,Opponent4_M1,Opponent4_D5,2H,4019.202538,Simple pass,39,23,35.0,6.0
4,Opponent4,Opponent4_D5,Opponent4_M4,2H,4020.415104,Simple pass,35,6,60.0,10.0
4,Opponent4,Opponent4_M4,Opponent4_F1,2H,4027.605832,Simple pass,77,31,75.0,47.0
4,Opponent4,Opponent4_F1,Opponent4_M1,2H,4029.964848,Smart pass,75,47,92.0,56.0
4,Opponent4,Opponent4_M3,Opponent4_D4,2H,4052.166712,Simple pass,84,92,82.0,97.0
4,Opponent4,Opponent4_D4,Opponent4_F1,2H,4054.060921,Simple pass,82,97,69.0,76.0
4,Opponent4,Opponent4_F1,Opponent4_D3,2H,4056.844902,Simple pass,69,76,56.0,85.0
4,Opponent4,Opponent4_D3,Opponent4_M3,2H,4059.107004,Simple pass,56,85,69.0,74.0
4,Opponent4,Opponent4_M3,Opponent4_D4,2H,4060.27514,Simple pass,69,74,75.0,94.0
4,Opponent4,Opponent4_D4,Opponent4_M3,2H,4062.616351,Simple pass,75,94,72.0,83.0
4,Opponent4,Opponent4_M3,Opponent4_D4,2H,4063.386809,Simple pass,72,83,70.0,96.0
4,Opponent4,Opponent4_D4,Opponent4_D3,2H,4064.636102,Simple pass,70,96,45.0,74.0
4,Opponent4,Opponent4_D3,Opponent4_M2,2H,4069.567635,Simple pass,45,74,52.0,53.0
4,Opponent4,Opponent4_M4,Opponent4_D4,2H,4074.104677,Simple pass,69,68,65.0,93.0
4,Opponent4,Opponent4_D4,Opponent4_M3,2H,4076.516381,Simple pass,65,93,59.0,77.0
4,Opponent4,Opponent4_M3,Opponent4_M1,2H,4078.508906,Simple pass,59,77,78.0,79.0
4,Opponent4,Opponent4_M1,Opponent4_M4,2H,4080.222759,Smart pass,78,79,95.0,68.0
4,Huskies,Huskies_D4,Huskies_M4,2H,4110.207633,Simple pass,33,7,47.0,28.0
4,Huskies,Huskies_M4,Huskies_M3,2H,4110.348346000001,Simple pass,47,28,43.0,36.0
4,Huskies,Huskies_M3,Huskies_D1,2H,4114.11225,Simple pass,43,36,33.0,71.0
4,Huskies,Huskies_D1,Huskies_D5,2H,4117.2880239999995,Simple pass,33,71,36.0,94.0
4,Huskies,Huskies_D5,Huskies_M1,2H,4120.383318,Simple pass,36,94,39.0,66.0
4,Huskies,Huskies_M1,Huskies_M6,2H,4123.096704,Simple pass,39,66,64.0,70.0
4,Huskies,Huskies_M6,Huskies_D5,2H,4124.162254,Simple pass,64,70,68.0,95.0
4,Opponent4,Opponent4_G1,Opponent4_D2,2H,4143.652719,Hand pass,6,59,22.0,65.0
4,Opponent4,Opponent4_D2,Opponent4_D3,2H,4151.274230999999,Simple pass,22,65,18.0,74.0
4,Opponent4,Opponent4_D3,Opponent4_D1,2H,4152.9351019999995,High pass,18,74,22.0,10.0
4,Opponent4,Opponent4_M1,Opponent4_M4,2H,4159.508861,Simple pass,34,30,54.0,18.0
4,Huskies,Huskies_M1,Huskies_M6,2H,4169.842852,Simple pass,36,76,31.0,60.0
4,Huskies,Huskies_M6,Huskies_F2,2H,4172.279345,Simple pass,31,60,20.0,18.0
4,Opponent4,Opponent4_D1,Opponent4_D4,2H,4177.842667,Simple pass,50,45,54.0,60.0
4,Opponent4,Opponent4_D4,Opponent4_D2,2H,4178.839544,Simple pass,54,60,29.0,21.0
4,Opponent4,Opponent4_D2,Opponent4_D1,2H,4184.109536,Simple pass,29,21,36.0,16.0
4,Opponent4,Opponent4_D1,Opponent4_M2,2H,4187.225726000001,Simple pass,36,16,54.0,8.0
4,Opponent4,Opponent4_M2,Opponent4_D1,2H,4188.515579,Simple pass,54,8,39.0,17.0
4,Opponent4,Opponent4_D1,Opponent4_D2,2H,4190.566352,Simple pass,39,17,35.0,37.0
4,Opponent4,Opponent4_D2,Opponent4_D3,2H,4193.332783,Simple pass,35,37,31.0,73.0
4,Opponent4,Opponent4_D3,Opponent4_D4,2H,4199.274128,Simple pass,46,86,55.0,96.0
4,Opponent4,Opponent4_D4,Opponent4_D3,2H,4200.814204,Simple pass,55,96,42.0,92.0
4,Huskies,Huskies_F2,Huskies_M1,2H,4241.230878,Simple pass,68,36,54.0,43.0
4,Huskies,Huskies_M1,Huskies_D5,2H,4243.498255,Simple pass,54,43,50.0,84.0
4,Huskies,Huskies_D5,Huskies_D1,2H,4245.64272,Simple pass,50,84,40.0,68.0
4,Opponent4,Opponent4_D2,Opponent4_M3,2H,4251.455531,Simple pass,25,38,31.0,40.0
4,Opponent4,Opponent4_M3,Opponent4_D1,2H,4253.033329,Simple pass,31,40,28.0,21.0
4,Opponent4,Opponent4_F1,Opponent4_M3,2H,4257.057723,Simple pass,46,20,37.0,24.0
4,Opponent4,Opponent4_M1,Opponent4_D1,2H,4351.723018000001,Simple pass,46,64,42.0,53.0
4,Opponent4,Opponent4_D1,Opponent4_D5,2H,4352.901802,Simple pass,42,53,46.0,33.0
4,Opponent4,Opponent4_D5,Opponent4_M1,2H,4355.151177,Simple pass,46,33,56.0,41.0
4,Opponent4,Opponent4_M1,Opponent4_D3,2H,4357.378436,Simple pass,56,41,36.0,74.0
4,Opponent4,Opponent4_D3,Opponent4_D4,2H,4359.957854,Simple pass,36,74,72.0,94.0
4,Opponent4,Opponent4_D4,Opponent4_D3,2H,4366.409684,Simple pass,72,94,64.0,79.0
4,Opponent4,Opponent4_D1,Opponent4_D5,2H,4374.6819909999995,Head pass,59,18,64.0,8.0
4,Opponent4,Opponent4_F1,Opponent4_D4,2H,4381.193077,Simple pass,73,31,80.0,83.0
4,Opponent4,Opponent4_D4,Opponent4_M2,2H,4385.105023,Cross,80,83,94.0,47.0
4,Opponent4,Opponent4_D4,Opponent4_M3,2H,4405.407292,Simple pass,58,85,55.0,73.0
4,Opponent4,Opponent4_M3,Opponent4_D4,2H,4408.082999,Simple pass,55,73,43.0,91.0
4,Huskies,Huskies_D2,Huskies_D4,2H,4416.0213,Simple pass,25,33,36.0,26.0
4,Huskies,Huskies_D4,Huskies_M6,2H,4418.7000339999995,Simple pass,36,26,54.0,9.0
4,Opponent4,Opponent4_D4,Opponent4_M2,2H,4437.499266,Simple pass,5,91,25.0,88.0
4,Opponent4,Opponent4_M2,Opponent4_D4,2H,4439.838872,Simple pass,25,88,20.0,94.0
4,Opponent4,Opponent4_D5,Opponent4_D1,2H,4473.9892629999995,Simple pass,40,9,32.0,16.0
4,Opponent4,Opponent4_D1,Opponent4_D5,2H,4476.273437,Simple pass,32,16,41.0,2.0
4,Huskies,Huskies_G1,Huskies_D5,2H,4485.387402,Hand pass,12,70,26.0,88.0
4,Huskies,Huskies_D5,Huskies_M1,2H,4490.179773,Simple pass,36,88,37.0,83.0
4,Huskies,Huskies_M1,Huskies_D5,2H,4492.187168,Simple pass,37,83,36.0,95.0
4,Huskies,Huskies_D5,Huskies_F1,2H,4493.234998,Simple pass,36,95,58.0,88.0
4,Huskies,Huskies_F1,Huskies_M1,2H,4494.749132999999,Simple pass,58,88,44.0,71.0
4,Huskies,Huskies_M1,Huskies_M4,2H,4496.070926,Simple pass,44,71,50.0,47.0
4,Opponent4,Opponent4_M3,Opponent4_M2,2H,4499.255784,Simple pass,43,46,52.0,56.0
4,Opponent4,Opponent4_M2,Opponent4_D4,2H,4504.677475,Simple pass,66,82,52.0,89.0
4,Opponent4,Opponent4_D4,Opponent4_M2,2H,4505.164812,Simple pass,52,89,65.0,89.0
4,Opponent4,Opponent4_M2,Opponent4_D4,2H,4506.63418,Simple pass,65,89,48.0,97.0
4,Opponent4,Opponent4_D4,Opponent4_M3,2H,4508.238814,High pass,48,97,99.0,99.0
4,Huskies,Huskies_G1,Huskies_D5,2H,4530.032093,Simple pass,14,52,27.0,96.0
4,Opponent4,Opponent4_M1,Opponent4_D5,2H,4561.195438000001,Simple pass,54,2,40.0,2.0
4,Opponent4,Opponent4_D5,Opponent4_M3,2H,4562.135536,Simple pass,40,2,40.0,17.0
4,Opponent4,Opponent4_M3,Opponent4_D2,2H,4563.380213,Simple pass,40,17,27.0,26.0
4,Opponent4,Opponent4_D2,Opponent4_D4,2H,4565.759472,Simple pass,27,26,35.0,83.0
4,Opponent4,Opponent4_D4,Opponent4_M2,2H,4571.511404,Simple pass,53,80,77.0,79.0
4,Opponent4,Opponent4_M2,Opponent4_D4,2H,4576.700962999999,Simple pass,77,79,76.0,92.0
4,Opponent4,Opponent4_D4,Opponent4_F1,2H,4579.32399,Smart pass,76,92,91.0,75.0
4,Opponent4,Opponent4_M3,Opponent4_D4,2H,4593.930897,Simple pass,75,86,72.0,93.0
4,Opponent4,Opponent4_D4,Opponent4_D3,2H,4596.003569,Simple pass,72,93,55.0,84.0
4,Opponent4,Opponent4_D3,Opponent4_D2,2H,4598.239274,Simple pass,55,84,32.0,68.0
4,Opponent4,Opponent4_D2,Opponent4_G1,2H,4600.949159,Simple pass,32,68,14.0,48.0
4,Opponent4,Opponent4_G1,Opponent4_D1,2H,4603.508486000001,Simple pass,14,48,32.0,11.0
4,Opponent4,Opponent4_D1,Opponent4_M4,2H,4609.972798,Simple pass,49,9,73.0,4.0
4,Opponent4,Opponent4_M1,Opponent4_D4,2H,4638.482656,High pass,58,6,44.0,54.0
4,Opponent4,Opponent4_D4,Opponent4_G1,2H,4641.750484,Simple pass,44,54,10.0,50.0
4,Opponent4,Opponent4_G1,Opponent4_D1,2H,4646.915093,High pass,10,50,30.0,5.0
4,Opponent4,Opponent4_D1,Opponent4_M1,2H,4649.932447,Head pass,30,5,38.0,17.0
4,Opponent4,Opponent4_M1,Opponent4_D1,2H,4651.260529,Simple pass,38,17,35.0,5.0
4,Huskies,Huskies_D1,Huskies_D4,2H,4667.674938,Simple pass,44,38,40.0,4.0
4,Huskies,Huskies_D4,Huskies_F2,2H,4669.086195,Simple pass,40,4,64.0,32.0
4,Huskies,Huskies_F2,Huskies_F1,2H,4673.744652,High pass,55,40,70.0,71.0
4,Huskies,Huskies_F1,Huskies_D1,2H,4684.232742,Simple pass,68,87,54.0,74.0
4,Huskies,Huskies_D1,Huskies_M1,2H,4685.972512,Simple pass,54,74,67.0,69.0
4,Huskies,Huskies_M1,Huskies_D2,2H,4689.817845,Simple pass,67,69,57.0,27.0
4,Huskies,Huskies_D2,Huskies_D4,2H,4692.422857,Simple pass,57,27,54.0,5.0
4,Huskies,Huskies_D4,Huskies_D2,2H,4696.669142000001,Simple pass,54,5,31.0,32.0
4,Huskies,Huskies_D2,Huskies_D1,2H,4698.785532,Simple pass,31,32,35.0,68.0
4,Huskies,Huskies_D1,Huskies_D5,2H,4701.105534,Simple pass,35,68,47.0,94.0
4,Huskies,Huskies_D5,Huskies_D1,2H,4702.475805,Simple pass,47,94,34.0,78.0
4,Huskies,Huskies_D1,Huskies_D2,2H,4706.716006000001,Simple pass,34,78,33.0,29.0
4,Huskies,Huskies_D2,Huskies_M3,2H,4712.539856,Simple pass,33,29,25.0,50.0
4,Huskies,Huskies_M3,Huskies_M1,2H,4714.371438,Simple pass,25,50,40.0,41.0
4,Huskies,Huskies_M1,Huskies_D2,2H,4716.749281,Simple pass,40,41,30.0,13.0
4,Huskies,Huskies_D2,Huskies_F2,2H,4719.637185,Simple pass,30,13,61.0,16.0
4,Huskies,Huskies_F2,Huskies_M4,2H,4721.372428,Simple pass,61,16,66.0,10.0
4,Huskies,Huskies_M4,Huskies_M1,2H,4724.005738,Simple pass,66,10,59.0,29.0
4,Huskies,Huskies_M1,Huskies_M1,2H,4727.944533,High pass,59,29,73.0,94.0
4,Huskies,Huskies_M1,Huskies_F1,2H,4733.371695,Cross,73,94,90.0,50.0
4,Opponent4,Opponent4_G1,Opponent4_M4,2H,4740.524338,Hand pass,9,41,29.0,26.0
4,Opponent4,Opponent4_M4,Opponent4_D1,2H,4745.728728,Simple pass,29,26,23.0,8.0
4,Opponent4,Opponent4_D1,Opponent4_M4,2H,4748.972814000001,Simple pass,23,8,33.0,4.0
4,Opponent4,Opponent4_M4,Opponent4_M1,2H,4755.149305,Simple pass,48,8,57.0,24.0
4,Opponent4,Opponent4_M1,Opponent4_D1,2H,4755.706422,Simple pass,57,24,29.0,13.0
4,Opponent4,Opponent4_D1,Opponent4_M1,2H,4758.683349999999,Simple pass,29,13,37.0,22.0
4,Opponent4,Opponent4_M1,Opponent4_D5,2H,4765.050359,Simple pass,61,24,63.0,6.0
4,Opponent4,Opponent4_M1,Opponent4_M3,2H,4792.19767,Simple pass,70,22,66.0,28.0
4,Opponent4,Opponent4_M3,Opponent4_D3,2H,4794.333203,High pass,66,28,67.0,77.0
4,Opponent4,Opponent4_D3,Opponent4_M2,2H,4798.236914,Simple pass,67,77,71.0,65.0
4,Opponent4,Opponent4_M2,Opponent4_D3,2H,4799.81652,Simple pass,71,65,68.0,82.0
4,Opponent4,Opponent4_D3,Opponent4_D4,2H,4801.866312,Simple pass,68,82,73.0,97.0
4,Opponent4,Opponent4_D4,Opponent4_M2,2H,4802.657277,Simple pass,73,97,73.0,85.0
4,Opponent4,Opponent4_M2,Opponent4_D4,2H,4803.68436,Simple pass,73,85,70.0,97.0
4,Huskies,Huskies_M3,Huskies_F2,2H,4807.386412,Simple pass,30,13,46.0,24.0
4,Huskies,Huskies_F2,Huskies_D5,2H,4812.472296,Smart pass,47,40,72.0,82.0
4,Opponent4,Opponent4_D3,Opponent4_D4,2H,4837.330726,Simple pass,27,72,43.0,92.0
4,Opponent4,Opponent4_D4,Opponent4_D3,2H,4842.074214,Simple pass,43,92,24.0,83.0
4,Opponent4,Opponent4_D3,Opponent4_G1,2H,4844.392858,Simple pass,24,83,11.0,75.0
4,Opponent4,Opponent4_G1,Opponent4_D4,2H,4848.4817,Simple pass,11,75,16.0,97.0
4,Opponent4,Opponent4_D4,Opponent4_D2,2H,4849.650558,Simple pass,16,97,16.0,58.0
4,Opponent4,Opponent4_D2,Opponent4_G1,2H,4851.293899,Simple pass,16,58,5.0,58.0
4,Huskies,Huskies_M1,Huskies_D2,2H,4886.246814,Simple pass,56,82,35.0,44.0
4,Huskies,Huskies_D2,Huskies_D4,2H,4889.07982,Simple pass,35,44,28.0,6.0
4,Huskies,Huskies_D4,Huskies_D2,2H,4890.951892,Simple pass,28,6,31.0,38.0
4,Huskies,Huskies_D2,Huskies_D1,2H,4894.109053,Simple pass,31,38,30.0,67.0
4,Huskies,Huskies_D1,Huskies_D5,2H,4896.644665,Simple pass,30,67,34.0,96.0
4,Huskies,Huskies_D5,Huskies_M1,2H,4899.231399,Simple pass,34,96,37.0,85.0
4,Huskies,Huskies_M1,Huskies_M3,2H,4902.73492,Simple pass,37,85,43.0,52.0
4,Huskies,Huskies_M3,Huskies_D2,2H,4906.03568,Simple pass,43,52,22.0,33.0
4,Huskies,Huskies_D2,Huskies_D4,2H,4911.043791,Simple pass,52,26,57.0,4.0
4,Huskies,Huskies_D4,Huskies_F2,2H,4913.313744,Simple pass,57,4,74.0,37.0
4,Opponent4,Opponent4_G1,Opponent4_D5,2H,4918.931168,Hand pass,14,49,39.0,10.0
4,Opponent4,Opponent4_D5,Opponent4_D1,2H,4925.134132,Simple pass,39,10,30.0,14.0
4,Opponent4,Opponent4_D1,Opponent4_D5,2H,4927.407742,Simple pass,30,14,35.0,2.0
4,Opponent4,Opponent4_D5,Opponent4_M1,2H,4929.934437,Simple pass,35,2,35.0,17.0
4,Opponent4,Opponent4_M1,Opponent4_G1,2H,4931.318683,Simple pass,35,17,12.0,32.0
4,Opponent4,Opponent4_D5,Opponent4_F1,2H,4975.564075,Simple pass,75,25,76.0,19.0
4,Opponent4,Opponent4_F1,Opponent4_M2,2H,4978.154663,High pass,76,19,79.0,68.0
4,Opponent4,Opponent4_M3,Opponent4_D3,2H,5015.448625,Simple pass,31,40,23.0,55.0
4,Opponent4,Opponent4_D3,Opponent4_D4,2H,5016.901143,Simple pass,23,55,30.0,84.0
4,Opponent4,Opponent4_D4,Opponent4_M2,2H,5022.82538,Simple pass,30,84,98.0,99.0
4,Huskies,Huskies_D4,Huskies_G1,2H,5026.41662,Simple pass,21,9,7.0,24.0
4,Opponent4,Opponent4_D1,Opponent4_M4,2H,5034.579645,Head pass,47,51,99.0,98.0
4,Huskies,Huskies_D1,Huskies_G1,2H,5066.946381,Simple pass,14,84,14.0,54.0
4,Opponent4,Opponent4_D1,Opponent4_D5,2H,5073.580222,Head pass,30,26,34.0,24.0
4,Opponent4,Opponent4_D5,Opponent4_G1,2H,5078.951482,Simple pass,34,24,10.0,49.0
4,Opponent4,Opponent4_G1,Opponent4_D3,2H,5081.659416,Simple pass,10,49,21.0,75.0
4,Opponent4,Opponent4_D3,Opponent4_D2,2H,5088.059926,Simple pass,35,78,27.0,47.0
4,Opponent4,Opponent4_D2,Opponent4_D1,2H,5090.702826,Simple pass,27,47,30.0,8.0
4,Opponent4,Opponent4_D1,Opponent4_D2,2H,5094.832164,Simple pass,30,8,26.0,44.0
4,Opponent4,Opponent4_D2,Opponent4_D1,2H,5101.705914,Simple pass,41,37,36.0,8.0
4,Opponent4,Opponent4_D1,Opponent4_D5,2H,5103.081294,Simple pass,36,8,48.0,2.0
4,Opponent4,Opponent4_M4,Opponent4_D5,2H,5133.769466,Simple pass,74,8,72.0,1.0
4,Opponent4,Opponent4_M4,Opponent4_D4,2H,5139.504399,Simple pass,73,34,77.0,79.0
4,Huskies,Huskies_G1,Huskies_D5,2H,5148.793398,Hand pass,14,61,26.0,83.0
4,Huskies,Huskies_D5,Huskies_M1,2H,5149.958601,Simple pass,26,83,39.0,69.0
4,Huskies,Huskies_M1,Huskies_F2,2H,5153.134644,Simple pass,39,69,39.0,97.0
4,Opponent4,Opponent4_D2,Opponent4_M3,2H,5158.244668,Head pass,27,39,34.0,27.0
4,Opponent4,Opponent4_M3,Opponent4_D4,2H,5162.851977,High pass,34,27,15.0,73.0
4,Opponent4,Opponent4_D4,Opponent4_G1,2H,5166.443525,Head pass,15,73,7.0,57.0
4,Opponent4,Opponent4_G1,Opponent4_D2,2H,5171.512583,Hand pass,7,57,20.0,58.0
4,Huskies,Huskies_D4,Huskies_M6,2H,5181.310611,Simple pass,65,33,62.0,36.0
4,Huskies,Huskies_M6,Huskies_D1,2H,5182.693325,Simple pass,62,36,47.0,62.0
4,Huskies,Huskies_D1,Huskies_D5,2H,5187.197428,Simple pass,47,62,50.0,94.0
4,Huskies,Huskies_D5,Huskies_F2,2H,5189.328844,Simple pass,50,94,65.0,78.0
4,Huskies,Huskies_M4,Huskies_D2,2H,5235.60583,Cross,76,91,90.0,43.0
4,Huskies,Huskies_D5,Huskies_F2,2H,5346.306856,Simple pass,60,90,68.0,95.0
4,Huskies,Huskies_F2,Huskies_M1,2H,5348.297939,Simple pass,68,95,70.0,71.0
4,Huskies,Huskies_M1,Huskies_M6,2H,5349.320978,Simple pass,70,71,70.0,84.0
4,Huskies,Huskies_M6,Huskies_M1,2H,5349.46576,Simple pass,70,84,69.0,80.0
4,Huskies,Huskies_M1,Huskies_F2,2H,5352.34607,Simple pass,69,80,70.0,94.0
4,Huskies,Huskies_F2,Huskies_M3,2H,5354.260833,Simple pass,70,94,63.0,66.0
4,Huskies,Huskies_M3,Huskies_D1,2H,5356.326448,Simple pass,63,66,34.0,76.0
4,Huskies,Huskies_D1,Huskies_D2,2H,5361.745016,Simple pass,34,76,28.0,52.0
4,Opponent4,Opponent4_D2,Opponent4_D4,2H,5390.709936,Simple pass,21,70,22.0,93.0
4,Opponent4,Opponent4_D4,Opponent4_M2,2H,5392.606719,High pass,22,93,74.0,73.0
4,Huskies,Huskies_D1,Huskies_G1,2H,5398.165648,Simple pass,20,49,0.0,0.0
4,Huskies,Huskies_G1,Huskies_F1,2H,5553.920434,Launch,13,54,74.0,92.0
4,Huskies,Huskies_M6,Huskies_F2,2H,5559.05784,Head pass,67,77,69.0,63.0
4,Opponent4,Opponent4_D2,Opponent4_D3,2H,5560.184567,Head pass,21,32,16.0,42.0
4,Huskies,Huskies_D4,Huskies_M6,2H,5573.722525,Simple pass,55,10,66.0,52.0
4,Huskies,Huskies_M6,Huskies_D5,2H,5576.624631,Simple pass,66,52,72.0,95.0
4,Opponent4,Opponent4_M3,Opponent4_D5,2H,5583.747425,Head pass,13,45,16.0,8.0
4,Huskies,Huskies_D5,Huskies_M1,2H,5586.360127,Head pass,65,95,59.0,82.0
4,Huskies,Huskies_M1,Huskies_D5,2H,5588.931667,Simple pass,59,82,76.0,92.0
4,Huskies,Huskies_D5,Huskies_M1,2H,5591.273204,Simple pass,76,92,56.0,87.0
4,Huskies,Huskies_M1,Huskies_M3,2H,5593.488357,Simple pass,56,87,66.0,76.0
4,Huskies,Huskies_M3,Huskies_D5,2H,5594.218786,Simple pass,66,76,70.0,94.0
4,Huskies,Huskies_D5,Huskies_M3,2H,5594.463274,Simple pass,70,94,7.0,7.0
4,Opponent4,Opponent4_D5,Opponent4_M6,2H,5635.04471,Head pass,7,28,14.0,29.0
4,Huskies,Huskies_D2,Huskies_G1,2H,5692.729994,Simple pass,35,75,10.0,65.0
4,Huskies,Huskies_G1,Huskies_D1,2H,5696.121545,Simple pass,10,65,33.0,86.0
4,Huskies,Huskies_D1,Huskies_D5,2H,5699.17751,Simple pass,33,86,33.0,98.0
4,Huskies,Huskies_M9,Huskies_F2,2H,5717.661705,Simple pass,69,77,47.0,83.0
4,Huskies,Huskies_F2,Huskies_D4,2H,5718.33861,Simple pass,47,83,46.0,37.0
4,Opponent4,Opponent4_D1,Opponent4_M4,2H,5726.382179,Head pass,23,28,32.0,5.0
4,Opponent4,Opponent4_M4,Opponent4_D5,2H,5729.84471,Simple pass,32,5,23.0,4.0
4,Huskies,Huskies_D1,Huskies_M3,2H,5755.4674620000005,Head pass,26,90,31.0,77.0
4,Huskies,Huskies_M3,Huskies_G1,2H,5756.391428999999,Simple pass,31,77,10.0,65.0
4,Huskies,Huskies_D4,Huskies_M6,2H,5766.976174,Simple pass,33,30,36.0,25.0
4,Huskies,Huskies_M6,Huskies_D2,2H,5768.710356,Simple pass,36,25,22.0,7.0
4,Huskies,Huskies_D2,Huskies_M4,2H,5770.425853000001,Simple pass,22,7,38.0,31.0
4,Huskies,Huskies_M4,Huskies_M3,2H,5774.145234,Simple pass,38,31,35.0,59.0
4,Huskies,Huskies_M3,Huskies_D2,2H,5779.102054,Simple pass,35,59,31.0,36.0
4,Huskies,Huskies_D2,Huskies_M4,2H,5781.297893,Simple pass,31,36,61.0,32.0
4,Opponent4,Opponent4_G1,Opponent4_D5,2H,5788.369294,Hand pass,12,54,31.0,10.0
4,Opponent4,Opponent4_D5,Opponent4_M6,2H,5795.532126,Simple pass,31,10,33.0,19.0
4,Opponent4,Opponent4_M6,Opponent4_M4,2H,5799.225544999999,Simple pass,40,2,48.0,2.0
4,Huskies,Huskies_D1,Huskies_M9,2H,5804.222731,Simple pass,28,94,34.0,77.0
4,Huskies,Huskies_M9,Huskies_D2,2H,5806.87888,Simple pass,34,77,28.0,46.0
4,Huskies,Huskies_D2,Huskies_D4,2H,5811.827151,Simple pass,28,46,29.0,11.0
4,Huskies,Huskies_D4,Huskies_D2,2H,5814.026871,Simple pass,29,11,28.0,40.0
4,Huskies,Huskies_D2,Huskies_M3,2H,5816.855295,Simple pass,28,40,38.0,81.0
4,Opponent4,Opponent4_D5,Opponent4_D2,2H,5823.362108,Simple pass,31,22,22.0,50.0
4,Opponent4,Opponent4_D2,Opponent4_D3,2H,5826.394354,Simple pass,22,50,24.0,64.0
4,Opponent4,Opponent4_D3,Opponent4_D5,2H,5833.092936,High pass,43,67,72.0,5.0
4,Opponent4,Opponent4_D5,Opponent4_M4,2H,5839.175705,Simple pass,72,5,72.0,21.0
4,Opponent4,Opponent4_M4,Opponent4_M6,2H,5841.753805,Simple pass,72,21,69.0,22.0
4,Huskies,Huskies_M6,Huskies_M9,2H,5845.865684,Simple pass,39,54,37.0,65.0
4,Huskies,Huskies_M9,Huskies_M4,2H,5846.108247,Simple pass,37,65,37.0,51.0
4,Huskies,Huskies_M4,Huskies_F2,2H,5848.091096,Simple pass,37,51,37.0,49.0
4,Huskies,Huskies_F2,Huskies_M3,2H,5850.938866,Simple pass,37,49,44.0,71.0
4,Huskies,Huskies_M3,Huskies_D5,2H,5854.672091,Simple pass,44,71,34.0,96.0
4,Huskies,Huskies_D5,Huskies_D1,2H,5856.970193,Simple pass,34,96,30.0,73.0
4,Huskies,Huskies_D1,Huskies_D2,2H,5859.649173,Simple pass,30,73,31.0,33.0
4,Huskies,Huskies_D2,Huskies_M4,2H,5862.690817000001,Simple pass,31,33,47.0,14.0
4,Huskies,Huskies_M4,Huskies_D2,2H,5862.852262,Simple pass,47,14,31.0,36.0
4,Huskies,Huskies_D2,Huskies_M4,2H,5868.742172,Simple pass,31,36,40.0,26.0
4,Huskies,Huskies_M4,Huskies_M6,2H,5868.9790570000005,Simple pass,40,26,66.0,23.0
4,Huskies,Huskies_M6,Huskies_D4,2H,5871.107032,Simple pass,66,23,92.0,8.0
4,Huskies,Huskies_D4,Huskies_F2,2H,5875.2826110000005,Cross,92,8,91.0,31.0
4,Huskies,Huskies_F2,Huskies_M9,2H,6020.48814,Simple pass,76,93,66.0,79.0
4,Opponent4,Opponent4_M3,Opponent4_G1,2H,6023.369638,Simple pass,24,19,6.0,37.0
4,Huskies,Huskies_D4,Huskies_M3,2H,6035.216708,Simple pass,35,20,48.0,50.0
4,Huskies,Huskies_M3,Huskies_D4,2H,6037.5335,Simple pass,48,50,47.0,22.0
4,Opponent4,Opponent4_G1,Opponent4_M4,2H,6058.889207,High pass,13,42,49.0,34.0
4,Opponent4,Opponent4_M4,Opponent4_F2,2H,6061.40581,Head pass,49,34,65.0,26.0
4,Opponent4,Opponent4_D5,Opponent4_F2,2H,6076.816741000001,Simple pass,71,17,75.0,19.0
4,Opponent4,Opponent4_F2,Opponent4_M6,2H,6078.841838,Simple pass,75,19,65.0,20.0
4,Huskies,Huskies_M9,Huskies_F1,2H,6085.925891,Simple pass,34,34,59.0,29.0
4,Huskies,Huskies_F1,Huskies_M4,2H,6087.500435,Simple pass,59,29,51.0,40.0
4,Huskies,Huskies_M4,Huskies_D4,2H,6087.917437,Simple pass,51,40,52.0,6.0
4,Huskies,Huskies_D4,Huskies_M4,2H,6091.239629,Simple pass,52,6,57.0,32.0
4,Huskies,Huskies_M4,Huskies_D5,2H,6095.956622,High pass,57,32,66.0,96.0
4,Huskies,Huskies_D5,Huskies_M3,2H,6101.394051,Simple pass,66,96,59.0,66.0
4,Huskies,Huskies_M3,Huskies_M6,2H,6103.41259,Simple pass,59,66,57.0,51.0
4,Huskies,Huskies_M6,Huskies_D2,2H,6104.071509,Simple pass,57,51,52.0,30.0
4,Huskies,Huskies_D2,Huskies_D4,2H,6106.604053,Simple pass,52,30,63.0,5.0
4,Opponent4,Opponent4_D2,Opponent4_D4,2H,6114.525463,Head pass,10,59,18.0,84.0
4,Huskies,Huskies_D1,Huskies_F2,2H,6125.358107,Simple pass,50,81,66.0,83.0
4,Huskies,Huskies_F2,Huskies_D5,2H,6130.420391,Simple pass,66,83,57.0,97.0
4,Opponent4,Opponent4_M6,Opponent4_D5,2H,6133.496664,Simple pass,34,7,31.0,2.0
4,Opponent4,Opponent4_D5,Opponent4_M4,2H,6134.165601000001,Simple pass,31,2,93.0,93.0
4,Opponent4,Opponent4_D5,Opponent4_M4,2H,6172.798816,Simple pass,69,4,74.0,2.0
4,Opponent4,Opponent4_M4,Opponent4_M6,2H,6174.148764,Simple pass,74,2,77.0,12.0
4,Opponent4,Opponent4_M6,Opponent4_M4,2H,6176.365559,Simple pass,77,12,75.0,4.0
4,Opponent4,Opponent4_M4,Opponent4_D5,2H,6179.607395,Simple pass,75,4,79.0,23.0
4,Opponent4,Opponent4_D5,Opponent4_F2,2H,6181.182949,Simple pass,79,23,75.0,29.0
4,Opponent4,Opponent4_F2,Opponent4_D5,2H,6182.524107,Simple pass,75,29,80.0,28.0
4,Opponent4,Opponent4_D5,Opponent4_M4,2H,6183.363173,Simple pass,80,28,84.0,31.0
4,Opponent4,Opponent4_D5,Opponent4_M4,2H,6212.343742,Launch,25,9,98.0,97.0
4,Huskies,Huskies_M3,Huskies_M6,2H,6257.191454,Head pass,62,81,74.0,65.0
4,Huskies,Huskies_M6,Huskies_M4,2H,6259.203442,Simple pass,74,65,71.0,43.0
4,Huskies,Huskies_M4,Huskies_D4,2H,6260.61284,Simple pass,71,43,65.0,20.0
4,Huskies,Huskies_D4,Huskies_M3,2H,6264.605647,Simple pass,65,20,64.0,60.0
4,Huskies,Huskies_D5,Huskies_F1,2H,6275.351232,Cross,66,92,93.0,47.0
4,Huskies,Huskies_D2,Huskies_D1,2H,6289.027182,Simple pass,26,5,22.0,77.0
4,Huskies,Huskies_D1,Huskies_D5,2H,6294.767027,Simple pass,35,74,39.0,94.0
4,Huskies,Huskies_D5,Huskies_D1,2H,6298.205386,Simple pass,39,94,29.0,66.0
4,Huskies,Huskies_D1,Huskies_D2,2H,6300.347838,Simple pass,29,66,32.0,26.0
4,Huskies,Huskies_D2,Huskies_M3,2H,6305.782935,Simple pass,32,26,42.0,45.0
4,Huskies,Huskies_M3,Huskies_D4,2H,6309.182907,Simple pass,42,45,49.0,4.0
4,Huskies,Huskies_D4,Huskies_M3,2H,6310.551571,Simple pass,49,4,54.0,46.0
4,Huskies,Huskies_M3,Huskies_D4,2H,6316.160416000001,Simple pass,54,46,69.0,22.0
4,Huskies,Huskies_D4,Huskies_M9,2H,6318.287644,Simple pass,69,22,69.0,37.0
4,Huskies,Huskies_M6,Huskies_D4,2H,6321.257705,Smart pass,77,32,97.0,26.0
4,Huskies,Huskies_D4,Huskies_F2,2H,6322.84044,Cross,97,26,88.0,36.0
4,Huskies,Huskies_D5,Huskies_M4,2H,6360.045838,High pass,30,86,66.0,38.0
4,Huskies,Huskies_M4,Huskies_D2,2H,6367.684905,Simple pass,53,31,43.0,51.0
4,Huskies,Huskies_D2,Huskies_M4,2H,6368.124507,Simple pass,43,51,44.0,21.0
4,Huskies,Huskies_M4,Huskies_M9,2H,6370.003595,Simple pass,44,21,52.0,63.0
4,Huskies,Huskies_D4,Huskies_M4,2H,6389.964746,Simple pass,32,10,45.0,28.0
4,Huskies,Huskies_M4,Huskies_D4,2H,6391.222276,Simple pass,45,28,37.0,8.0
4,Huskies,Huskies_D4,Huskies_M4,2H,6396.720058,Simple pass,37,8,46.0,20.0
4,Huskies,Huskies_M4,Huskies_D2,2H,6398.7450260000005,Simple pass,46,20,26.0,37.0
4,Huskies,Huskies_D2,Huskies_M3,2H,6401.300217,Simple pass,26,37,38.0,53.0
4,Huskies,Huskies_M3,Huskies_D2,2H,6405.396966,Simple pass,38,53,50.0,23.0
4,Huskies,Huskies_D2,Huskies_D4,2H,6408.765893,Simple pass,50,23,64.0,2.0
4,Huskies,Huskies_D4,Huskies_M9,2H,6410.97118,Simple pass,64,2,70.0,30.0
4,Huskies,Huskies_D4,Huskies_M4,2H,6421.822949,Simple pass,69,9,52.0,10.0
4,Huskies,Huskies_M4,Huskies_D2,2H,6423.522603,Simple pass,52,10,29.0,25.0
4,Huskies,Huskies_D2,Huskies_M4,2H,6426.960765,Simple pass,29,25,49.0,31.0
4,Huskies,Huskies_M4,Huskies_D5,2H,6427.771404,Simple pass,49,31,64.0,94.0
4,Huskies,Huskies_D5,Huskies_M3,2H,6434.266145,Simple pass,64,94,46.0,64.0
4,Huskies,Huskies_M3,Huskies_D2,2H,6439.874455,Simple pass,46,64,40.0,31.0
4,Huskies,Huskies_D2,Huskies_D4,2H,6445.025229,Simple pass,40,31,63.0,19.0
4,Huskies,Huskies_D4,Huskies_F2,2H,6447.502934,Simple pass,63,19,76.0,36.0
4,Huskies,Huskies_F2,Huskies_F2,2H,6450.205159,Simple pass,76,36,77.0,33.0
4,Huskies,Huskies_F2,Huskies_M4,2H,6453.307335,Simple pass,77,33,67.0,45.0
4,Huskies,Huskies_M4,Huskies_D5,2H,6456.886569,High pass,67,45,97.0,67.0
4,Huskies,Huskies_D5,Huskies_M6,2H,6459.952779,Simple pass,97,67,91.0,67.0
4,Huskies,Huskies_M6,Huskies_M3,2H,6469.457103000001,Simple pass,89,71,13.0,13.0
4,Opponent4,Opponent4_D5,Opponent4_M6,2H,6508.060656,Simple pass,89,3,75.0,10.0
4,Opponent4,Opponent4_M6,Opponent4_F2,2H,6509.056122,Simple pass,75,10,86.0,24.0
4,Opponent4,Opponent4_F2,Opponent4_M6,2H,6511.224032,Simple pass,86,24,81.0,26.0
4,Opponent4,Opponent4_M6,Opponent4_M5,2H,6512.296992,Simple pass,81,26,78.0,39.0
4,Opponent4,Opponent4_M5,Opponent4_D4,2H,6514.567598,Simple pass,78,39,81.0,83.0
4,Opponent4,Opponent4_D4,Opponent4_F2,2H,6517.826816,Cross,81,83,93.0,48.0
