MatchID,TeamID,OriginPlayerID,DestinationPlayerID,MatchPeriod,EventTime,EventSubType,EventOrigin_x,EventOrigin_y,EventDestination_x,EventDestination_y
2,Opponent2,Opponent2_F1,Opponent2_M1,1H,1.6955560000000034,Simple pass,49,48,43.0,51.0
2,Opponent2,Opponent2_M1,Opponent2_D1,1H,4.861992999999998,High pass,43,51,78.0,80.0
2,Opponent2,Opponent2_D1,Opponent2_F2,1H,7.12717,Simple pass,78,80,83.0,77.0
2,Opponent2,Opponent2_D2,Opponent2_F1,1H,37.255054,Head pass,33,48,61.0,60.0
2,Huskies,Huskies_F2,Huskies_D4,1H,43.463685,Simple pass,43,26,41.0,8.0
2,Opponent2,Opponent2_F1,Opponent2_F2,1H,68.094679,Simple pass,67,93,9.0,10.0
2,Opponent2,Opponent2_F1,Opponent2_M2,1H,76.259135,Simple pass,91,79,88.0,71.0
2,Opponent2,Opponent2_M2,Opponent2_D1,1H,77.117155,Simple pass,88,71,88.0,84.0
2,Opponent2,Opponent2_D1,Opponent2_M2,1H,78.296032,Simple pass,88,84,73.0,79.0
2,Opponent2,Opponent2_M2,Opponent2_D2,1H,81.261926,Simple pass,73,79,75.0,30.0
2,Huskies,Huskies_G1,Huskies_D1,1H,96.644054,Hand pass,12,53,28.0,99.0
2,Opponent2,Opponent2_D2,Opponent2_G1,1H,141.13452,Simple pass,6,8,10.0,51.0
2,Opponent2,Opponent2_G1,Opponent2_D3,1H,145.446691,Simple pass,10,51,26.0,64.0
2,Opponent2,Opponent2_D3,Opponent2_D2,1H,150.321506,Simple pass,26,64,39.0,28.0
2,Opponent2,Opponent2_D2,Opponent2_D3,1H,160.530699,Simple pass,39,28,31.0,48.0
2,Opponent2,Opponent2_D3,Opponent2_D2,1H,162.63175,Simple pass,31,48,44.0,26.0
2,Opponent2,Opponent2_D2,Opponent2_M4,1H,165.754164,Simple pass,44,26,55.0,2.0
2,Huskies,Huskies_M1,Huskies_D6,1H,173.929738,Simple pass,38,87,27.0,93.0
2,Huskies,Huskies_D6,Huskies_F1,1H,176.436821,High pass,27,93,83.0,79.0
2,Opponent2,Opponent2_D2,Opponent2_F1,1H,208.430173,Simple pass,27,18,45.0,25.0
2,Opponent2,Opponent2_F1,Opponent2_D2,1H,208.817667,Simple pass,45,25,35.0,18.0
2,Opponent2,Opponent2_D2,Opponent2_M1,1H,211.483873,Simple pass,35,18,32.0,27.0
2,Opponent2,Opponent2_M1,Opponent2_D2,1H,212.771903,Simple pass,32,27,60.0,19.0
2,Opponent2,Opponent2_M3,Opponent2_D2,1H,221.338154,Simple pass,58,7,38.0,22.0
2,Opponent2,Opponent2_D2,Opponent2_D3,1H,224.717935,Simple pass,38,22,34.0,35.0
2,Opponent2,Opponent2_D3,Opponent2_D2,1H,226.442154,Simple pass,34,35,40.0,19.0
2,Opponent2,Opponent2_D2,Opponent2_F1,1H,227.69996300000005,Simple pass,40,19,59.0,35.0
2,Opponent2,Opponent2_F1,Opponent2_D2,1H,229.445266,Simple pass,59,35,50.0,21.0
2,Opponent2,Opponent2_D2,Opponent2_M4,1H,230.493411,Simple pass,50,21,64.0,19.0
2,Huskies,Huskies_F2,Huskies_D4,1H,249.373849,Simple pass,41,11,36.0,5.0
2,Opponent2,Opponent2_M2,Opponent2_F1,1H,253.81469600000003,Simple pass,63,94,61.0,81.0
2,Opponent2,Opponent2_F1,Opponent2_D1,1H,254.721827,Simple pass,61,81,58.0,83.0
2,Opponent2,Opponent2_D1,Opponent2_D4,1H,256.440901,Simple pass,58,83,32.0,76.0
2,Opponent2,Opponent2_D4,Opponent2_D2,1H,258.063485,Simple pass,32,76,39.0,26.0
2,Opponent2,Opponent2_D2,Opponent2_F2,1H,264.847271,Simple pass,62,18,73.0,25.0
2,Opponent2,Opponent2_F2,Opponent2_M3,1H,270.547544,Simple pass,86,16,86.0,26.0
2,Opponent2,Opponent2_M4,Opponent2_M1,1H,376.110583,Simple pass,15,5,18.0,23.0
2,Opponent2,Opponent2_M1,Opponent2_F2,1H,379.868556,Simple pass,18,23,52.0,45.0
2,Opponent2,Opponent2_F1,Opponent2_M4,1H,461.002644,Simple pass,38,15,36.0,20.0
2,Opponent2,Opponent2_M4,Opponent2_D3,1H,463.067929,Simple pass,36,20,25.0,47.0
2,Opponent2,Opponent2_D3,Opponent2_D4,1H,465.724528,Simple pass,25,47,31.0,60.0
2,Opponent2,Opponent2_D4,Opponent2_D2,1H,470.017759,Simple pass,31,60,42.0,20.0
2,Opponent2,Opponent2_D2,Opponent2_M3,1H,474.796274,Simple pass,62,19,75.0,4.0
2,Opponent2,Opponent2_M3,Opponent2_M4,1H,476.787422,Simple pass,75,4,77.0,13.0
2,Huskies,Huskies_D1,Huskies_G1,1H,532.329688,Simple pass,17,86,9.0,49.0
2,Opponent2,Opponent2_D1,Opponent2_F2,1H,538.88638,Head pass,40,75,65.0,64.0
2,Huskies,Huskies_M1,Huskies_D6,1H,544.179035,Simple pass,39,66,46.0,93.0
2,Huskies,Huskies_D6,Huskies_F1,1H,545.570114,Simple pass,46,93,70.0,95.0
2,Huskies,Huskies_M4,Huskies_D6,1H,565.095671,Simple pass,72,96,71.0,97.0
2,Huskies,Huskies_D6,Huskies_F1,1H,566.409836,Simple pass,71,97,83.0,91.0
2,Opponent2,Opponent2_D3,Opponent2_D4,1H,583.038508,Simple pass,24,57,26.0,81.0
2,Opponent2,Opponent2_D4,Opponent2_D3,1H,586.183471,Simple pass,26,81,25.0,62.0
2,Opponent2,Opponent2_D3,Opponent2_D2,1H,589.068375,Simple pass,25,62,36.0,23.0
2,Opponent2,Opponent2_D2,Opponent2_F1,1H,592.748717,Simple pass,36,23,61.0,24.0
2,Huskies,Huskies_D3,Huskies_M1,1H,598.635739,Simple pass,17,43,16.0,80.0
2,Huskies,Huskies_M1,Huskies_D1,1H,602.344822,Simple pass,16,80,18.0,69.0
2,Opponent2,Opponent2_M4,Opponent2_M3,1H,620.607021,Simple pass,54,16,41.0,7.0
2,Opponent2,Opponent2_M3,Opponent2_D2,1H,623.180096,Simple pass,41,7,29.0,20.0
2,Opponent2,Opponent2_D2,Opponent2_F1,1H,628.341401,Simple pass,29,20,60.0,21.0
2,Opponent2,Opponent2_F1,Opponent2_M4,1H,632.839931,Simple pass,60,21,74.0,7.0
2,Opponent2,Opponent2_M4,Opponent2_F1,1H,635.510446,Simple pass,74,7,81.0,7.0
2,Huskies,Huskies_M1,Huskies_M3,1H,755.451091,Simple pass,28,68,29.0,50.0
2,Huskies,Huskies_M3,Huskies_D4,1H,758.410154,Simple pass,29,50,25.0,32.0
2,Huskies,Huskies_D4,Huskies_G1,1H,760.148237,Simple pass,25,32,11.0,35.0
2,Huskies,Huskies_D4,Huskies_M3,1H,773.177129,Head pass,35,15,46.0,29.0
2,Huskies,Huskies_M3,Huskies_D4,1H,774.362212,Head pass,46,29,39.0,9.0
2,Huskies,Huskies_D4,Huskies_D3,1H,776.652316,Simple pass,39,9,27.0,7.0
2,Huskies,Huskies_D3,Huskies_G1,1H,781.62042,Simple pass,27,7,11.0,19.0
2,Huskies,Huskies_D3,Huskies_F2,1H,789.801191,Launch,33,8,67.0,7.0
2,Huskies,Huskies_D2,Huskies_M1,1H,798.499849,Head pass,32,37,43.0,33.0
2,Huskies,Huskies_M1,Huskies_M4,1H,833.096195,Simple pass,62,41,68.0,54.0
2,Huskies,Huskies_M4,Huskies_D6,1H,834.005299,Simple pass,68,54,70.0,83.0
2,Huskies,Huskies_D1,Huskies_D3,1H,857.694934,Simple pass,38,83,37.0,36.0
2,Huskies,Huskies_D3,Huskies_D2,1H,861.614038,Simple pass,37,36,39.0,61.0
2,Huskies,Huskies_D2,Huskies_D1,1H,863.490142,Simple pass,39,61,38.0,85.0
2,Opponent2,Opponent2_M3,Opponent2_M2,1H,868.694936,Simple pass,38,22,64.0,53.0
2,Opponent2,Opponent2_M1,Opponent2_M3,1H,889.02363,Simple pass,67,19,72.0,12.0
2,Opponent2,Opponent2_M3,Opponent2_M4,1H,893.136438,Simple pass,72,12,70.0,4.0
2,Opponent2,Opponent2_M4,Opponent2_D2,1H,894.295435,Simple pass,70,4,63.0,20.0
2,Opponent2,Opponent2_D2,Opponent2_D3,1H,899.504669,Simple pass,63,20,31.0,32.0
2,Opponent2,Opponent2_D3,Opponent2_D2,1H,902.697657,Simple pass,31,32,43.0,22.0
2,Opponent2,Opponent2_D2,Opponent2_F1,1H,904.609876,Simple pass,43,22,64.0,24.0
2,Opponent2,Opponent2_F1,Opponent2_D2,1H,905.271148,Simple pass,64,24,57.0,8.0
2,Opponent2,Opponent2_D2,Opponent2_M3,1H,909.076458,Simple pass,57,8,70.0,4.0
2,Opponent2,Opponent2_M3,Opponent2_M1,1H,910.997372,Simple pass,70,4,65.0,20.0
2,Opponent2,Opponent2_M1,Opponent2_M4,1H,914.594821,Simple pass,65,20,76.0,56.0
2,Huskies,Huskies_G1,Huskies_F1,1H,920.060903,High pass,13,49,65.0,32.0
2,Huskies,Huskies_F1,Huskies_M4,1H,928.457219,Simple pass,82,33,77.0,50.0
2,Opponent2,Opponent2_D2,Opponent2_F2,1H,955.096864,Simple pass,34,21,58.0,28.0
2,Huskies,Huskies_D3,Huskies_D1,1H,958.076093,Simple pass,37,51,32.0,70.0
2,Huskies,Huskies_D1,Huskies_G1,1H,959.746197,Simple pass,32,70,6.0,55.0
2,Huskies,Huskies_G1,Huskies_D6,1H,964.689415,High pass,6,55,48.0,96.0
2,Opponent2,Opponent2_M2,Opponent2_F1,1H,1048.116423,Head pass,36,23,61.0,14.0
2,Opponent2,Opponent2_M2,Opponent2_M4,1H,1052.558637,Simple pass,59,20,67.0,19.0
2,Huskies,Huskies_M3,Huskies_F2,1H,1056.157873,Simple pass,32,65,39.0,68.0
2,Huskies,Huskies_F2,Huskies_F1,1H,1059.010956,High pass,39,68,95.0,93.0
2,Huskies,Huskies_F1,Huskies_M1,1H,1065.426244,Simple pass,95,93,75.0,76.0
2,Huskies,Huskies_F2,Huskies_D6,1H,1071.094493,Simple pass,71,80,79.0,98.0
2,Opponent2,Opponent2_G1,Opponent2_M3,1H,1117.572473,Hand pass,8,70,39.0,72.0
2,Huskies,Huskies_D3,Huskies_G1,1H,1123.52765,Simple pass,41,56,16.0,55.0
2,Opponent2,Opponent2_M1,Opponent2_M4,1H,1131.077926,Head pass,32,25,33.0,8.0
2,Opponent2,Opponent2_M4,Opponent2_D2,1H,1133.440017,Simple pass,33,8,26.0,11.0
2,Opponent2,Opponent2_D2,Opponent2_M1,1H,1136.704235,Simple pass,26,11,28.0,24.0
2,Opponent2,Opponent2_M1,Opponent2_D4,1H,1138.681709,Simple pass,28,24,39.0,76.0
2,Opponent2,Opponent2_D4,Opponent2_F2,1H,1147.088599,Simple pass,72,68,70.0,57.0
2,Opponent2,Opponent2_F2,Opponent2_D4,1H,1149.03353,Simple pass,70,57,63.0,64.0
2,Opponent2,Opponent2_D4,Opponent2_D2,1H,1153.77022,Simple pass,63,64,61.0,24.0
2,Opponent2,Opponent2_D2,Opponent2_M1,1H,1158.213341,Simple pass,61,24,64.0,53.0
2,Opponent2,Opponent2_M1,Opponent2_F2,1H,1160.109718,Simple pass,64,53,73.0,73.0
2,Opponent2,Opponent2_F2,Opponent2_D1,1H,1164.401164,Simple pass,73,73,69.0,76.0
2,Opponent2,Opponent2_D1,Opponent2_M4,1H,1165.764676,Simple pass,69,76,79.0,76.0
2,Opponent2,Opponent2_D2,Opponent2_D4,1H,1195.893298,Simple pass,52,36,34.0,55.0
2,Opponent2,Opponent2_D4,Opponent2_M1,1H,1198.353817,Simple pass,34,55,58.0,20.0
2,Opponent2,Opponent2_M1,Opponent2_M3,1H,1203.230117,Smart pass,58,20,86.0,25.0
2,Huskies,Huskies_D6,Huskies_F1,1H,1207.698481,High pass,15,95,61.0,75.0
2,Opponent2,Opponent2_D2,Opponent2_D3,1H,1212.767107,Head pass,33,24,20.0,35.0
2,Opponent2,Opponent2_D3,Opponent2_D2,1H,1217.364734,Simple pass,20,35,34.0,26.0
2,Opponent2,Opponent2_D2,Opponent2_F1,1H,1224.47084,Simple pass,34,26,59.0,23.0
2,Opponent2,Opponent2_F1,Opponent2_M1,1H,1228.392086,Simple pass,59,23,55.0,49.0
2,Opponent2,Opponent2_M1,Opponent2_F2,1H,1231.222238,Simple pass,55,49,71.0,54.0
2,Opponent2,Opponent2_F2,Opponent2_F1,1H,1233.007013,Simple pass,71,54,66.0,25.0
2,Opponent2,Opponent2_M2,Opponent2_D2,1H,1235.64991,Simple pass,66,16,57.0,23.0
2,Opponent2,Opponent2_D2,Opponent2_F1,1H,1238.808293,Simple pass,57,23,67.0,24.0
2,Opponent2,Opponent2_F1,Opponent2_D2,1H,1239.257682,Simple pass,67,24,60.0,23.0
2,Opponent2,Opponent2_D2,Opponent2_M2,1H,1241.462793,Simple pass,60,23,62.0,25.0
2,Opponent2,Opponent2_M2,Opponent2_D2,1H,1246.218486,Simple pass,62,25,63.0,10.0
2,Huskies,Huskies_D1,Huskies_G1,1H,1250.569366,Simple pass,26,82,9.0,50.0
2,Huskies,Huskies_F2,Huskies_D6,1H,1264.090335,Simple pass,67,71,63.0,93.0
2,Huskies,Huskies_D6,Huskies_F2,1H,1267.150439,Simple pass,63,93,65.0,87.0
2,Huskies,Huskies_F2,Huskies_M1,1H,1269.435543,Simple pass,65,87,61.0,87.0
2,Huskies,Huskies_M1,Huskies_D6,1H,1270.727647,Simple pass,61,87,67.0,96.0
2,Huskies,Huskies_D6,Huskies_M4,1H,1273.855121,Simple pass,67,96,69.0,77.0
2,Huskies,Huskies_M4,Huskies_M1,1H,1274.764225,Simple pass,69,77,68.0,68.0
2,Huskies,Huskies_M1,Huskies_M3,1H,1279.653475,Simple pass,69,66,59.0,62.0
2,Huskies,Huskies_M3,Huskies_D1,1H,1281.712621,Simple pass,59,62,43.0,72.0
2,Huskies,Huskies_D1,Huskies_D3,1H,1283.079767,Simple pass,43,72,38.0,27.0
2,Huskies,Huskies_D3,Huskies_D2,1H,1286.329871,Simple pass,38,27,35.0,54.0
2,Huskies,Huskies_D2,Huskies_D1,1H,1290.484975,Simple pass,35,54,37.0,81.0
2,Huskies,Huskies_D1,Huskies_D2,1H,1292.160142,Simple pass,37,81,35.0,48.0
2,Huskies,Huskies_D2,Huskies_D3,1H,1293.713246,Simple pass,35,48,37.0,11.0
2,Opponent2,Opponent2_D4,Opponent2_D1,1H,1299.412416,Head pass,23,81,31.0,80.0
2,Opponent2,Opponent2_D1,Opponent2_F1,1H,1302.828798,Simple pass,31,80,57.0,70.0
2,Opponent2,Opponent2_F1,Opponent2_M4,1H,1305.943786,Simple pass,62,75,67.0,91.0
2,Opponent2,Opponent2_M4,Opponent2_M2,1H,1307.69558,Simple pass,67,91,9.0,5.0
2,Opponent2,Opponent2_M2,Opponent2_F2,1H,1382.722814,Simple pass,41,23,64.0,23.0
2,Huskies,Huskies_M4,Huskies_D3,1H,1391.086975,Simple pass,26,69,21.0,50.0
2,Huskies,Huskies_D3,Huskies_F1,1H,1392.467223,High pass,21,50,42.0,75.0
2,Huskies,Huskies_M1,Huskies_F1,1H,1397.616534,High pass,34,83,79.0,88.0
2,Opponent2,Opponent2_D2,Opponent2_G1,1H,1453.412931,Simple pass,23,15,12.0,50.0
2,Opponent2,Opponent2_G1,Opponent2_D4,1H,1457.20683,Simple pass,12,50,26.0,85.0
2,Opponent2,Opponent2_D4,Opponent2_M4,1H,1460.316739,High pass,26,85,73.0,91.0
2,Huskies,Huskies_M3,Huskies_G1,1H,1466.57508,Simple pass,11,12,6.0,31.0
2,Huskies,Huskies_D3,Huskies_F1,1H,1472.150902,Launch,27,20,62.0,26.0
2,Opponent2,Opponent2_D2,Opponent2_M1,1H,1490.527668,Simple pass,42,39,56.0,46.0
2,Opponent2,Opponent2_M1,Opponent2_F2,1H,1495.911962,Simple pass,56,46,72.0,23.0
2,Opponent2,Opponent2_F2,Opponent2_M2,1H,1500.874704,Simple pass,72,23,67.0,15.0
2,Opponent2,Opponent2_M2,Opponent2_M3,1H,1502.461678,Simple pass,67,15,76.0,9.0
2,Opponent2,Opponent2_M3,Opponent2_M2,1H,1504.290477,Simple pass,76,9,71.0,7.0
2,Opponent2,Opponent2_M2,Opponent2_D2,1H,1505.738715,Simple pass,71,7,61.0,10.0
2,Opponent2,Opponent2_D2,Opponent2_M1,1H,1507.179844,Simple pass,61,10,56.0,23.0
2,Opponent2,Opponent2_M1,Opponent2_D2,1H,1509.190341,Simple pass,56,23,59.0,16.0
2,Opponent2,Opponent2_D2,Opponent2_D4,1H,1515.071448,Simple pass,59,16,71.0,70.0
2,Opponent2,Opponent2_D4,Opponent2_F1,1H,1519.308095,Simple pass,71,70,70.0,48.0
2,Opponent2,Opponent2_F1,Opponent2_D4,1H,1521.169726,Simple pass,70,48,61.0,66.0
2,Opponent2,Opponent2_D4,Opponent2_M4,1H,1524.735195,Simple pass,61,66,71.0,47.0
2,Opponent2,Opponent2_M4,Opponent2_D2,1H,1526.382731,Simple pass,71,47,67.0,26.0
2,Opponent2,Opponent2_D4,Opponent2_M1,1H,1607.181079,Simple pass,20,21,30.0,20.0
2,Opponent2,Opponent2_M1,Opponent2_F1,1H,1609.250638,Simple pass,30,20,40.0,25.0
2,Huskies,Huskies_D3,Huskies_M3,1H,1614.412937,Simple pass,47,53,52.0,40.0
2,Huskies,Huskies_M3,Huskies_D4,1H,1616.085083,Simple pass,52,40,40.0,13.0
2,Huskies,Huskies_D4,Huskies_D3,1H,1620.454187,Simple pass,40,13,28.0,36.0
2,Huskies,Huskies_D3,Huskies_G1,1H,1622.984291,Simple pass,28,36,16.0,59.0
2,Huskies,Huskies_M1,Huskies_F2,1H,1636.690116,Simple pass,50,94,62.0,94.0
2,Huskies,Huskies_F2,Huskies_M4,1H,1641.32222,Simple pass,62,94,67.0,99.0
2,Huskies,Huskies_M4,Huskies_F2,1H,1642.912324,Simple pass,67,99,65.0,91.0
2,Huskies,Huskies_F2,Huskies_M1,1H,1645.255428,Simple pass,65,91,56.0,85.0
2,Huskies,Huskies_M1,Huskies_D1,1H,1647.462532,Simple pass,56,85,36.0,80.0
2,Huskies,Huskies_D1,Huskies_M3,1H,1651.034678,Simple pass,36,80,42.0,73.0
2,Huskies,Huskies_M1,Huskies_D6,1H,1654.169988,Head pass,49,91,67.0,98.0
2,Huskies,Huskies_F2,Huskies_M3,1H,1669.970064,Simple pass,70,74,63.0,80.0
2,Huskies,Huskies_M3,Huskies_D1,1H,1672.311147,Simple pass,63,80,60.0,86.0
2,Huskies,Huskies_D1,Huskies_D6,1H,1674.87223,Simple pass,60,86,72.0,98.0
2,Huskies,Huskies_D6,Huskies_D6,1H,1677.524334,Simple pass,72,98,75.0,98.0
2,Huskies,Huskies_M1,Huskies_D6,1H,1692.286598,Simple pass,77,95,91.0,94.0
2,Huskies,Huskies_D6,Huskies_M4,1H,1692.999723,Simple pass,91,94,91.0,85.0
2,Opponent2,Opponent2_M2,Opponent2_M4,1H,1697.811438,Simple pass,18,17,24.0,14.0
2,Opponent2,Opponent2_M4,Opponent2_M2,1H,1700.775033,Simple pass,24,14,34.0,35.0
2,Opponent2,Opponent2_M2,Opponent2_F2,1H,1706.903609,Simple pass,61,36,89.0,69.0
2,Opponent2,Opponent2_F2,Opponent2_D1,1H,1711.926016,Simple pass,94,72,76.0,86.0
2,Opponent2,Opponent2_D1,Opponent2_M4,1H,1714.136621,Simple pass,76,86,73.0,55.0
2,Huskies,Huskies_M4,Huskies_M1,1H,1718.972965,Simple pass,33,55,32.0,39.0
2,Huskies,Huskies_M1,Huskies_F1,1H,1721.93409,Simple pass,32,39,92.0,88.0
2,Huskies,Huskies_M1,Huskies_M3,1H,1738.720609,Simple pass,43,32,39.0,31.0
2,Huskies,Huskies_M3,Huskies_F2,1H,1744.036713,Simple pass,39,31,39.0,23.0
2,Huskies,Huskies_F2,Huskies_D2,1H,1746.915127,Simple pass,39,23,34.0,62.0
2,Huskies,Huskies_D2,Huskies_D1,1H,1749.374273,Simple pass,34,62,32.0,86.0
2,Huskies,Huskies_D1,Huskies_D6,1H,1752.741377,High pass,32,86,74.0,94.0
2,Huskies,Huskies_M1,Huskies_F2,1H,1827.447371,Simple pass,39,72,45.0,54.0
2,Huskies,Huskies_F2,Huskies_F1,1H,1832.435537,High pass,45,54,84.0,10.0
2,Opponent2,Opponent2_D3,Opponent2_D4,1H,1844.935508,Simple pass,11,52,27.0,18.0
2,Opponent2,Opponent2_D4,Opponent2_F1,1H,1852.227535,Simple pass,27,18,38.0,24.0
2,Opponent2,Opponent2_F1,Opponent2_D4,1H,1854.722478,Simple pass,38,24,54.0,17.0
2,Opponent2,Opponent2_D4,Opponent2_M1,1H,1862.29894,Simple pass,54,17,42.0,35.0
2,Opponent2,Opponent2_M1,Opponent2_M2,1H,1864.80396,Simple pass,42,35,55.0,44.0
2,Opponent2,Opponent2_M2,Opponent2_D4,1H,1865.787946,Simple pass,55,44,60.0,16.0
2,Opponent2,Opponent2_D4,Opponent2_M1,1H,1871.929694,Simple pass,68,16,59.0,30.0
2,Opponent2,Opponent2_M1,Opponent2_F2,1H,1875.324436,Simple pass,59,30,69.0,17.0
2,Opponent2,Opponent2_F2,Opponent2_M2,1H,1878.430344,Simple pass,69,17,73.0,24.0
2,Opponent2,Opponent2_M4,Opponent2_M1,1H,1926.32665,Simple pass,34,25,30.0,21.0
2,Opponent2,Opponent2_F1,Opponent2_M4,1H,1929.772613,Simple pass,42,29,59.0,31.0
2,Opponent2,Opponent2_M4,Opponent2_F2,1H,1934.858595,Simple pass,78,33,90.0,58.0
2,Opponent2,Opponent2_D2,Opponent2_M1,1H,1948.913038,Simple pass,67,77,65.0,60.0
2,Opponent2,Opponent2_M1,Opponent2_M2,1H,1950.900178,Simple pass,65,60,65.0,28.0
2,Opponent2,Opponent2_M2,Opponent2_D4,1H,1952.26667,Simple pass,65,28,60.0,17.0
2,Opponent2,Opponent2_D4,Opponent2_D2,1H,1957.606288,Simple pass,60,17,63.0,74.0
2,Opponent2,Opponent2_D2,Opponent2_D3,1H,1959.624452,Simple pass,63,74,47.0,49.0
2,Opponent2,Opponent2_D3,Opponent2_M1,1H,1961.887769,Simple pass,47,49,54.0,45.0
2,Opponent2,Opponent2_M1,Opponent2_D1,1H,1963.341983,Simple pass,54,45,60.0,89.0
2,Opponent2,Opponent2_D1,Opponent2_D3,1H,1966.038185,Head pass,60,89,38.0,76.0
2,Opponent2,Opponent2_D3,Opponent2_D1,1H,1968.674039,Simple pass,38,76,36.0,88.0
2,Opponent2,Opponent2_D1,Opponent2_D3,1H,1971.262532,Simple pass,36,88,18.0,85.0
2,Opponent2,Opponent2_D3,Opponent2_G1,1H,1973.486415,Simple pass,18,85,12.0,31.0
2,Opponent2,Opponent2_G1,Opponent2_D4,1H,1977.988928,Simple pass,12,31,34.0,17.0
2,Opponent2,Opponent2_D4,Opponent2_F1,1H,1982.625604,Simple pass,34,17,66.0,18.0
2,Opponent2,Opponent2_F1,Opponent2_M2,1H,1985.681791,Simple pass,66,18,87.0,25.0
2,Opponent2,Opponent2_D4,Opponent2_D3,1H,1996.636899,Simple pass,54,17,41.0,42.0
2,Opponent2,Opponent2_D3,Opponent2_D2,1H,1998.222888,Simple pass,41,42,47.0,76.0
2,Opponent2,Opponent2_D1,Opponent2_M1,1H,2006.657058,Simple pass,68,81,61.0,66.0
2,Opponent2,Opponent2_M1,Opponent2_D2,1H,2010.037999,Simple pass,61,66,64.0,78.0
2,Opponent2,Opponent2_D2,Opponent2_F2,1H,2016.727013,Simple pass,64,78,72.0,58.0
2,Opponent2,Opponent2_F2,Opponent2_M2,1H,2022.251654,Smart pass,72,58,91.0,38.0
2,Opponent2,Opponent2_F1,Opponent2_M1,1H,2029.980858,Simple pass,74,22,70.0,31.0
2,Opponent2,Opponent2_M1,Opponent2_M4,1H,2031.422184,Simple pass,70,31,74.0,66.0
2,Opponent2,Opponent2_M4,Opponent2_D2,1H,2033.676671,Simple pass,74,66,63.0,76.0
2,Opponent2,Opponent2_D2,Opponent2_D1,1H,2036.380311,Simple pass,63,76,73.0,90.0
2,Huskies,Huskies_M3,Huskies_D2,1H,2055.429365,Simple pass,28,30,23.0,39.0
2,Huskies,Huskies_D2,Huskies_M4,1H,2056.103615,Simple pass,23,39,31.0,55.0
2,Huskies,Huskies_M4,Huskies_M3,1H,2057.881719,Simple pass,31,55,27.0,48.0
2,Opponent2,Opponent2_D4,Opponent2_M3,1H,2061.556057,Head pass,32,23,5.0,2.0
2,Huskies,Huskies_F1,Huskies_D6,1H,2065.862801,Simple pass,67,96,67.0,87.0
2,Huskies,Huskies_D6,Huskies_F1,1H,2071.337066,Simple pass,78,68,91.0,75.0
2,Huskies,Huskies_F1,Huskies_F2,1H,2073.628968,Cross,92,76,90.0,58.0
2,Opponent2,Opponent2_M1,Opponent2_D4,1H,2144.529452,Simple pass,41,52,40.0,26.0
2,Opponent2,Opponent2_D4,Opponent2_M1,1H,2148.492981,Simple pass,40,26,53.0,49.0
2,Opponent2,Opponent2_M1,Opponent2_D4,1H,2150.505921,Simple pass,53,49,59.0,17.0
2,Opponent2,Opponent2_D4,Opponent2_M2,1H,2153.306498,Simple pass,59,17,67.0,14.0
2,Opponent2,Opponent2_M2,Opponent2_M1,1H,2158.490572,Simple pass,67,14,44.0,34.0
2,Opponent2,Opponent2_M1,Opponent2_D3,1H,2161.932086,Simple pass,44,34,38.0,44.0
2,Opponent2,Opponent2_D3,Opponent2_D4,1H,2165.170817,Simple pass,38,44,62.0,11.0
2,Opponent2,Opponent2_D4,Opponent2_M1,1H,2170.36238,Simple pass,62,11,56.0,33.0
2,Opponent2,Opponent2_M1,Opponent2_D4,1H,2174.25592,Simple pass,56,33,72.0,22.0
2,Opponent2,Opponent2_F1,Opponent2_M4,1H,2182.510169,Simple pass,88,43,74.0,47.0
2,Opponent2,Opponent2_D4,Opponent2_M4,1H,2189.441573,Simple pass,70,13,64.0,14.0
2,Opponent2,Opponent2_M4,Opponent2_D3,1H,2191.526451,Simple pass,64,14,61.0,29.0
2,Opponent2,Opponent2_D3,Opponent2_D4,1H,2194.497236,Simple pass,61,29,59.0,5.0
2,Opponent2,Opponent2_M3,Opponent2_F1,1H,2288.374582,Simple pass,35,8,39.0,16.0
2,Huskies,Huskies_F2,Huskies_D3,1H,2292.403581,Simple pass,67,75,38.0,53.0
2,Huskies,Huskies_D3,Huskies_G1,1H,2295.739706,Simple pass,38,53,13.0,68.0
2,Opponent2,Opponent2_M1,Opponent2_D3,1H,2324.392349,Simple pass,48,33,47.0,53.0
2,Opponent2,Opponent2_D3,Opponent2_D2,1H,2326.403342,Simple pass,47,53,57.0,74.0
2,Opponent2,Opponent2_D1,Opponent2_D2,1H,2333.669684,Simple pass,58,70,40.0,83.0
2,Opponent2,Opponent2_D2,Opponent2_D4,1H,2337.128402,Simple pass,40,83,57.0,18.0
2,Opponent2,Opponent2_M4,Opponent2_F1,1H,2393.027729,Smart pass,70,30,88.0,37.0
2,Huskies,Huskies_F1,Huskies_D6,1H,2436.05135,Simple pass,65,95,54.0,95.0
2,Opponent2,Opponent2_M3,Opponent2_D3,1H,2448.322464,Simple pass,17,7,8.0,15.0
2,Opponent2,Opponent2_D3,Opponent2_M3,1H,2450.540946,Simple pass,8,15,26.0,8.0
2,Opponent2,Opponent2_M3,Opponent2_M2,1H,2452.571403,Simple pass,26,8,24.0,18.0
2,Opponent2,Opponent2_M2,Opponent2_D3,1H,2456.714065,Simple pass,24,18,16.0,49.0
2,Opponent2,Opponent2_D3,Opponent2_D2,1H,2458.567808,Simple pass,16,49,38.0,67.0
2,Huskies,Huskies_D6,Huskies_M1,1H,2507.90303,Simple pass,77,90,68.0,91.0
2,Huskies,Huskies_M1,Huskies_D6,1H,2510.105634,Simple pass,68,91,96.0,99.0
2,Huskies,Huskies_D6,Huskies_M1,1H,2514.8858,Simple pass,72,95,64.0,95.0
2,Huskies,Huskies_M1,Huskies_F2,1H,2515.888383,Simple pass,64,95,68.0,86.0
2,Huskies,Huskies_F2,Huskies_D1,1H,2516.779987,Simple pass,68,86,39.0,91.0
2,Huskies,Huskies_D1,Huskies_G1,1H,2520.48757,Simple pass,39,91,13.0,81.0
2,Opponent2,Opponent2_F1,Opponent2_M4,1H,2526.007379,Head pass,72,13,75.0,43.0
2,Opponent2,Opponent2_M4,Opponent2_D1,1H,2528.541073,Simple pass,75,43,78.0,69.0
2,Huskies,Huskies_F2,Huskies_D4,1H,2537.733072,Simple pass,44,38,41.0,12.0
2,Huskies,Huskies_D4,Huskies_F1,1H,2540.645676,Simple pass,41,12,59.0,14.0
2,Huskies,Huskies_F1,Huskies_F2,1H,2543.170259,Simple pass,59,14,43.0,39.0
2,Opponent2,Opponent2_M2,Opponent2_F2,1H,2555.781843,Simple pass,78,29,95.0,24.0
2,Opponent2,Opponent2_F2,Opponent2_F1,1H,2557.95541,Cross,95,24,89.0,59.0
2,Opponent2,Opponent2_D2,Opponent2_D4,1H,2703.181919,Simple pass,24,78,22.0,16.0
2,Opponent2,Opponent2_D4,Opponent2_D3,1H,2714.355812,Simple pass,29,20,33.0,53.0
2,Opponent2,Opponent2_D3,Opponent2_D2,1H,2715.681202,Simple pass,33,53,52.0,81.0
2,Opponent2,Opponent2_F1,Opponent2_M4,1H,2727.728846,Simple pass,70,85,64.0,93.0
2,Huskies,Huskies_D6,Huskies_F1,1H,2762.816826,Head pass,71,94,79.0,88.0
2,Huskies,Huskies_D1,Huskies_D2,1H,2783.160543,Simple pass,59,97,35.0,77.0
2,Huskies,Huskies_D2,Huskies_G1,1H,2786.532626,Simple pass,35,77,21.0,56.0
2,Huskies,Huskies_G1,Huskies_F2,1H,2793.572791,Launch,21,56,73.0,36.0
2,Huskies,Huskies_F2,Huskies_D3,2H,3600.486166,Simple pass,50,51,33.0,37.0
2,Huskies,Huskies_D1,Huskies_D2,2H,3636.510827,Simple pass,34,79,29.0,42.0
2,Huskies,Huskies_D2,Huskies_D3,2H,3638.935952,Simple pass,29,42,30.0,13.0
2,Huskies,Huskies_D3,Huskies_G1,2H,3641.65716,Simple pass,30,13,11.0,54.0
2,Huskies,Huskies_F1,Huskies_M1,2H,3653.076389,Simple pass,62,97,93.0,96.0
2,Huskies,Huskies_M3,Huskies_D1,2H,3658.280303,Simple pass,38,65,33.0,68.0
2,Huskies,Huskies_D1,Huskies_G1,2H,3660.063386,Simple pass,33,68,11.0,56.0
2,Huskies,Huskies_M1,Huskies_D1,2H,3671.755865,Simple pass,37,86,30.0,74.0
2,Huskies,Huskies_D1,Huskies_D2,2H,3673.871948,Simple pass,30,74,28.0,48.0
2,Huskies,Huskies_D2,Huskies_D3,2H,3678.175031,Simple pass,28,48,28.0,26.0
2,Huskies,Huskies_D3,Huskies_D1,2H,3680.641114,Simple pass,28,26,24.0,69.0
2,Huskies,Huskies_D1,Huskies_G1,2H,3683.567197,Simple pass,24,69,8.0,43.0
2,Opponent2,Opponent2_M4,Opponent2_M3,2H,3708.551619,Simple pass,48,17,38.0,18.0
2,Opponent2,Opponent2_M3,Opponent2_D4,2H,3709.584718,Simple pass,38,18,20.0,13.0
2,Opponent2,Opponent2_D4,Opponent2_G1,2H,3713.137035,Simple pass,20,13,4.0,42.0
2,Opponent2,Opponent2_G1,Opponent2_D3,2H,3715.548915,Simple pass,4,42,15.0,47.0
2,Opponent2,Opponent2_D3,Opponent2_D4,2H,3717.534162,Simple pass,15,47,19.0,12.0
2,Opponent2,Opponent2_D4,Opponent2_D2,2H,3725.841672,High pass,27,23,33.0,88.0
2,Opponent2,Opponent2_D2,Opponent2_F3,2H,3729.610293,Simple pass,33,88,59.0,98.0
2,Opponent2,Opponent2_F3,Opponent2_D2,2H,3730.381694,Simple pass,59,98,30.0,94.0
2,Opponent2,Opponent2_D2,Opponent2_D3,2H,3734.063578,Simple pass,30,94,9.0,70.0
2,Opponent2,Opponent2_D3,Opponent2_G1,2H,3736.378748,Simple pass,9,70,11.0,33.0
2,Opponent2,Opponent2_F2,Opponent2_F3,2H,3744.495697,Simple pass,56,70,82.0,79.0
2,Huskies,Huskies_D1,Huskies_M1,2H,3757.859561,Simple pass,28,74,32.0,61.0
2,Huskies,Huskies_M1,Huskies_D2,2H,3759.908644,Simple pass,32,61,25.0,65.0
2,Huskies,Huskies_D2,Huskies_D1,2H,3761.436727,Simple pass,25,65,29.0,94.0
2,Huskies,Huskies_D1,Huskies_D6,2H,3763.634893,Simple pass,29,94,39.0,89.0
2,Opponent2,Opponent2_G1,Opponent2_D4,2H,3789.582584,Simple pass,10,53,14.0,13.0
2,Opponent2,Opponent2_D4,Opponent2_G1,2H,3793.505859,Simple pass,14,13,5.0,55.0
2,Opponent2,Opponent2_G1,Opponent2_D2,2H,3797.281831,Simple pass,5,55,20.0,95.0
2,Opponent2,Opponent2_G1,Opponent2_D4,2H,3809.076808,Hand pass,13,60,44.0,31.0
2,Opponent2,Opponent2_D4,Opponent2_M2,2H,3813.888594,Simple pass,44,31,57.0,47.0
2,Opponent2,Opponent2_M2,Opponent2_D3,2H,3815.029932,Simple pass,57,47,64.0,58.0
2,Opponent2,Opponent2_D3,Opponent2_M2,2H,3818.390968,Simple pass,64,58,70.0,35.0
2,Opponent2,Opponent2_M2,Opponent2_M3,2H,3833.326716,Simple pass,64,14,40.0,18.0
2,Opponent2,Opponent2_M3,Opponent2_D4,2H,3835.849356,Simple pass,40,18,26.0,11.0
2,Opponent2,Opponent2_D4,Opponent2_G1,2H,3837.52358,Simple pass,26,11,11.0,49.0
2,Opponent2,Opponent2_G1,Opponent2_D3,2H,3842.896218,Simple pass,11,49,20.0,49.0
2,Opponent2,Opponent2_D3,Opponent2_M2,2H,3845.014153,Simple pass,20,49,34.0,47.0
2,Opponent2,Opponent2_M2,Opponent2_D4,2H,3847.544055,Simple pass,34,47,25.0,20.0
2,Opponent2,Opponent2_D4,Opponent2_F2,2H,3852.530703,Simple pass,38,21,61.0,32.0
2,Huskies,Huskies_M4,Huskies_D1,2H,3855.54933,Simple pass,36,65,30.0,73.0
2,Huskies,Huskies_D1,Huskies_D3,2H,3857.095413,Simple pass,30,73,28.0,50.0
2,Huskies,Huskies_D3,Huskies_G1,2H,3860.141517,Simple pass,28,50,9.0,53.0
2,Opponent2,Opponent2_D3,Opponent2_D4,2H,3873.345082,Simple pass,14,15,21.0,8.0
2,Opponent2,Opponent2_D4,Opponent2_D2,2H,3877.611589,High pass,21,8,27.0,84.0
2,Opponent2,Opponent2_D2,Opponent2_M4,2H,3881.065403,Simple pass,27,84,63.0,78.0
2,Opponent2,Opponent2_M4,Opponent2_D4,2H,3885.751431,Simple pass,63,78,65.0,34.0
2,Opponent2,Opponent2_D4,Opponent2_F2,2H,3891.602796,Simple pass,67,33,72.0,44.0
2,Opponent2,Opponent2_F2,Opponent2_M1,2H,3893.384183,Simple pass,72,44,70.0,49.0
2,Opponent2,Opponent2_M1,Opponent2_M4,2H,3895.409509,Simple pass,70,49,70.0,84.0
2,Opponent2,Opponent2_M4,Opponent2_M2,2H,3897.738943,Simple pass,70,84,80.0,86.0
2,Opponent2,Opponent2_M2,Opponent2_M2,2H,3899.481562,Simple pass,80,86,77.0,86.0
2,Opponent2,Opponent2_M2,Opponent2_M4,2H,3901.37987,Simple pass,77,86,81.0,74.0
2,Opponent2,Opponent2_M4,Opponent2_F2,2H,3904.135596,Simple pass,82,60,82.0,51.0
2,Opponent2,Opponent2_M2,Opponent2_M1,2H,3943.39767,Simple pass,74,85,52.0,54.0
2,Opponent2,Opponent2_M1,Opponent2_F3,2H,3947.957144,Simple pass,52,54,60.0,83.0
2,Opponent2,Opponent2_F3,Opponent2_M2,2H,3950.290195,Simple pass,60,83,67.0,85.0
2,Opponent2,Opponent2_M2,Opponent2_D2,2H,3953.496699,Simple pass,67,85,41.0,80.0
2,Opponent2,Opponent2_D2,Opponent2_G1,2H,3956.069721,Simple pass,41,80,8.0,51.0
2,Opponent2,Opponent2_G1,Opponent2_M1,2H,3963.797184,Simple pass,8,51,21.0,24.0
2,Opponent2,Opponent2_M1,Opponent2_M4,2H,3966.817386,Simple pass,21,24,27.0,30.0
2,Opponent2,Opponent2_M4,Opponent2_D4,2H,3968.14283,Simple pass,27,30,30.0,7.0
2,Opponent2,Opponent2_M2,Opponent2_M2,2H,4010.810303,Head pass,76,78,10.0,10.0
2,Opponent2,Opponent2_D4,Opponent2_M2,2H,4011.913159,Simple pass,78,72,91.0,87.0
2,Opponent2,Opponent2_M2,Opponent2_F3,2H,4018.126353,Simple pass,91,87,87.0,75.0
2,Huskies,Huskies_M1,Huskies_F2,2H,4020.858257,Simple pass,13,31,91.0,89.0
2,Opponent2,Opponent2_M4,Opponent2_F3,2H,4026.096692,Simple pass,70,80,90.0,79.0
2,Huskies,Huskies_M3,Huskies_F1,2H,4035.998963,Simple pass,29,55,31.0,74.0
2,Opponent2,Opponent2_M1,Opponent2_G1,2H,4056.22289,Simple pass,24,22,10.0,59.0
2,Opponent2,Opponent2_G1,Opponent2_D2,2H,4057.95628,Simple pass,10,59,28.0,87.0
2,Opponent2,Opponent2_D2,Opponent2_M1,2H,4064.182237,High pass,28,87,38.0,23.0
2,Opponent2,Opponent2_M1,Opponent2_M4,2H,4069.799915,Simple pass,38,23,68.0,18.0
2,Huskies,Huskies_D6,Huskies_G1,2H,4076.357565,Simple pass,19,90,6.0,72.0
2,Opponent2,Opponent2_M1,Opponent2_G1,2H,4084.960197,Simple pass,36,15,10.0,50.0
2,Opponent2,Opponent2_G1,Opponent2_D4,2H,4089.549086,Simple pass,10,50,17.0,30.0
2,Opponent2,Opponent2_D4,Opponent2_M1,2H,4091.590578,Simple pass,17,30,41.0,28.0
2,Opponent2,Opponent2_M4,Opponent2_M1,2H,4119.867411,Simple pass,66,18,68.0,29.0
2,Opponent2,Opponent2_M1,Opponent2_F2,2H,4122.245551,Simple pass,68,29,69.0,49.0
2,Opponent2,Opponent2_F2,Opponent2_M2,2H,4124.270245,Simple pass,69,49,70.0,49.0
2,Huskies,Huskies_D1,Huskies_M1,2H,4144.658708,Simple pass,17,86,26.0,66.0
2,Huskies,Huskies_M1,Huskies_D3,2H,4147.592791,Simple pass,26,66,20.0,22.0
2,Huskies,Huskies_D3,Huskies_G1,2H,4152.567895,Simple pass,20,22,3.0,9.0
2,Opponent2,Opponent2_F2,Opponent2_D4,2H,4185.320955,Simple pass,56,67,43.0,33.0
2,Opponent2,Opponent2_D4,Opponent2_M4,2H,4187.012284,Simple pass,43,33,66.0,27.0
2,Opponent2,Opponent2_M4,Opponent2_M1,2H,4191.851488,Simple pass,66,27,68.0,55.0
2,Opponent2,Opponent2_M1,Opponent2_D2,2H,4194.46384,Simple pass,68,55,62.0,86.0
2,Opponent2,Opponent2_D2,Opponent2_F3,2H,4197.248611999999,Simple pass,62,86,69.0,88.0
2,Opponent2,Opponent2_F3,Opponent2_M2,2H,4202.237455,Simple pass,73,74,77.0,62.0
2,Huskies,Huskies_D4,Huskies_M4,2H,4204.095893,Simple pass,24,31,29.0,22.0
2,Huskies,Huskies_M4,Huskies_F2,2H,4205.815976,Simple pass,29,22,28.0,6.0
2,Opponent2,Opponent2_F3,Opponent2_D2,2H,4221.060493999999,Simple pass,91,93,91.0,92.0
2,Opponent2,Opponent2_D2,Opponent2_F2,2H,4222.752987,Cross,91,92,92.0,47.0
2,Opponent2,Opponent2_M1,Opponent2_M4,2H,4227.88994,Simple pass,72,74,75.0,81.0
2,Opponent2,Opponent2_D4,Opponent2_G1,2H,4242.808392999999,Simple pass,21,50,7.0,55.0
2,Opponent2,Opponent2_G1,Opponent2_D2,2H,4243.948205000001,Simple pass,7,55,30.0,85.0
2,Opponent2,Opponent2_D2,Opponent2_M4,2H,4247.484021,Simple pass,30,85,40.0,66.0
2,Opponent2,Opponent2_M4,Opponent2_M2,2H,4250.4837800000005,Simple pass,40,66,64.0,38.0
2,Opponent2,Opponent2_M2,Opponent2_M3,2H,4251.723041,Simple pass,64,38,65.0,19.0
2,Opponent2,Opponent2_M3,Opponent2_M1,2H,4254.447002,Simple pass,65,19,53.0,39.0
2,Opponent2,Opponent2_M1,Opponent2_D4,2H,4259.533098,Simple pass,53,39,67.0,30.0
2,Opponent2,Opponent2_M1,Opponent2_M4,2H,4272.007036,Simple pass,64,52,74.0,77.0
2,Opponent2,Opponent2_M4,Opponent2_F3,2H,4274.309666,Simple pass,74,77,68.0,89.0
2,Opponent2,Opponent2_F3,Opponent2_M4,2H,4277.252026,Simple pass,68,89,75.0,81.0
2,Opponent2,Opponent2_M4,Opponent2_F3,2H,4278.682143,Simple pass,75,81,10.0,10.0
2,Opponent2,Opponent2_G1,Opponent2_D4,2H,4431.641052,Hand pass,13,49,33.0,29.0
2,Opponent2,Opponent2_D4,Opponent2_D3,2H,4439.761953,Simple pass,33,29,29.0,54.0
2,Opponent2,Opponent2_D3,Opponent2_G1,2H,4442.271172000001,Simple pass,29,54,6.0,52.0
2,Opponent2,Opponent2_G1,Opponent2_M3,2H,4446.516221,Launch,6,52,62.0,25.0
2,Huskies,Huskies_D1,Huskies_G1,2H,4451.927009999999,Simple pass,37,61,8.0,44.0
2,Huskies,Huskies_G1,Huskies_D3,2H,4455.014156,Launch,8,44,25.0,26.0
2,Huskies,Huskies_D3,Huskies_M3,2H,4458.468570999999,Head pass,25,26,32.0,16.0
2,Huskies,Huskies_M3,Huskies_D4,2H,4460.195737,Simple pass,32,16,28.0,6.0
2,Huskies,Huskies_D4,Huskies_D3,2H,4461.6228200000005,Simple pass,28,6,25.0,26.0
2,Huskies,Huskies_D3,Huskies_D4,2H,4462.477883,Simple pass,25,26,27.0,6.0
2,Huskies,Huskies_D4,Huskies_M3,2H,4464.513987,Simple pass,27,6,33.0,14.0
2,Huskies,Huskies_M3,Huskies_D3,2H,4465.753070000001,Simple pass,33,14,26.0,17.0
2,Huskies,Huskies_D3,Huskies_F2,2H,4466.990797,High pass,26,17,93.0,88.0
2,Opponent2,Opponent2_D3,Opponent2_G1,2H,4472.379778,Simple pass,24,95,11.0,56.0
2,Opponent2,Opponent2_G1,Opponent2_D4,2H,4476.500454999999,Simple pass,11,56,28.0,12.0
2,Opponent2,Opponent2_D4,Opponent2_G1,2H,4480.813969,Simple pass,28,12,12.0,33.0
2,Opponent2,Opponent2_G1,Opponent2_M1,2H,4485.072892,Simple pass,12,33,27.0,35.0
2,Opponent2,Opponent2_M1,Opponent2_G1,2H,4486.219717,Simple pass,27,35,9.0,32.0
2,Opponent2,Opponent2_G1,Opponent2_D4,2H,4490.254868,Simple pass,9,32,15.0,10.0
2,Huskies,Huskies_M1,Huskies_M3,2H,4562.635732000001,Head pass,69,67,65.0,52.0
2,Huskies,Huskies_M3,Huskies_D4,2H,4564.983815,Simple pass,65,52,53.0,23.0
2,Huskies,Huskies_D4,Huskies_D3,2H,4567.178981,Simple pass,53,23,38.0,44.0
2,Huskies,Huskies_M2,Huskies_D4,2H,4601.604144999999,Simple pass,61,6,54.0,3.0
2,Huskies,Huskies_M2,Huskies_D4,2H,4624.999288,Simple pass,76,10,80.0,5.0
2,Huskies,Huskies_M6,Huskies_M3,2H,4629.770619999999,Simple pass,73,4,76.0,0.0
2,Huskies,Huskies_M3,Huskies_D4,2H,4632.002703,Simple pass,76,0,84.0,4.0
2,Opponent2,Opponent2_M4,Opponent2_F2,2H,4714.929893,Simple pass,25,20,66.0,16.0
2,Opponent2,Opponent2_F2,Opponent2_M4,2H,4721.019453,Simple pass,69,25,70.0,36.0
2,Opponent2,Opponent2_M4,Opponent2_M2,2H,4722.758092,Simple pass,70,36,90.0,61.0
2,Opponent2,Opponent2_M2,Opponent2_F3,2H,4724.441065,Simple pass,90,61,12.0,10.0
2,Opponent2,Opponent2_D2,Opponent2_M1,2H,4733.976191,Simple pass,75,78,72.0,50.0
2,Opponent2,Opponent2_M1,Opponent2_D4,2H,4736.006663,Simple pass,72,50,74.0,31.0
2,Opponent2,Opponent2_D4,Opponent2_M1,2H,4739.192716,Simple pass,74,31,68.0,53.0
2,Opponent2,Opponent2_F3,Opponent2_F3,2H,4745.004274999999,Simple pass,76,62,74.0,66.0
2,Huskies,Huskies_M6,Huskies_F2,2H,4746.583927,Simple pass,32,33,39.0,63.0
2,Huskies,Huskies_F2,Huskies_F1,2H,4748.386093,High pass,39,63,87.0,83.0
2,Huskies,Huskies_M1,Huskies_D3,2H,4797.928443,Simple pass,37,66,28.0,55.0
2,Huskies,Huskies_D3,Huskies_G1,2H,4799.804526,Simple pass,28,55,9.0,49.0
2,Huskies,Huskies_D6,Huskies_F1,2H,4817.605817,High pass,29,90,70.0,95.0
2,Opponent2,Opponent2_M3,Opponent2_G1,2H,4840.349862,Simple pass,23,11,9.0,44.0
2,Opponent2,Opponent2_G1,Opponent2_D4,2H,4845.644079,Simple pass,9,44,11.0,76.0
2,Opponent2,Opponent2_D4,Opponent2_G1,2H,4846.392219,Simple pass,11,76,11.0,43.0
2,Opponent2,Opponent2_G1,Opponent2_D5,2H,4849.714869,High pass,11,43,32.0,93.0
2,Opponent2,Opponent2_D5,Opponent2_D4,2H,4852.110432,Simple pass,32,93,19.0,88.0
2,Opponent2,Opponent2_D4,Opponent2_F3,2H,4857.711158,Simple pass,19,88,42.0,71.0
2,Opponent2,Opponent2_F3,Opponent2_M4,2H,4859.412712,Simple pass,42,71,41.0,79.0
2,Huskies,Huskies_M6,Huskies_D4,2H,4862.864606,Simple pass,58,16,43.0,4.0
2,Opponent2,Opponent2_M1,Opponent2_M4,2H,4868.700549,Simple pass,32,74,39.0,81.0
2,Opponent2,Opponent2_M4,Opponent2_M2,2H,4871.090816,Simple pass,39,81,42.0,74.0
2,Opponent2,Opponent2_M2,Opponent2_D5,2H,4871.971061,Simple pass,42,74,67.0,95.0
2,Huskies,Huskies_M6,Huskies_F2,2H,4884.211208,Simple pass,28,8,32.0,28.0
2,Huskies,Huskies_F2,Huskies_M2,2H,4885.243291,Simple pass,32,28,28.0,16.0
2,Huskies,Huskies_M2,Huskies_M6,2H,4886.309354,Simple pass,28,16,39.0,5.0
2,Huskies,Huskies_M2,Huskies_D4,2H,4909.554769,Simple pass,51,10,42.0,4.0
2,Opponent2,Opponent2_D5,Opponent2_F3,2H,4920.812359,Simple pass,34,97,46.0,90.0
2,Opponent2,Opponent2_F3,Opponent2_D5,2H,4923.292498,Simple pass,46,90,46.0,95.0
2,Opponent2,Opponent2_D5,Opponent2_M4,2H,4924.531979,Simple pass,46,95,79.0,92.0
2,Huskies,Huskies_M2,Huskies_F2,2H,4952.613516,Simple pass,28,76,25.0,95.0
2,Opponent2,Opponent2_D4,Opponent2_M2,2H,4971.115399,Simple pass,37,33,61.0,22.0
2,Opponent2,Opponent2_M2,Opponent2_D2,2H,4972.176696,Simple pass,61,22,38.0,20.0
2,Opponent2,Opponent2_D2,Opponent2_D5,2H,4974.72502,High pass,38,20,64.0,96.0
2,Huskies,Huskies_M2,Huskies_M6,2H,4982.17701,Simple pass,38,17,31.0,5.0
2,Opponent2,Opponent2_M4,Opponent2_M2,2H,5033.74119,Simple pass,45,75,61.0,57.0
2,Opponent2,Opponent2_M2,Opponent2_M4,2H,5034.977732,Simple pass,61,57,54.0,54.0
2,Opponent2,Opponent2_M4,Opponent2_M5,2H,5040.409756,Simple pass,73,56,77.0,79.0
2,Opponent2,Opponent2_M5,Opponent2_D5,2H,5041.443207,Simple pass,77,79,89.0,92.0
2,Huskies,Huskies_M1,Huskies_D6,2H,5070.789152,Simple pass,42,76,40.0,92.0
2,Huskies,Huskies_D6,Huskies_F1,2H,5072.709318,High pass,40,92,70.0,84.0
2,Huskies,Huskies_F1,Huskies_F2,2H,5074.593401,Simple pass,70,84,72.0,81.0
2,Huskies,Huskies_F2,Huskies_M1,2H,5081.027357,Simple pass,72,81,68.0,58.0
2,Huskies,Huskies_M1,Huskies_M6,2H,5083.182857,Simple pass,68,58,73.0,33.0
2,Huskies,Huskies_M6,Huskies_D4,2H,5084.126961,Simple pass,73,33,74.0,8.0
2,Opponent2,Opponent2_F2,Opponent2_M2,2H,5108.48868,Cross,90,77,91.0,57.0
2,Opponent2,Opponent2_M2,Opponent2_M5,2H,5109.502161,Simple pass,91,57,90.0,58.0
2,Huskies,Huskies_D3,Huskies_D1,2H,5149.497959,Head pass,29,48,24.0,96.0
2,Opponent2,Opponent2_D2,Opponent2_D4,2H,5177.743727,Simple pass,36,23,38.0,59.0
2,Opponent2,Opponent2_D4,Opponent2_F3,2H,5181.843067,Simple pass,38,59,68.0,51.0
2,Opponent2,Opponent2_F3,Opponent2_M2,2H,5184.237861,Simple pass,68,51,65.0,31.0
2,Opponent2,Opponent2_M2,Opponent2_F3,2H,5186.015088,Simple pass,65,31,73.0,56.0
2,Opponent2,Opponent2_M2,Opponent2_M4,2H,5220.718354,Simple pass,37,27,36.0,31.0
2,Huskies,Huskies_M3,Huskies_M1,2H,5222.825061,Simple pass,60,54,61.0,73.0
2,Huskies,Huskies_M1,Huskies_F2,2H,5224.092144,Simple pass,61,73,65.0,88.0
2,Huskies,Huskies_F2,Huskies_D6,2H,5224.921207,Simple pass,65,88,56.0,91.0
2,Huskies,Huskies_D6,Huskies_F2,2H,5227.09429,Simple pass,56,91,66.0,93.0
2,Opponent2,Opponent2_D4,Opponent2_F3,2H,5257.981527,Launch,13,32,43.0,22.0
2,Opponent2,Opponent2_D2,Opponent2_M1,2H,5266.473386,Simple pass,11,29,11.0,9.0
2,Opponent2,Opponent2_M1,Opponent2_F2,2H,5269.009539,Launch,11,9,6.0,7.0
2,Huskies,Huskies_M3,Huskies_M6,2H,5272.50587,Simple pass,55,42,59.0,22.0
2,Opponent2,Opponent2_D5,Opponent2_M4,2H,5276.245684,Simple pass,42,82,49.0,55.0
2,Opponent2,Opponent2_F2,Opponent2_D5,2H,5316.166933,Simple pass,79,89,71.0,82.0
2,Opponent2,Opponent2_D5,Opponent2_M4,2H,5317.582281,Simple pass,71,82,70.0,72.0
2,Opponent2,Opponent2_M4,Opponent2_F2,2H,5322.685223,Simple pass,70,72,83.0,78.0
2,Opponent2,Opponent2_F2,Opponent2_F3,2H,5323.045491,Simple pass,83,78,88.0,69.0
2,Opponent2,Opponent2_M1,Opponent2_D4,2H,5362.224515,Simple pass,28,17,24.0,76.0
2,Opponent2,Opponent2_D4,Opponent2_M5,2H,5366.626754,Simple pass,24,76,37.0,61.0
2,Opponent2,Opponent2_M5,Opponent2_M2,2H,5374.06789,Simple pass,37,61,65.0,76.0
2,Opponent2,Opponent2_M2,Opponent2_F2,2H,5377.317505,Simple pass,65,76,78.0,83.0
2,Opponent2,Opponent2_F2,Opponent2_M4,2H,5378.283507,Simple pass,78,83,82.0,53.0
2,Opponent2,Opponent2_M2,Opponent2_F2,2H,5397.304701,Cross,97,26,99.0,69.0
2,Opponent2,Opponent2_D4,Opponent2_M5,2H,5489.499336,Simple pass,30,53,33.0,52.0
2,Opponent2,Opponent2_M5,Opponent2_D5,2H,5491.107105,Simple pass,33,52,35.0,78.0
2,Opponent2,Opponent2_D5,Opponent2_F3,2H,5493.407316,Simple pass,35,78,77.0,88.0
2,Opponent2,Opponent2_F3,Opponent2_D5,2H,5500.542079,Smart pass,77,88,93.0,67.0
2,Huskies,Huskies_M1,Huskies_F1,2H,5511.396246,High pass,10,87,45.0,26.0
2,Opponent2,Opponent2_G1,Opponent2_D2,2H,5592.563957,Hand pass,12,48,29.0,34.0
2,Opponent2,Opponent2_D2,Opponent2_M1,2H,5595.213323,Simple pass,29,34,35.0,28.0
2,Opponent2,Opponent2_M1,Opponent2_D4,2H,5599.677752,Simple pass,35,28,36.0,79.0
2,Opponent2,Opponent2_D4,Opponent2_D5,2H,5604.143396,Simple pass,36,79,64.0,97.0
2,Opponent2,Opponent2_D2,Opponent2_M4,2H,5631.663808,Simple pass,34,72,41.0,77.0
2,Opponent2,Opponent2_M4,Opponent2_D4,2H,5633.644598,Simple pass,41,77,33.0,79.0
2,Opponent2,Opponent2_D4,Opponent2_M1,2H,5636.046653,Simple pass,33,79,42.0,23.0
2,Huskies,Huskies_M1,Huskies_D6,2H,5644.542946,Simple pass,30,68,43.0,87.0
2,Opponent2,Opponent2_F3,Opponent2_M2,2H,5655.835824,Smart pass,89,14,90.0,27.0
2,Opponent2,Opponent2_M2,Opponent2_F2,2H,5658.264955000001,Cross,90,27,93.0,61.0
2,Opponent2,Opponent2_D5,Opponent2_F3,2H,5686.537243000001,Head pass,71,94,74.0,84.0
2,Opponent2,Opponent2_D2,Opponent2_D4,2H,5695.257539,Simple pass,54,81,39.0,87.0
2,Opponent2,Opponent2_D4,Opponent2_M4,2H,5697.616762,Simple pass,39,87,53.0,51.0
2,Opponent2,Opponent2_M4,Opponent2_D5,2H,5703.240771000001,High pass,53,51,72.0,96.0
2,Huskies,Huskies_D1,Huskies_M1,2H,5731.792483,Simple pass,25,76,32.0,62.0
2,Huskies,Huskies_M1,Huskies_G1,2H,5733.12065,Simple pass,32,62,10.0,58.0
2,Opponent2,Opponent2_D2,Opponent2_D4,2H,5754.573548,Simple pass,7,31,9.0,72.0
2,Opponent2,Opponent2_M5,Opponent2_F2,2H,5765.379634999999,Head pass,37,76,53.0,56.0
2,Opponent2,Opponent2_F2,Opponent2_M2,2H,5766.1147710000005,Simple pass,53,56,55.0,49.0
2,Opponent2,Opponent2_M2,Opponent2_F3,2H,5767.527314,Simple pass,55,49,76.0,83.0
2,Opponent2,Opponent2_D4,Opponent2_D5,2H,5780.191932,Simple pass,38,81,62.0,94.0
2,Opponent2,Opponent2_D5,Opponent2_M4,2H,5782.809609,Simple pass,62,94,63.0,81.0
2,Opponent2,Opponent2_M4,Opponent2_M5,2H,5787.429657000001,Simple pass,63,81,63.0,78.0
2,Opponent2,Opponent2_M5,Opponent2_D2,2H,5793.643806,Simple pass,63,78,66.0,35.0
2,Opponent2,Opponent2_D2,Opponent2_M1,2H,5796.527522,Simple pass,66,35,67.0,20.0
2,Opponent2,Opponent2_M1,Opponent2_M5,2H,5800.033011,Simple pass,67,20,72.0,37.0
2,Opponent2,Opponent2_M5,Opponent2_D2,2H,5801.968514,Simple pass,72,37,64.0,30.0
2,Opponent2,Opponent2_D2,Opponent2_M4,2H,5808.211498000001,Simple pass,71,61,73.0,82.0
2,Opponent2,Opponent2_M4,Opponent2_D5,2H,5810.807261,Simple pass,73,82,85.0,93.0
2,Opponent2,Opponent2_D5,Opponent2_M2,2H,5813.231494,Cross,85,93,90.0,43.0
2,Opponent2,Opponent2_M2,Opponent2_M4,2H,5896.19559,Simple pass,37,32,34.0,77.0
2,Opponent2,Opponent2_M4,Opponent2_D4,2H,5900.0039400000005,Simple pass,34,77,44.0,82.0
2,Opponent2,Opponent2_D4,Opponent2_D2,2H,5906.010532,Simple pass,44,82,47.0,50.0
2,Opponent2,Opponent2_D2,Opponent2_M4,2H,5907.929105,Simple pass,47,50,47.0,56.0
2,Opponent2,Opponent2_M4,Opponent2_M1,2H,5908.7476320000005,Simple pass,47,56,57.0,28.0
2,Opponent2,Opponent2_M1,Opponent2_D5,2H,5914.136884,High pass,57,28,63.0,96.0
2,Opponent2,Opponent2_D5,Opponent2_M2,2H,5918.777467,Simple pass,63,96,62.0,83.0
2,Opponent2,Opponent2_M2,Opponent2_D5,2H,5921.004366,Simple pass,62,83,70.0,79.0
2,Opponent2,Opponent2_D5,Opponent2_M5,2H,5922.795363,Simple pass,70,79,74.0,69.0
2,Opponent2,Opponent2_M5,Opponent2_D5,2H,5924.268408,Simple pass,74,69,73.0,65.0
2,Opponent2,Opponent2_D5,Opponent2_F2,2H,5924.504953,Simple pass,73,65,12.0,9.0
2,Opponent2,Opponent2_F2,Opponent2_M2,2H,5928.972983,Simple pass,92,83,79.0,87.0
2,Opponent2,Opponent2_M2,Opponent2_M5,2H,5931.674219,Simple pass,79,87,89.0,86.0
2,Opponent2,Opponent2_M5,Opponent2_D5,2H,5933.569231,Simple pass,89,86,90.0,75.0
2,Opponent2,Opponent2_M4,Opponent2_D5,2H,5948.700938,Simple pass,75,66,87.0,81.0
2,Opponent2,Opponent2_D5,Opponent2_M5,2H,5952.793458,Simple pass,89,83,75.0,49.0
2,Opponent2,Opponent2_M5,Opponent2_F3,2H,5954.811686,Simple pass,75,49,75.0,42.0
2,Opponent2,Opponent2_F3,Opponent2_F2,2H,5957.64227,Simple pass,75,42,96.0,39.0
2,Opponent2,Opponent2_M2,Opponent2_M1,2H,6000.82802,Simple pass,27,19,32.0,10.0
2,Opponent2,Opponent2_M2,Opponent2_F2,2H,6029.455683,Simple pass,38,23,68.0,34.0
2,Huskies,Huskies_M2,Huskies_G1,2H,6035.044328,Simple pass,21,74,9.0,65.0
2,Opponent2,Opponent2_M4,Opponent2_M1,2H,6041.348895,Simple pass,66,28,59.0,11.0
2,Opponent2,Opponent2_M1,Opponent2_M4,2H,6043.392955,Simple pass,59,11,58.0,22.0
2,Opponent2,Opponent2_M4,Opponent2_D4,2H,6045.520603,Simple pass,58,22,55.0,51.0
2,Opponent2,Opponent2_D4,Opponent2_M2,2H,6049.634253,Simple pass,70,52,77.0,60.0
2,Opponent2,Opponent2_M2,Opponent2_M5,2H,6052.876637,Simple pass,74,64,94.0,84.0
2,Huskies,Huskies_D1,Huskies_D6,2H,6125.586862,Head pass,39,78,59.0,95.0
2,Opponent2,Opponent2_M5,Opponent2_F3,2H,6154.930155,Simple pass,27,30,25.0,14.0
2,Opponent2,Opponent2_F3,Opponent2_M2,2H,6156.540607999999,Simple pass,25,14,30.0,22.0
2,Opponent2,Opponent2_M2,Opponent2_F3,2H,6157.072473,Simple pass,30,22,4.0,2.0
2,Opponent2,Opponent2_F3,Opponent2_F2,2H,6158.674556,Simple pass,27,7,41.0,31.0
2,Opponent2,Opponent2_M1,Opponent2_M4,2H,6308.926233,Simple pass,7,18,12.0,12.0
2,Opponent2,Opponent2_M5,Opponent2_M4,2H,6349.147046,Simple pass,37,74,40.0,86.0
2,Opponent2,Opponent2_M4,Opponent2_D4,2H,6351.242051,Simple pass,40,86,37.0,70.0
2,Opponent2,Opponent2_D4,Opponent2_D2,2H,6353.042129,Simple pass,37,70,37.0,30.0
2,Opponent2,Opponent2_D2,Opponent2_M1,2H,6355.609537,Simple pass,37,30,71.0,12.0
2,Opponent2,Opponent2_M1,Opponent2_M2,2H,6358.527463,Simple pass,71,12,64.0,20.0
2,Opponent2,Opponent2_M2,Opponent2_M1,2H,6360.990041,Simple pass,64,20,76.0,8.0
2,Opponent2,Opponent2_M1,Opponent2_M2,2H,6362.277468,Simple pass,76,8,66.0,15.0
2,Opponent2,Opponent2_M2,Opponent2_M5,2H,6364.017501,Simple pass,66,15,70.0,42.0
2,Opponent2,Opponent2_M5,Opponent2_F3,2H,6366.631559,Simple pass,70,42,9.0,5.0
2,Opponent2,Opponent2_M2,Opponent2_M5,2H,6372.927526,Simple pass,71,22,71.0,55.0
2,Opponent2,Opponent2_M5,Opponent2_D5,2H,6376.959242999999,Simple pass,71,55,65.0,84.0
2,Opponent2,Opponent2_D5,Opponent2_M5,2H,6380.075959,Simple pass,65,84,71.0,72.0
2,Huskies,Huskies_M2,Huskies_F1,2H,6388.677561,Simple pass,32,32,53.0,54.0
2,Huskies,Huskies_F1,Huskies_M7,2H,6394.36304,Simple pass,68,50,72.0,57.0
2,Opponent2,Opponent2_M5,Opponent2_M1,2H,6397.957114,Simple pass,35,40,59.0,28.0
2,Opponent2,Opponent2_M1,Opponent2_F3,2H,6401.825481,Simple pass,59,28,82.0,31.0
2,Opponent2,Opponent2_F3,Opponent2_D5,2H,6407.151111,Cross,94,33,84.0,94.0
2,Opponent2,Opponent2_D5,Opponent2_D4,2H,6412.963718,Simple pass,84,94,72.0,74.0
2,Opponent2,Opponent2_D4,Opponent2_M4,2H,6417.743258,Simple pass,72,74,71.0,41.0
2,Opponent2,Opponent2_M4,Opponent2_M5,2H,6420.217447,Simple pass,71,41,69.0,55.0
2,Opponent2,Opponent2_M5,Opponent2_M2,2H,6421.366879,Simple pass,69,55,72.0,55.0
2,Opponent2,Opponent2_M2,Opponent2_M4,2H,6423.77304,Simple pass,72,55,72.0,30.0
2,Opponent2,Opponent2_M4,Opponent2_M5,2H,6427.961204,Simple pass,72,30,73.0,69.0
2,Opponent2,Opponent2_F3,Opponent2_D5,2H,6435.515161,Simple pass,97,74,91.0,89.0
2,Opponent2,Opponent2_D2,Opponent2_M5,2H,6442.27184,Simple pass,80,79,74.0,66.0
2,Opponent2,Opponent2_M1,Opponent2_M4,2H,6455.578163,Simple pass,88,9,72.0,16.0
2,Opponent2,Opponent2_M4,Opponent2_D2,2H,6458.770974,Simple pass,72,16,73.0,40.0
2,Opponent2,Opponent2_D2,Opponent2_M4,2H,6460.047757,Simple pass,73,40,72.0,36.0
2,Opponent2,Opponent2_M4,Opponent2_F3,2H,6462.466264000001,Simple pass,72,36,83.0,53.0
2,Opponent2,Opponent2_F3,Opponent2_D5,2H,6464.327564,Simple pass,83,53,72.0,77.0
2,Opponent2,Opponent2_D5,Opponent2_M5,2H,6465.857572999999,Simple pass,72,77,77.0,59.0
2,Huskies,Huskies_D1,Huskies_D6,2H,6532.852162,Head pass,30,73,33.0,91.0
2,Opponent2,Opponent2_M1,Opponent2_M2,2H,6539.922357,Head pass,41,10,64.0,30.0
2,Opponent2,Opponent2_F2,Opponent2_M4,2H,6544.309644,Head pass,71,51,53.0,55.0
2,Opponent2,Opponent2_M4,Opponent2_D5,2H,6545.530591000001,Simple pass,53,55,79.0,92.0
