MatchID,TeamID,OriginPlayerID,DestinationPlayerID,MatchPeriod,EventTime,EventSubType,EventOrigin_x,EventOrigin_y,EventDestination_x,EventDestination_y
7,Huskies,Huskies_M6,Huskies_D2,1H,7.065491999999999,Simple pass,50,50,27.0,34.0
7,Opponent7,Opponent7_D1,Opponent7_M1,1H,12.645769,Head pass,25,31,36.0,41.0
7,Huskies,Huskies_F1,Huskies_M1,1H,18.638747,Simple pass,73,85,56.0,62.0
7,Huskies,Huskies_M1,Huskies_D2,1H,21.277152,Simple pass,56,62,53.0,38.0
7,Huskies,Huskies_D2,Huskies_D4,1H,25.792477,Simple pass,69,26,67.0,5.0
7,Huskies,Huskies_D4,Huskies_F4,1H,28.13982,Simple pass,67,5,68.0,14.0
7,Huskies,Huskies_F4,Huskies_D4,1H,29.184710000000003,Simple pass,68,14,93.0,1.0
7,Opponent7,Opponent7_M4,Opponent7_M2,1H,57.915439000000006,Simple pass,64,73,55.0,65.0
7,Huskies,Huskies_M9,Huskies_D5,1H,80.264835,Simple pass,63,71,55.0,88.0
7,Huskies,Huskies_D5,Huskies_M1,1H,82.718358,Simple pass,55,88,44.0,82.0
7,Huskies,Huskies_M1,Huskies_D1,1H,84.456633,Simple pass,44,82,29.0,62.0
7,Huskies,Huskies_D1,Huskies_M3,1H,87.768569,Simple pass,29,62,35.0,48.0
7,Huskies,Huskies_M3,Huskies_M1,1H,89.237872,Simple pass,35,48,34.0,69.0
7,Huskies,Huskies_M1,Huskies_D1,1H,90.369839,Simple pass,34,69,30.0,60.0
7,Huskies,Huskies_D1,Huskies_M6,1H,93.18591,Simple pass,30,60,46.0,18.0
7,Huskies,Huskies_M6,Huskies_D2,1H,94.872544,Simple pass,46,18,31.0,16.0
7,Huskies,Huskies_D2,Huskies_M6,1H,98.33689,High pass,31,16,62.0,8.0
7,Opponent7,Opponent7_M3,Opponent7_M4,1H,101.544917,Simple pass,39,83,53.0,94.0
7,Opponent7,Opponent7_M4,Opponent7_F1,1H,103.595275,Simple pass,53,94,58.0,74.0
7,Huskies,Huskies_F4,Huskies_D4,1H,130.475589,Simple pass,58,57,39.0,13.0
7,Huskies,Huskies_D4,Huskies_M3,1H,132.982767,Simple pass,39,13,47.0,37.0
7,Huskies,Huskies_M3,Huskies_M6,1H,137.780966,Simple pass,47,37,58.0,21.0
7,Huskies,Huskies_M6,Huskies_M1,1H,143.593278,Simple pass,74,20,64.0,67.0
7,Huskies,Huskies_M1,Huskies_D5,1H,146.384323,Simple pass,64,67,80.0,93.0
7,Huskies,Huskies_D5,Huskies_F1,1H,149.357225,Cross,80,93,78.0,48.0
7,Huskies,Huskies_F1,Huskies_M6,1H,153.979341,Simple pass,78,48,84.0,48.0
7,Opponent7,Opponent7_G1,Opponent7_F1,1H,177.271791,Launch,15,46,76.0,18.0
7,Huskies,Huskies_D5,Huskies_M1,1H,179.918591,Head pass,17,91,32.0,71.0
7,Huskies,Huskies_M1,Huskies_M3,1H,182.361672,Simple pass,32,71,25.0,64.0
7,Huskies,Huskies_M1,Huskies_M9,1H,188.678007,Head pass,34,71,43.0,87.0
7,Huskies,Huskies_D2,Huskies_G1,1H,211.288769,Simple pass,12,74,9.0,48.0
7,Opponent7,Opponent7_D3,Opponent7_F1,1H,216.849874,Head pass,31,60,69.0,66.0
7,Opponent7,Opponent7_F1,Opponent7_M4,1H,219.506947,Simple pass,69,66,66.0,71.0
7,Opponent7,Opponent7_M4,Opponent7_M5,1H,223.258998,Simple pass,67,54,71.0,30.0
7,Opponent7,Opponent7_M5,Opponent7_D2,1H,226.174189,Simple pass,71,30,92.0,13.0
7,Opponent7,Opponent7_M5,Opponent7_M3,1H,262.730282,Head pass,76,46,70.0,77.0
7,Opponent7,Opponent7_M3,Opponent7_D2,1H,265.291822,Cross,70,77,93.0,44.0
7,Opponent7,Opponent7_M3,Opponent7_M1,1H,290.822635,Head pass,76,37,90.0,44.0
7,Huskies,Huskies_M1,Huskies_F4,1H,295.731062,Simple pass,19,37,30.0,16.0
7,Huskies,Huskies_F1,Huskies_M9,1H,310.814908,Simple pass,81,63,82.0,60.0
7,Huskies,Huskies_M9,Huskies_M6,1H,311.848331,Simple pass,82,60,89.0,42.0
7,Huskies,Huskies_D2,Huskies_D5,1H,412.041902,Head pass,19,64,19.0,96.0
7,Huskies,Huskies_M3,Huskies_D5,1H,420.497971,Simple pass,23,79,22.0,91.0
7,Opponent7,Opponent7_G1,Opponent7_D3,1H,436.798899,Simple pass,14,46,33.0,58.0
7,Opponent7,Opponent7_D3,Opponent7_F1,1H,440.675815,High pass,33,58,90.0,31.0
7,Opponent7,Opponent7_D3,Opponent7_M2,1H,479.317824,Head pass,21,72,31.0,80.0
7,Huskies,Huskies_M9,Huskies_M1,1H,483.323152,Head pass,76,52,56.0,25.0
7,Huskies,Huskies_M1,Huskies_F4,1H,483.707514,Simple pass,56,25,90.0,44.0
7,Huskies,Huskies_F1,Huskies_D2,1H,526.498465,Head pass,87,24,89.0,37.0
7,Huskies,Huskies_D2,Huskies_M9,1H,526.720548,Simple pass,89,37,81.0,41.0
7,Huskies,Huskies_M9,Huskies_D4,1H,530.541212,Simple pass,81,41,84.0,3.0
7,Huskies,Huskies_D4,Huskies_D1,1H,532.191856,Cross,84,3,90.0,52.0
7,Huskies,Huskies_M9,Huskies_F1,1H,569.353057,Head pass,46,82,67.0,62.0
7,Huskies,Huskies_F1,Huskies_M6,1H,576.662002,Simple pass,69,49,87.0,26.0
7,Huskies,Huskies_M6,Huskies_M3,1H,580.219953,Simple pass,87,26,75.0,38.0
7,Huskies,Huskies_D2,Huskies_F4,1H,618.626027,Head pass,19,57,47.0,61.0
7,Huskies,Huskies_F4,Huskies_M6,1H,620.478985,Simple pass,47,61,33.0,59.0
7,Huskies,Huskies_M6,Huskies_F4,1H,621.418621,Simple pass,33,59,44.0,61.0
7,Huskies,Huskies_F4,Huskies_M9,1H,622.515203,Simple pass,44,61,48.0,84.0
7,Opponent7,Opponent7_M3,Opponent7_M4,1H,631.836086,Simple pass,20,68,29.0,86.0
7,Huskies,Huskies_D2,Huskies_D1,1H,649.480582,Simple pass,27,19,28.0,63.0
7,Huskies,Huskies_D1,Huskies_D5,1H,652.666675,Simple pass,28,63,30.0,92.0
7,Huskies,Huskies_D5,Huskies_D1,1H,654.961887,Simple pass,30,92,18.0,75.0
7,Opponent7,Opponent7_D2,Opponent7_F1,1H,660.309889,High pass,26,5,77.0,8.0
7,Huskies,Huskies_D5,Huskies_M9,1H,666.356603,Simple pass,22,95,42.0,83.0
7,Opponent7,Opponent7_D1,Opponent7_M3,1H,668.904325,Simple pass,36,29,59.0,33.0
7,Opponent7,Opponent7_M3,Opponent7_M2,1H,670.9765,Simple pass,59,33,58.0,17.0
7,Opponent7,Opponent7_M2,Opponent7_D2,1H,672.610092,Simple pass,58,17,62.0,8.0
7,Opponent7,Opponent7_D2,Opponent7_M2,1H,674.318682,Simple pass,62,8,47.0,26.0
7,Opponent7,Opponent7_M2,Opponent7_D3,1H,676.15384,Simple pass,47,26,40.0,66.0
7,Opponent7,Opponent7_D3,Opponent7_D1,1H,679.961933,Simple pass,40,66,30.0,29.0
7,Opponent7,Opponent7_D1,Opponent7_M2,1H,682.278275,Simple pass,30,29,40.0,23.0
7,Opponent7,Opponent7_M2,Opponent7_M1,1H,684.44486,Simple pass,40,23,49.0,21.0
7,Opponent7,Opponent7_M1,Opponent7_M2,1H,685.941824,Simple pass,49,21,35.0,24.0
7,Opponent7,Opponent7_M2,Opponent7_D1,1H,687.302591,Simple pass,35,24,24.0,43.0
7,Opponent7,Opponent7_D1,Opponent7_G1,1H,690.124991,Simple pass,24,43,10.0,56.0
7,Opponent7,Opponent7_G1,Opponent7_M5,1H,693.041851,High pass,10,56,63.0,31.0
7,Huskies,Huskies_D4,Huskies_F4,1H,703.891931,Simple pass,29,22,57.0,4.0
7,Opponent7,Opponent7_D3,Opponent7_M3,1H,708.886377,Simple pass,40,94,35.0,82.0
7,Opponent7,Opponent7_M3,Opponent7_D3,1H,710.052881,Simple pass,35,82,43.0,98.0
7,Opponent7,Opponent7_D3,Opponent7_F1,1H,712.140395,High pass,43,98,97.0,89.0
7,Opponent7,Opponent7_F1,Opponent7_M4,1H,717.472117,Simple pass,97,89,87.0,75.0
7,Opponent7,Opponent7_F1,Opponent7_M4,1H,725.876396,Simple pass,87,80,79.0,83.0
7,Opponent7,Opponent7_M4,Opponent7_M3,1H,727.941948,Simple pass,79,83,75.0,82.0
7,Opponent7,Opponent7_M3,Opponent7_D4,1H,730.539697,Simple pass,75,82,93.0,84.0
7,Huskies,Huskies_D5,Huskies_M9,1H,736.033624,Simple pass,7,76,24.0,86.0
7,Huskies,Huskies_M9,Huskies_D5,1H,743.486472,Simple pass,45,72,35.0,85.0
7,Huskies,Huskies_D5,Huskies_M1,1H,746.846846,Simple pass,35,85,26.0,65.0
7,Huskies,Huskies_M1,Huskies_D5,1H,747.76676,Simple pass,26,65,27.0,86.0
7,Huskies,Huskies_D5,Huskies_D1,1H,748.795351,Simple pass,27,86,20.0,65.0
7,Huskies,Huskies_D1,Huskies_D2,1H,752.677619,Simple pass,20,65,26.0,38.0
7,Huskies,Huskies_D2,Huskies_D4,1H,754.375186,Simple pass,26,38,35.0,7.0
7,Huskies,Huskies_D4,Huskies_D2,1H,759.578492,Simple pass,35,7,24.0,26.0
7,Huskies,Huskies_D2,Huskies_D1,1H,760.99263,Simple pass,24,26,30.0,65.0
7,Huskies,Huskies_D1,Huskies_D5,1H,766.236695,Simple pass,30,65,60.0,90.0
7,Huskies,Huskies_D5,Huskies_F1,1H,769.282998,High pass,60,90,84.0,53.0
7,Huskies,Huskies_D4,Huskies_M6,1H,782.278782,Simple pass,63,10,73.0,23.0
7,Huskies,Huskies_M1,Huskies_D1,1H,792.275513,Simple pass,58,64,40.0,88.0
7,Huskies,Huskies_D1,Huskies_M1,1H,794.304426,Simple pass,40,88,41.0,52.0
7,Huskies,Huskies_M1,Huskies_D2,1H,795.296855,Simple pass,41,52,34.0,24.0
7,Huskies,Huskies_D2,Huskies_M3,1H,797.278598,Simple pass,34,24,55.0,31.0
7,Huskies,Huskies_M3,Huskies_F4,1H,800.079157,Simple pass,55,31,77.0,14.0
7,Huskies,Huskies_F4,Huskies_M6,1H,805.165974,Simple pass,77,14,85.0,29.0
7,Huskies,Huskies_M3,Huskies_D4,1H,815.317242,Simple pass,68,20,75.0,7.0
7,Huskies,Huskies_D4,Huskies_M3,1H,819.792538,Simple pass,75,7,69.0,25.0
7,Huskies,Huskies_M3,Huskies_M1,1H,822.989921,Simple pass,69,25,65.0,41.0
7,Huskies,Huskies_M1,Huskies_M3,1H,824.731489,Simple pass,65,41,65.0,15.0
7,Huskies,Huskies_M3,Huskies_D4,1H,827.023784,Simple pass,65,15,66.0,7.0
7,Opponent7,Opponent7_M4,Opponent7_D3,1H,830.882651,Simple pass,44,89,29.0,86.0
7,Huskies,Huskies_D2,Huskies_D1,1H,837.611182,Simple pass,41,20,39.0,55.0
7,Huskies,Huskies_D1,Huskies_D5,1H,843.26387,Simple pass,64,68,67.0,92.0
7,Opponent7,Opponent7_D2,Opponent7_M2,1H,849.962331,Simple pass,27,33,31.0,25.0
7,Opponent7,Opponent7_M2,Opponent7_D2,1H,852.236717,Simple pass,31,25,44.0,14.0
7,Opponent7,Opponent7_D2,Opponent7_M1,1H,858.053641,Simple pass,74,6,60.0,32.0
7,Opponent7,Opponent7_M1,Opponent7_M5,1H,859.998366,Simple pass,60,32,51.0,17.0
7,Opponent7,Opponent7_M5,Opponent7_M3,1H,862.328604,Simple pass,51,17,44.0,30.0
7,Opponent7,Opponent7_M3,Opponent7_D3,1H,864.403835,Simple pass,44,30,31.0,62.0
7,Opponent7,Opponent7_D3,Opponent7_M3,1H,866.141794,Simple pass,31,62,40.0,37.0
7,Opponent7,Opponent7_M3,Opponent7_M2,1H,868.193105,Simple pass,40,37,48.0,26.0
7,Opponent7,Opponent7_M2,Opponent7_M1,1H,870.12216,Simple pass,48,26,58.0,31.0
7,Opponent7,Opponent7_M1,Opponent7_M2,1H,870.887433,Simple pass,58,31,49.0,25.0
7,Opponent7,Opponent7_M2,Opponent7_M1,1H,872.295315,Simple pass,49,25,60.0,30.0
7,Opponent7,Opponent7_M1,Opponent7_M2,1H,873.025916,Simple pass,60,30,51.0,24.0
7,Opponent7,Opponent7_M2,Opponent7_F1,1H,876.20304,Simple pass,51,24,65.0,44.0
7,Opponent7,Opponent7_F1,Opponent7_D3,1H,878.188876,Simple pass,65,44,57.0,77.0
7,Huskies,Huskies_D1,Huskies_G1,1H,909.613889,Simple pass,26,78,6.0,45.0
7,Huskies,Huskies_G1,Huskies_M9,1H,910.978428,Launch,6,45,71.0,69.0
7,Opponent7,Opponent7_M5,Opponent7_D2,1H,916.989589,Simple pass,34,3,20.0,12.0
7,Opponent7,Opponent7_M2,Opponent7_M5,1H,924.107674,Simple pass,34,21,39.0,4.0
7,Opponent7,Opponent7_M5,Opponent7_D2,1H,925.011891,Simple pass,39,4,17.0,13.0
7,Opponent7,Opponent7_D2,Opponent7_M1,1H,926.902157,High pass,17,13,69.0,19.0
7,Huskies,Huskies_D1,Huskies_M6,1H,928.410078,Simple pass,32,68,59.0,48.0
7,Huskies,Huskies_M6,Huskies_F4,1H,934.435103,Simple pass,74,38,90.0,24.0
7,Huskies,Huskies_M6,Huskies_D2,1H,999.806242,Simple pass,38,20,25.0,34.0
7,Huskies,Huskies_D2,Huskies_M1,1H,1000.136225,Head pass,25,34,24.0,38.0
7,Huskies,Huskies_M9,Huskies_F4,1H,1007.230417,Simple pass,51,33,65.0,10.0
7,Huskies,Huskies_F4,Huskies_M1,1H,1013.299119,Simple pass,66,31,61.0,63.0
7,Huskies,Huskies_M1,Huskies_F4,1H,1018.103257,Simple pass,74,73,77.0,58.0
7,Opponent7,Opponent7_M2,Opponent7_D2,1H,1020.752023,Head pass,10,41,19.0,28.0
7,Huskies,Huskies_M9,Huskies_D5,1H,1069.044837,Simple pass,23,91,10.0,93.0
7,Huskies,Huskies_D5,Huskies_M6,1H,1071.901004,Launch,10,93,34.0,61.0
7,Huskies,Huskies_F1,Huskies_D4,1H,1079.842827,Simple pass,52,41,41.0,2.0
7,Huskies,Huskies_D4,Huskies_M3,1H,1083.130746,Simple pass,41,2,37.0,18.0
7,Huskies,Huskies_M3,Huskies_D1,1H,1090.483124,Simple pass,32,42,42.0,73.0
7,Huskies,Huskies_M1,Huskies_M3,1H,1146.745591,Simple pass,43,45,58.0,28.0
7,Huskies,Huskies_M3,Huskies_M1,1H,1150.965774,Simple pass,58,28,56.0,56.0
7,Huskies,Huskies_M1,Huskies_D5,1H,1153.730553,Simple pass,56,56,72.0,82.0
7,Huskies,Huskies_D5,Huskies_M9,1H,1155.260013,Simple pass,72,82,84.0,83.0
7,Opponent7,Opponent7_M5,Opponent7_F1,1H,1168.075393,Simple pass,37,22,46.0,26.0
7,Opponent7,Opponent7_F1,Opponent7_M5,1H,1169.156434,Simple pass,46,26,54.0,34.0
7,Opponent7,Opponent7_M3,Opponent7_M4,1H,1187.709373,Simple pass,45,80,60.0,95.0
7,Opponent7,Opponent7_M4,Opponent7_M2,1H,1190.755734,Simple pass,60,95,55.0,75.0
7,Opponent7,Opponent7_M2,Opponent7_M3,1H,1192.265295,Simple pass,55,75,60.0,69.0
7,Opponent7,Opponent7_M3,Opponent7_D2,1H,1194.256431,Simple pass,60,69,64.0,18.0
7,Opponent7,Opponent7_D2,Opponent7_M2,1H,1198.801539,Simple pass,64,18,56.0,27.0
7,Opponent7,Opponent7_M2,Opponent7_M3,1H,1201.868886,Simple pass,56,27,46.0,55.0
7,Opponent7,Opponent7_M3,Opponent7_M4,1H,1203.420775,Simple pass,46,55,64.0,75.0
7,Opponent7,Opponent7_M4,Opponent7_D3,1H,1206.946922,Simple pass,60,74,34.0,73.0
7,Opponent7,Opponent7_D3,Opponent7_M2,1H,1208.070862,Simple pass,34,73,39.0,25.0
7,Opponent7,Opponent7_M2,Opponent7_D2,1H,1210.483781,Simple pass,39,25,65.0,14.0
7,Opponent7,Opponent7_D2,Opponent7_M2,1H,1214.10394,Simple pass,65,14,41.0,30.0
7,Opponent7,Opponent7_M2,Opponent7_M3,1H,1217.515672,Simple pass,41,30,47.0,48.0
7,Opponent7,Opponent7_M3,Opponent7_M2,1H,1219.704367,Simple pass,47,48,43.0,25.0
7,Opponent7,Opponent7_M2,Opponent7_D3,1H,1222.99289,Simple pass,43,25,41.0,82.0
7,Opponent7,Opponent7_D3,Opponent7_D4,1H,1226.648224,Simple pass,41,82,62.0,94.0
7,Opponent7,Opponent7_D4,Opponent7_M3,1H,1230.031328,Simple pass,62,94,66.0,80.0
7,Opponent7,Opponent7_M3,Opponent7_F1,1H,1232.211075,Simple pass,66,80,74.0,89.0
7,Opponent7,Opponent7_F1,Opponent7_M4,1H,1233.73403,Simple pass,74,89,57.0,82.0
7,Opponent7,Opponent7_M4,Opponent7_D2,1H,1237.64132,High pass,57,82,98.0,10.0
7,Opponent7,Opponent7_F1,Opponent7_M1,1H,1245.030116,Head pass,88,54,82.0,34.0
7,Opponent7,Opponent7_M5,Opponent7_D2,1H,1251.34796,Simple pass,88,27,99.0,30.0
7,Huskies,Huskies_D2,Huskies_D1,1H,1357.567418,Head pass,25,65,37.0,69.0
7,Opponent7,Opponent7_M2,Opponent7_M1,1H,1365.115024,Simple pass,94,12,93.0,18.0
7,Huskies,Huskies_D2,Huskies_G1,1H,1442.133724,Simple pass,29,89,16.0,49.0
7,Opponent7,Opponent7_M3,Opponent7_D1,1H,1499.893885,Simple pass,28,12,10.0,14.0
7,Opponent7,Opponent7_D1,Opponent7_G1,1H,1502.874416,Simple pass,10,14,13.0,69.0
7,Opponent7,Opponent7_G1,Opponent7_M4,1H,1507.225517,Launch,13,69,64.0,82.0
7,Huskies,Huskies_D1,Huskies_D5,1H,1531.255017,Simple pass,38,66,45.0,84.0
7,Huskies,Huskies_D5,Huskies_D1,1H,1532.923553,Simple pass,45,84,28.0,64.0
7,Huskies,Huskies_D1,Huskies_G1,1H,1536.108065,Simple pass,28,64,15.0,43.0
7,Huskies,Huskies_G1,Huskies_F1,1H,1542.058063,Launch,15,43,74.0,72.0
7,Opponent7,Opponent7_M5,Opponent7_D2,1H,1548.136398,Simple pass,23,10,25.0,5.0
7,Huskies,Huskies_D1,Huskies_D2,1H,1552.175845,Simple pass,28,75,23.0,70.0
7,Opponent7,Opponent7_M2,Opponent7_D3,1H,1574.613188,Simple pass,30,47,20.0,78.0
7,Opponent7,Opponent7_D3,Opponent7_M4,1H,1578.279029,High pass,20,78,69.0,91.0
7,Huskies,Huskies_M3,Huskies_M1,1H,1585.919854,Simple pass,39,34,35.0,45.0
7,Huskies,Huskies_M1,Huskies_D5,1H,1588.550555,Simple pass,35,45,34.0,83.0
7,Huskies,Huskies_D5,Huskies_D1,1H,1593.011746,Simple pass,34,83,38.0,67.0
7,Huskies,Huskies_D1,Huskies_D2,1H,1595.157877,Simple pass,38,67,42.0,30.0
7,Huskies,Huskies_D2,Huskies_D4,1H,1600.427023,Simple pass,42,30,42.0,7.0
7,Huskies,Huskies_D4,Huskies_D2,1H,1603.015145,Simple pass,42,7,47.0,22.0
7,Huskies,Huskies_D2,Huskies_D4,1H,1604.707334,Simple pass,47,22,35.0,13.0
7,Huskies,Huskies_M6,Huskies_F4,1H,1619.23671,Cross,81,11,90.0,44.0
7,Huskies,Huskies_M9,Huskies_M1,1H,1625.611378,Simple pass,81,62,67.0,51.0
7,Huskies,Huskies_M1,Huskies_M1,1H,1626.006859,Simple pass,67,51,72.0,38.0
7,Huskies,Huskies_M1,Huskies_M3,1H,1628.604623,Simple pass,72,38,64.0,39.0
7,Huskies,Huskies_M3,Huskies_M6,1H,1629.786376,Simple pass,64,39,72.0,22.0
7,Huskies,Huskies_M3,Huskies_D4,1H,1715.692826,Simple pass,64,11,58.0,4.0
7,Huskies,Huskies_D4,Huskies_M1,1H,1716.124322,Simple pass,58,4,44.0,14.0
7,Huskies,Huskies_M1,Huskies_D1,1H,1718.386919,Simple pass,44,14,31.0,62.0
7,Huskies,Huskies_D1,Huskies_F1,1H,1723.398993,Simple pass,51,69,67.0,72.0
7,Huskies,Huskies_F1,Huskies_D5,1H,1724.139505,Simple pass,67,72,49.0,93.0
7,Huskies,Huskies_D5,Huskies_F1,1H,1726.763226,Simple pass,49,93,57.0,64.0
7,Huskies,Huskies_F1,Huskies_D5,1H,1728.419781,Simple pass,57,64,50.0,82.0
7,Huskies,Huskies_D5,Huskies_D1,1H,1729.776522,Simple pass,50,82,28.0,66.0
7,Huskies,Huskies_D1,Huskies_D2,1H,1732.259803,Simple pass,28,66,30.0,36.0
7,Huskies,Huskies_D2,Huskies_G1,1H,1734.005815,Simple pass,30,36,14.0,36.0
7,Opponent7,Opponent7_D2,Opponent7_D1,1H,1752.008068,Simple pass,21,15,24.0,29.0
7,Huskies,Huskies_M1,Huskies_M6,1H,1779.652556,Head pass,30,68,49.0,59.0
7,Huskies,Huskies_F4,Huskies_M1,1H,1790.630914,Simple pass,81,27,76.0,49.0
7,Huskies,Huskies_D5,Huskies_F1,1H,1829.260654,Head pass,21,70,39.0,54.0
7,Huskies,Huskies_F1,Huskies_D4,1H,1835.079261,Simple pass,39,54,41.0,4.0
7,Huskies,Huskies_D4,Huskies_M6,1H,1839.411987,Simple pass,41,4,71.0,17.0
7,Huskies,Huskies_M6,Huskies_D4,1H,1842.475602,Simple pass,71,17,55.0,5.0
7,Huskies,Huskies_D4,Huskies_M6,1H,1843.450356,Simple pass,55,5,72.0,18.0
7,Huskies,Huskies_M6,Huskies_M3,1H,1847.889043,Simple pass,72,18,62.0,13.0
7,Opponent7,Opponent7_D4,Opponent7_F1,1H,1849.586089,Simple pass,26,84,46.0,86.0
7,Opponent7,Opponent7_F1,Opponent7_M2,1H,1852.093609,Simple pass,46,86,48.0,68.0
7,Opponent7,Opponent7_M2,Opponent7_M1,1H,1856.058223,Simple pass,65,56,94.0,28.0
7,Opponent7,Opponent7_M2,Opponent7_D3,1H,1888.10318,Simple pass,52,19,35.0,56.0
7,Opponent7,Opponent7_D3,Opponent7_D1,1H,1891.164018,Simple pass,35,56,33.0,23.0
7,Opponent7,Opponent7_D1,Opponent7_M3,1H,1894.689822,Simple pass,33,23,44.0,18.0
7,Opponent7,Opponent7_M3,Opponent7_D2,1H,1914.494859,Simple pass,86,15,97.0,10.0
7,Huskies,Huskies_G1,Huskies_D1,1H,1927.440061,Hand pass,11,49,20.0,70.0
7,Huskies,Huskies_D1,Huskies_M1,1H,1929.897297,Simple pass,20,70,35.0,64.0
7,Huskies,Huskies_M1,Huskies_D5,1H,1932.211074,Simple pass,35,64,28.0,89.0
7,Huskies,Huskies_D5,Huskies_D1,1H,1933.225159,Simple pass,28,89,22.0,68.0
7,Huskies,Huskies_D1,Huskies_D2,1H,1937.793259,Simple pass,22,68,23.0,27.0
7,Huskies,Huskies_D2,Huskies_D5,1H,1950.135896,Simple pass,44,62,42.0,72.0
7,Huskies,Huskies_D5,Huskies_D1,1H,1952.37697,Simple pass,42,72,30.0,57.0
7,Huskies,Huskies_D1,Huskies_M3,1H,1954.603124,Simple pass,30,57,33.0,15.0
7,Huskies,Huskies_D4,Huskies_F4,1H,1965.721411,Simple pass,71,17,98.0,23.0
7,Huskies,Huskies_M1,Huskies_D5,1H,2020.829925,Simple pass,84,86,85.0,90.0
7,Huskies,Huskies_D5,Huskies_M1,1H,2024.574297,Simple pass,85,90,78.0,94.0
7,Huskies,Huskies_M9,Huskies_D5,1H,2027.097558,Simple pass,84,79,95.0,86.0
7,Huskies,Huskies_D2,Huskies_G1,1H,2038.042151,Simple pass,32,5,21.0,36.0
7,Huskies,Huskies_G1,Huskies_D1,1H,2040.882882,Simple pass,21,36,27.0,64.0
7,Huskies,Huskies_D1,Huskies_M1,1H,2047.101463,Simple pass,45,80,42.0,45.0
7,Huskies,Huskies_M1,Huskies_M3,1H,2048.978779,Simple pass,42,45,54.0,43.0
7,Huskies,Huskies_D5,Huskies_M9,1H,2074.971401,Head pass,71,82,81.0,84.0
7,Huskies,Huskies_M1,Huskies_D2,1H,2082.060355,Head pass,56,61,55.0,53.0
7,Huskies,Huskies_D2,Huskies_D4,1H,2084.060731,Simple pass,55,53,46.0,14.0
7,Huskies,Huskies_D4,Huskies_G1,1H,2087.004384,Simple pass,46,14,23.0,31.0
7,Huskies,Huskies_G1,Huskies_F1,1H,2095.201345,Launch,23,31,73.0,80.0
7,Huskies,Huskies_M3,Huskies_M6,1H,2149.482292,Head pass,31,67,46.0,43.0
7,Opponent7,Opponent7_M3,Opponent7_G1,1H,2154.843573,Simple pass,32,63,13.0,65.0
7,Huskies,Huskies_M3,Huskies_D5,1H,2164.171516,Simple pass,27,49,14.0,87.0
7,Huskies,Huskies_D5,Huskies_G1,1H,2168.917275,Simple pass,14,87,6.0,60.0
7,Huskies,Huskies_G1,Huskies_F1,1H,2170.251373,Launch,6,60,55.0,52.0
7,Huskies,Huskies_D1,Huskies_M1,1H,2241.194012,Simple pass,53,84,65.0,75.0
7,Huskies,Huskies_M1,Huskies_M3,1H,2243.798848,Simple pass,65,75,59.0,62.0
7,Huskies,Huskies_M3,Huskies_M6,1H,2245.517804,Simple pass,59,62,71.0,46.0
7,Opponent7,Opponent7_M4,Opponent7_F1,1H,2263.456146,Launch,15,87,47.0,80.0
7,Opponent7,Opponent7_M3,Opponent7_D1,1H,2325.651133,Simple pass,59,17,42.0,23.0
7,Opponent7,Opponent7_D1,Opponent7_G1,1H,2329.110645,Simple pass,42,23,12.0,50.0
7,Opponent7,Opponent7_G1,Opponent7_D1,1H,2332.093633,Simple pass,12,50,24.0,24.0
7,Opponent7,Opponent7_D1,Opponent7_M2,1H,2335.350963,Simple pass,24,24,26.0,38.0
7,Opponent7,Opponent7_M2,Opponent7_G1,1H,2338.83118,Simple pass,26,38,13.0,65.0
7,Huskies,Huskies_F1,Huskies_F4,1H,2350.650681,Simple pass,53,39,73.0,14.0
7,Huskies,Huskies_D4,Huskies_M1,1H,2389.112137,Simple pass,85,6,70.0,13.0
7,Huskies,Huskies_M1,Huskies_F4,1H,2389.609186,Simple pass,70,13,82.0,15.0
7,Huskies,Huskies_D2,Huskies_F4,1H,2402.276784,Simple pass,82,2,79.0,36.0
7,Opponent7,Opponent7_D4,Opponent7_M4,1H,2440.290277,High pass,43,80,86.0,88.0
7,Opponent7,Opponent7_M4,Opponent7_D4,1H,2446.528197,Simple pass,89,93,76.0,96.0
7,Opponent7,Opponent7_D4,Opponent7_F1,1H,2448.84322,Cross,76,96,96.0,51.0
7,Opponent7,Opponent7_D2,Opponent7_F1,1H,2457.249152,Cross,96,14,94.0,50.0
7,Opponent7,Opponent7_M2,Opponent7_M4,1H,2562.902794,Simple pass,65,86,66.0,97.0
7,Opponent7,Opponent7_M4,Opponent7_D4,1H,2563.992346,Simple pass,66,97,62.0,96.0
7,Opponent7,Opponent7_D4,Opponent7_M3,1H,2567.178837,Simple pass,62,96,42.0,95.0
7,Opponent7,Opponent7_M3,Opponent7_D3,1H,2569.975047,Simple pass,42,95,30.0,62.0
7,Opponent7,Opponent7_D3,Opponent7_G1,1H,2572.653568,Simple pass,30,62,14.0,56.0
7,Huskies,Huskies_D1,Huskies_D4,1H,2580.76246,Head pass,11,29,18.0,4.0
7,Opponent7,Opponent7_D2,Opponent7_F1,1H,2670.978438,Head pass,61,7,84.0,5.0
7,Opponent7,Opponent7_D1,Opponent7_M3,1H,2688.062537,Head pass,55,26,56.0,36.0
7,Opponent7,Opponent7_M3,Opponent7_D3,1H,2689.295753,Simple pass,56,36,25.0,35.0
7,Opponent7,Opponent7_D3,Opponent7_G1,1H,2691.84203,Simple pass,25,35,13.0,76.0
7,Opponent7,Opponent7_G1,Opponent7_M1,1H,2696.64756,Launch,13,76,67.0,62.0
7,Huskies,Huskies_M6,Huskies_F4,1H,2706.115005,Simple pass,54,22,92.0,15.0
7,Huskies,Huskies_M6,Huskies_M9,1H,2723.778552,Simple pass,65,50,55.0,49.0
7,Huskies,Huskies_M9,Huskies_M1,1H,2725.505702,Simple pass,55,49,60.0,29.0
7,Huskies,Huskies_M1,Huskies_F4,1H,2727.207425,Simple pass,60,29,72.0,39.0
7,Huskies,Huskies_G1,Huskies_D1,1H,2743.485119,Simple pass,12,80,25.0,87.0
7,Huskies,Huskies_D5,Huskies_M3,1H,2753.306931,Simple pass,56,82,47.0,64.0
7,Huskies,Huskies_M3,Huskies_M1,1H,2755.15166,Simple pass,47,64,60.0,29.0
7,Huskies,Huskies_M1,Huskies_D4,1H,2760.119329,Simple pass,60,29,74.0,6.0
7,Opponent7,Opponent7_M1,Opponent7_D3,2H,3604.162515,Simple pass,49,51,29.0,65.0
7,Opponent7,Opponent7_D3,Opponent7_F1,2H,3607.208189,High pass,29,65,72.0,5.0
7,Opponent7,Opponent7_F1,Opponent7_M1,2H,3610.341265,Head pass,72,5,77.0,14.0
7,Huskies,Huskies_M1,Huskies_M3,2H,3612.755368,Simple pass,33,87,28.0,79.0
7,Huskies,Huskies_M3,Huskies_D2,2H,3614.42674,Simple pass,28,79,25.0,56.0
7,Huskies,Huskies_D2,Huskies_D4,2H,3617.033109,Simple pass,25,56,32.0,18.0
7,Huskies,Huskies_D4,Huskies_D2,2H,3618.530078,Simple pass,32,18,31.0,36.0
7,Huskies,Huskies_M1,Huskies_M9,2H,3625.6253,Head pass,63,74,72.0,86.0
7,Huskies,Huskies_M9,Huskies_D5,2H,3628.263913,Simple pass,72,86,83.0,97.0
7,Huskies,Huskies_D5,Huskies_F4,2H,3630.743433,Cross,83,97,88.0,44.0
7,Huskies,Huskies_M6,Huskies_D4,2H,3635.48922,Simple pass,89,17,73.0,21.0
7,Huskies,Huskies_D4,Huskies_M6,2H,3638.351535,Simple pass,73,21,86.0,7.0
7,Huskies,Huskies_M9,Huskies_D5,2H,3697.613618,Simple pass,66,82,62.0,93.0
7,Huskies,Huskies_D5,Huskies_M1,2H,3699.940827,Simple pass,62,93,59.0,86.0
7,Opponent7,Opponent7_D2,Opponent7_F1,2H,3707.021938,High pass,14,11,50.0,13.0
7,Huskies,Huskies_M1,Huskies_D2,2H,3712.538306,Simple pass,39,90,41.0,65.0
7,Huskies,Huskies_D2,Huskies_M3,2H,3716.983183,Simple pass,41,65,43.0,41.0
7,Huskies,Huskies_M3,Huskies_D2,2H,3718.34352,Simple pass,43,41,48.0,56.0
7,Huskies,Huskies_D2,Huskies_D5,2H,3720.919103,Simple pass,48,56,53.0,93.0
7,Huskies,Huskies_D5,Huskies_M9,2H,3724.037469,Simple pass,53,93,74.0,98.0
7,Huskies,Huskies_M9,Huskies_M6,2H,3729.153613,Simple pass,64,67,73.0,61.0
7,Huskies,Huskies_M9,Huskies_M3,2H,3740.197937,Simple pass,71,20,70.0,12.0
7,Huskies,Huskies_M3,Huskies_D4,2H,3742.007117,Simple pass,70,12,84.0,13.0
7,Huskies,Huskies_D4,Huskies_M3,2H,3744.864044,Simple pass,84,13,71.0,8.0
7,Huskies,Huskies_M3,Huskies_D1,2H,3768.378186,Simple pass,38,19,30.0,66.0
7,Opponent7,Opponent7_G1,Opponent7_D2,2H,3782.689472,Hand pass,7,56,39.0,3.0
7,Huskies,Huskies_D1,Huskies_M1,2H,3820.164756,Simple pass,37,93,32.0,84.0
7,Huskies,Huskies_M1,Huskies_D4,2H,3827.203545,Simple pass,55,35,52.0,14.0
7,Opponent7,Opponent7_M4,Opponent7_F1,2H,3834.925677,Simple pass,75,77,72.0,60.0
7,Opponent7,Opponent7_F1,Opponent7_D4,2H,3837.707358,Simple pass,72,60,88.0,95.0
7,Huskies,Huskies_M6,Huskies_M1,2H,3850.676337,Simple pass,39,16,46.0,42.0
7,Huskies,Huskies_M1,Huskies_M9,2H,3852.335292,High pass,46,42,68.0,91.0
7,Huskies,Huskies_M3,Huskies_M1,2H,3864.528049,Simple pass,53,89,59.0,61.0
7,Huskies,Huskies_M1,Huskies_F1,2H,3866.068692,Simple pass,59,61,62.0,79.0
7,Huskies,Huskies_F1,Huskies_M3,2H,3867.824101,Simple pass,62,79,53.0,79.0
7,Huskies,Huskies_M3,Huskies_M6,2H,3871.436274,Simple pass,53,79,71.0,78.0
7,Huskies,Huskies_M6,Huskies_D5,2H,3874.257747,Simple pass,71,78,97.0,95.0
7,Huskies,Huskies_G1,Huskies_F1,2H,3954.28887,High pass,22,29,65.0,11.0
7,Opponent7,Opponent7_M2,Opponent7_F1,2H,3960.980948,Simple pass,33,56,48.0,55.0
7,Huskies,Huskies_M3,Huskies_M1,2H,3962.366388,Simple pass,58,37,50.0,54.0
7,Huskies,Huskies_M1,Huskies_D1,2H,3963.619469,Simple pass,50,54,48.0,50.0
7,Huskies,Huskies_D1,Huskies_D5,2H,3965.104569,Simple pass,48,50,48.0,66.0
7,Huskies,Huskies_D5,Huskies_M1,2H,3966.592263,Simple pass,48,66,47.0,47.0
7,Huskies,Huskies_M1,Huskies_D5,2H,3971.69022,Simple pass,68,54,70.0,91.0
7,Huskies,Huskies_D5,Huskies_M1,2H,3975.1586,Simple pass,70,91,66.0,78.0
7,Opponent7,Opponent7_M2,Opponent7_M5,2H,3978.597701,Simple pass,32,19,22.0,14.0
7,Opponent7,Opponent7_M5,Opponent7_D1,2H,3980.976392,Simple pass,22,14,20.0,22.0
7,Huskies,Huskies_G1,Huskies_D1,2H,3988.665363,Simple pass,19,80,31.0,86.0
7,Huskies,Huskies_D1,Huskies_D2,2H,3990.558148,Simple pass,31,86,33.0,44.0
7,Huskies,Huskies_D2,Huskies_M3,2H,3993.980259,Simple pass,33,44,41.0,33.0
7,Huskies,Huskies_M3,Huskies_D2,2H,3997.704265,Simple pass,41,33,47.0,47.0
7,Opponent7,Opponent7_M3,Opponent7_D1,2H,4060.657862,Simple pass,62,3,52.0,3.0
7,Opponent7,Opponent7_D1,Opponent7_D4,2H,4062.219361,High pass,52,3,66.0,92.0
7,Opponent7,Opponent7_D4,Opponent7_M4,2H,4066.952063,Simple pass,66,92,79.0,93.0
7,Opponent7,Opponent7_M4,Opponent7_D4,2H,4068.25531,Simple pass,79,93,52.0,81.0
7,Opponent7,Opponent7_D4,Opponent7_D3,2H,4073.0379,Simple pass,52,81,43.0,80.0
7,Opponent7,Opponent7_D3,Opponent7_D2,2H,4075.440267,High pass,43,80,74.0,2.0
7,Opponent7,Opponent7_D2,Opponent7_M1,2H,4080.929882,Simple pass,74,2,61.0,19.0
7,Opponent7,Opponent7_M1,Opponent7_M3,2H,4083.345876,Simple pass,61,19,64.0,12.0
7,Opponent7,Opponent7_M3,Opponent7_M1,2H,4085.715446,Simple pass,64,12,57.0,25.0
7,Opponent7,Opponent7_M1,Opponent7_D3,2H,4087.869122,Simple pass,57,25,44.0,71.0
7,Opponent7,Opponent7_D3,Opponent7_D4,2H,4090.208983,Simple pass,44,71,57.0,85.0
7,Opponent7,Opponent7_D4,Opponent7_D3,2H,4091.784127,Simple pass,57,85,46.0,67.0
7,Opponent7,Opponent7_D3,Opponent7_F1,2H,4097.35872,Simple pass,46,67,70.0,48.0
7,Huskies,Huskies_F1,Huskies_M3,2H,4101.8942910000005,Simple pass,36,35,34.0,35.0
7,Huskies,Huskies_M3,Huskies_M1,2H,4107.378640999999,Simple pass,34,35,49.0,65.0
7,Huskies,Huskies_M1,Huskies_D5,2H,4110.988058999999,Simple pass,49,65,71.0,95.0
7,Huskies,Huskies_D5,Huskies_M1,2H,4115.802414,Simple pass,71,95,64.0,71.0
7,Huskies,Huskies_M1,Huskies_M3,2H,4119.837287,Simple pass,64,71,58.0,57.0
7,Huskies,Huskies_M3,Huskies_D4,2H,4120.788103,Simple pass,58,57,69.0,30.0
7,Huskies,Huskies_D4,Huskies_D2,2H,4127.513324,Simple pass,69,30,55.0,36.0
7,Huskies,Huskies_D2,Huskies_D1,2H,4130.289257,Simple pass,55,36,54.0,63.0
7,Huskies,Huskies_D1,Huskies_D4,2H,4134.688289,Simple pass,74,51,68.0,16.0
7,Huskies,Huskies_D5,Huskies_D1,2H,4183.2908370000005,Simple pass,19,83,15.0,72.0
7,Huskies,Huskies_D1,Huskies_G1,2H,4184.097777999999,Simple pass,15,72,5.0,56.0
7,Huskies,Huskies_M3,Huskies_F1,2H,4190.776304,Head pass,39,56,65.0,59.0
7,Huskies,Huskies_D1,Huskies_D5,2H,4257.0178510000005,Head pass,28,79,44.0,85.0
7,Huskies,Huskies_F4,Huskies_D5,2H,4277.211010999999,Simple pass,92,83,82.0,96.0
7,Huskies,Huskies_D5,Huskies_M1,2H,4280.668175,Simple pass,82,96,65.0,87.0
7,Huskies,Huskies_M1,Huskies_M3,2H,4283.894314,Simple pass,65,87,69.0,74.0
7,Huskies,Huskies_M3,Huskies_M1,2H,4286.018701,Simple pass,69,74,59.0,98.0
7,Huskies,Huskies_M1,Huskies_M3,2H,4288.057533,Simple pass,59,98,68.0,91.0
7,Huskies,Huskies_M3,Huskies_D5,2H,4289.563449,Simple pass,68,91,80.0,96.0
7,Huskies,Huskies_D5,Huskies_M3,2H,4292.200142,Simple pass,80,96,65.0,94.0
7,Huskies,Huskies_M3,Huskies_M9,2H,4296.371069,Simple pass,67,92,75.0,77.0
7,Opponent7,Opponent7_D2,Opponent7_F1,2H,4302.183129,High pass,11,1,43.0,36.0
7,Huskies,Huskies_D4,Huskies_M3,2H,4308.672681,Simple pass,43,41,44.0,66.0
7,Huskies,Huskies_M3,Huskies_D1,2H,4312.370532999999,Simple pass,44,66,33.0,88.0
7,Huskies,Huskies_D1,Huskies_F4,2H,4318.723527,High pass,45,97,88.0,86.0
7,Huskies,Huskies_M1,Huskies_M6,2H,4366.598766,Simple pass,38,75,63.0,70.0
7,Huskies,Huskies_F4,Huskies_M6,2H,4368.245753,Simple pass,75,57,64.0,70.0
7,Huskies,Huskies_D1,Huskies_M3,2H,4534.300472999999,Simple pass,52,71,61.0,33.0
7,Huskies,Huskies_M3,Huskies_D4,2H,4537.0765790000005,Simple pass,61,33,74.0,7.0
7,Huskies,Huskies_D4,Huskies_M3,2H,4539.582342,Simple pass,74,7,52.0,23.0
7,Huskies,Huskies_M3,Huskies_D4,2H,4545.971363,Simple pass,76,24,83.0,13.0
7,Huskies,Huskies_D4,Huskies_M3,2H,4547.815697,Simple pass,83,13,65.0,15.0
7,Huskies,Huskies_M3,Huskies_M1,2H,4549.707447,Simple pass,65,15,65.0,38.0
7,Huskies,Huskies_M1,Huskies_D1,2H,4552.012382,Simple pass,65,38,65.0,67.0
7,Huskies,Huskies_M1,Huskies_G1,2H,4585.080836,Simple pass,38,92,25.0,53.0
7,Huskies,Huskies_G1,Huskies_D4,2H,4590.612831,Simple pass,25,53,39.0,8.0
7,Huskies,Huskies_D4,Huskies_D2,2H,4596.394454,Simple pass,67,10,33.0,35.0
7,Huskies,Huskies_D2,Huskies_D1,2H,4600.335973,Simple pass,33,35,40.0,76.0
7,Opponent7,Opponent7_D4,Opponent7_M4,2H,4607.757482,Head pass,14,67,24.0,87.0
7,Huskies,Huskies_M3,Huskies_D1,2H,4613.232765000001,Simple pass,68,52,54.0,74.0
7,Huskies,Huskies_D1,Huskies_D5,2H,4615.658837,Simple pass,54,74,59.0,91.0
7,Huskies,Huskies_D5,Huskies_D1,2H,4618.05577,Simple pass,59,91,48.0,78.0
7,Huskies,Huskies_D1,Huskies_D2,2H,4621.789196,Simple pass,48,78,53.0,23.0
7,Huskies,Huskies_D2,Huskies_D4,2H,4626.996259,Simple pass,53,23,53.0,13.0
7,Huskies,Huskies_D4,Huskies_M6,2H,4629.357656,Simple pass,53,13,82.0,36.0
7,Opponent7,Opponent7_M3,Opponent7_M2,2H,4632.743763,Simple pass,18,63,27.0,52.0
7,Opponent7,Opponent7_M2,Opponent7_M2,2H,4635.402334,Simple pass,30,58,33.0,61.0
7,Huskies,Huskies_M3,Huskies_F1,2H,4638.675238,Simple pass,75,35,87.0,30.0
7,Huskies,Huskies_F1,Huskies_D4,2H,4641.388119,Simple pass,87,30,94.0,12.0
7,Huskies,Huskies_D4,Huskies_F4,2H,4642.8580569999995,Cross,94,12,94.0,48.0
7,Huskies,Huskies_D5,Huskies_G1,2H,4687.545034000001,Simple pass,29,92,15.0,64.0
7,Huskies,Huskies_D1,Huskies_D2,2H,4702.454658000001,Simple pass,31,75,34.0,33.0
7,Huskies,Huskies_D2,Huskies_D4,2H,4706.051562000001,Simple pass,34,33,37.0,8.0
7,Huskies,Huskies_D4,Huskies_D2,2H,4709.292866,Simple pass,37,8,30.0,34.0
7,Huskies,Huskies_D2,Huskies_D1,2H,4711.462028,Simple pass,30,34,46.0,79.0
7,Huskies,Huskies_D1,Huskies_D5,2H,4715.900146,Simple pass,46,79,77.0,97.0
7,Huskies,Huskies_D5,Huskies_M1,2H,4719.703171,Simple pass,77,97,61.0,77.0
7,Huskies,Huskies_M1,Huskies_M6,2H,4723.744462000001,Simple pass,61,77,70.0,62.0
7,Huskies,Huskies_M6,Huskies_F1,2H,4727.326212,Simple pass,70,62,78.0,41.0
7,Opponent7,Opponent7_D3,Opponent7_M3,2H,4728.431076,Simple pass,17,51,28.0,45.0
7,Huskies,Huskies_G1,Huskies_D2,2H,4776.327012,Hand pass,7,65,28.0,27.0
7,Huskies,Huskies_D2,Huskies_D4,2H,4781.547882,Simple pass,45,22,62.0,10.0
7,Huskies,Huskies_D4,Huskies_D2,2H,4782.873672,Simple pass,62,10,57.0,20.0
7,Huskies,Huskies_D2,Huskies_M1,2H,4785.202411,Simple pass,57,20,56.0,45.0
7,Huskies,Huskies_M1,Huskies_D2,2H,4786.601278,Simple pass,56,45,66.0,29.0
7,Huskies,Huskies_D2,Huskies_D4,2H,4789.296429,Simple pass,66,29,81.0,8.0
7,Huskies,Huskies_D4,Huskies_F4,2H,4792.233685,Cross,81,8,90.0,44.0
7,Opponent7,Opponent7_D1,Opponent7_M3,2H,4795.154708,Simple pass,10,37,12.0,68.0
7,Huskies,Huskies_M1,Huskies_D2,2H,4800.686536,Simple pass,62,15,39.0,15.0
7,Huskies,Huskies_D2,Huskies_G1,2H,4802.4151440000005,Simple pass,39,15,25.0,42.0
7,Huskies,Huskies_G1,Huskies_D4,2H,4808.485912,High pass,25,42,62.0,13.0
7,Huskies,Huskies_D4,Huskies_F1,2H,4814.485697,High pass,62,13,73.0,52.0
7,Opponent7,Opponent7_M1,Opponent7_M5,2H,4843.068444,Simple pass,69,9,75.0,2.0
7,Opponent7,Opponent7_D4,Opponent7_M4,2H,4860.384406,Simple pass,18,64,33.0,59.0
7,Opponent7,Opponent7_M4,Opponent7_F1,2H,4864.834991,Simple pass,54,59,71.0,47.0
7,Opponent7,Opponent7_F1,Opponent7_M4,2H,4865.722398,Simple pass,71,47,69.0,28.0
7,Opponent7,Opponent7_M1,Opponent7_M5,2H,4872.103339,Simple pass,71,4,75.0,28.0
7,Opponent7,Opponent7_M5,Opponent7_M4,2H,4873.296834,Simple pass,75,28,96.0,20.0
7,Huskies,Huskies_D1,Huskies_M6,2H,4927.768336,High pass,50,93,72.0,48.0
7,Huskies,Huskies_D4,Huskies_F4,2H,4933.540037,Cross,90,20,90.0,39.0
7,Opponent7,Opponent7_D2,Opponent7_M1,2H,4951.425978,Simple pass,62,3,84.0,6.0
7,Opponent7,Opponent7_M1,Opponent7_D2,2H,4955.281394,Simple pass,84,6,97.0,19.0
7,Huskies,Huskies_M9,Huskies_F2,2H,4961.164107,Simple pass,13,59,31.0,62.0
7,Huskies,Huskies_F2,Huskies_D5,2H,4964.573847,Simple pass,31,62,35.0,87.0
7,Huskies,Huskies_D5,Huskies_F2,2H,4967.192305,Simple pass,35,87,43.0,58.0
7,Huskies,Huskies_F2,Huskies_D4,2H,4971.728507,Simple pass,43,58,46.0,10.0
7,Huskies,Huskies_D4,Huskies_M1,2H,4979.07045,Simple pass,66,13,63.0,29.0
7,Huskies,Huskies_M1,Huskies_D2,2H,4980.985369,Simple pass,63,29,55.0,40.0
7,Huskies,Huskies_D2,Huskies_D1,2H,4984.614752,Simple pass,55,40,54.0,65.0
7,Huskies,Huskies_D1,Huskies_D5,2H,4987.787963,Simple pass,54,65,73.0,99.0
7,Opponent7,Opponent7_M3,Opponent7_M2,2H,5074.960197,Simple pass,35,58,38.0,35.0
7,Opponent7,Opponent7_M2,Opponent7_D2,2H,5076.378168,Simple pass,38,35,28.0,10.0
7,Opponent7,Opponent7_D2,Opponent7_M4,2H,5078.324476,Simple pass,28,10,42.0,3.0
7,Opponent7,Opponent7_M4,Opponent7_M1,2H,5081.843635,Simple pass,42,3,75.0,22.0
7,Opponent7,Opponent7_M2,Opponent7_M5,2H,5210.56176,Simple pass,70,1,62.0,2.0
7,Opponent7,Opponent7_M5,Opponent7_D2,2H,5211.70801,Simple pass,62,2,47.0,7.0
7,Opponent7,Opponent7_D2,Opponent7_D1,2H,5212.734235,Simple pass,47,7,30.0,17.0
7,Opponent7,Opponent7_D1,Opponent7_G1,2H,5215.957646,Simple pass,30,17,14.0,39.0
7,Huskies,Huskies_D1,Huskies_D5,2H,5223.642992,Head pass,27,73,24.0,93.0
7,Huskies,Huskies_D5,Huskies_M4,2H,5225.560557,Head pass,24,93,45.0,91.0
7,Huskies,Huskies_F2,Huskies_D4,2H,5236.423035,High pass,42,55,74.0,5.0
7,Huskies,Huskies_M1,Huskies_D5,2H,5295.912878,Simple pass,62,71,77.0,94.0
7,Opponent7,Opponent7_D1,Opponent7_M4,2H,5299.931179,Head pass,14,34,35.0,15.0
7,Huskies,Huskies_M1,Huskies_F1,2H,5304.988574,Cross,79,93,89.0,56.0
7,Huskies,Huskies_M1,Huskies_D5,2H,5341.703628,Simple pass,59,70,75.0,91.0
7,Huskies,Huskies_D5,Huskies_F2,2H,5345.533182,Simple pass,75,91,65.0,89.0
7,Opponent7,Opponent7_M3,Opponent7_D4,2H,5355.296607,Simple pass,7,92,15.0,83.0
7,Opponent7,Opponent7_D4,Opponent7_M3,2H,5356.479656,Simple pass,15,83,20.0,94.0
7,Huskies,Huskies_M4,Huskies_M1,2H,5361.524449,Simple pass,44,8,36.0,52.0
7,Huskies,Huskies_M1,Huskies_D5,2H,5365.583908,Simple pass,36,52,64.0,82.0
7,Huskies,Huskies_D5,Huskies_F1,2H,5369.797342,Simple pass,64,82,58.0,76.0
7,Huskies,Huskies_F1,Huskies_M1,2H,5372.144125,Simple pass,58,76,43.0,54.0
7,Opponent7,Opponent7_F1,Opponent7_M4,2H,5382.136909,Simple pass,55,52,54.0,18.0
7,Huskies,Huskies_F2,Huskies_M1,2H,5408.334055,Head pass,28,88,14.0,85.0
7,Huskies,Huskies_M1,Huskies_D5,2H,5425.212605,Simple pass,41,83,52.0,94.0
7,Huskies,Huskies_D5,Huskies_M1,2H,5427.101048,Simple pass,52,94,37.0,85.0
7,Huskies,Huskies_M1,Huskies_D2,2H,5429.55593,Simple pass,37,85,29.0,36.0
7,Huskies,Huskies_D2,Huskies_D4,2H,5433.836955,Simple pass,43,27,60.0,10.0
7,Huskies,Huskies_D4,Huskies_D2,2H,5436.658899,Simple pass,60,10,33.0,34.0
7,Huskies,Huskies_D2,Huskies_D1,2H,5440.333166,Simple pass,33,34,35.0,69.0
7,Huskies,Huskies_D1,Huskies_D5,2H,5444.467287,Simple pass,35,69,62.0,96.0
7,Huskies,Huskies_D5,Huskies_M1,2H,5446.376908,Simple pass,62,96,55.0,67.0
7,Huskies,Huskies_F1,Huskies_M4,2H,5456.875471,Simple pass,76,73,70.0,40.0
7,Huskies,Huskies_M4,Huskies_D4,2H,5459.275691,Simple pass,70,40,74.0,11.0
7,Huskies,Huskies_D4,Huskies_M4,2H,5463.123791,Simple pass,74,11,68.0,29.0
7,Huskies,Huskies_M4,Huskies_D2,2H,5466.945552,Simple pass,68,29,59.0,32.0
7,Huskies,Huskies_D2,Huskies_D1,2H,5469.107467,Simple pass,59,32,65.0,76.0
7,Opponent7,Opponent7_D1,Opponent7_D2,2H,5475.066827000001,Head pass,11,38,12.0,26.0
7,Opponent7,Opponent7_D2,Opponent7_M1,2H,5476.768043,Head pass,12,26,30.0,23.0
7,Opponent7,Opponent7_M1,Opponent7_F1,2H,5480.147965,Launch,30,23,60.0,21.0
7,Huskies,Huskies_M1,Huskies_D5,2H,5486.007136,Head pass,40,81,58.0,92.0
7,Huskies,Huskies_D5,Huskies_M1,2H,5489.842187,Simple pass,58,92,40.0,88.0
7,Huskies,Huskies_M1,Huskies_F2,2H,5490.162181,Simple pass,40,88,56.0,78.0
7,Huskies,Huskies_F2,Huskies_M6,2H,5494.975291,Simple pass,56,78,74.0,86.0
7,Huskies,Huskies_M6,Huskies_D5,2H,5497.835668,Simple pass,74,86,73.0,93.0
7,Huskies,Huskies_M4,Huskies_D4,2H,5502.746559,Head pass,73,23,74.0,16.0
7,Huskies,Huskies_D4,Huskies_M4,2H,5505.784611,Simple pass,74,16,71.0,28.0
7,Huskies,Huskies_M4,Huskies_F2,2H,5508.1996070000005,Simple pass,71,28,72.0,42.0
7,Huskies,Huskies_F2,Huskies_D2,2H,5510.343800000001,Simple pass,72,42,65.0,20.0
7,Huskies,Huskies_D2,Huskies_F4,2H,5513.798926,Simple pass,65,20,76.0,33.0
7,Huskies,Huskies_F4,Huskies_M6,2H,5516.268632,Simple pass,76,33,83.0,30.0
7,Huskies,Huskies_D2,Huskies_F1,2H,5535.239949,High pass,56,25,78.0,71.0
7,Huskies,Huskies_D1,Huskies_M1,2H,5548.806319,Head pass,42,61,63.0,75.0
7,Huskies,Huskies_F2,Huskies_D4,2H,5565.785964,Simple pass,48,54,60.0,15.0
7,Huskies,Huskies_M1,Huskies_F2,2H,5576.073555,Simple pass,64,43,73.0,62.0
7,Huskies,Huskies_F2,Huskies_M4,2H,5608.061521,Simple pass,74,49,87.0,71.0
7,Huskies,Huskies_M4,Huskies_M6,2H,5610.796534,Simple pass,87,71,94.0,76.0
7,Huskies,Huskies_M6,Huskies_M6,2H,5615.784609,Simple pass,97,70,94.0,71.0
7,Huskies,Huskies_M4,Huskies_M4,2H,5619.668501,Simple pass,96,70,97.0,68.0
7,Huskies,Huskies_D5,Huskies_F1,2H,5663.801815,Simple pass,62,93,71.0,79.0
7,Opponent7,Opponent7_M1,Opponent7_F1,2H,5674.243186,Simple pass,35,24,63.0,16.0
7,Opponent7,Opponent7_F1,Opponent7_M2,2H,5681.108641,Simple pass,54,26,48.0,28.0
7,Opponent7,Opponent7_M2,Opponent7_M1,2H,5682.7164250000005,Simple pass,48,28,74.0,7.0
7,Opponent7,Opponent7_M1,Opponent7_M4,2H,5686.27548,Simple pass,74,7,61.0,8.0
7,Opponent7,Opponent7_M4,Opponent7_D2,2H,5688.095633999999,Simple pass,61,8,42.0,9.0
7,Huskies,Huskies_D1,Huskies_G1,2H,5695.532221,Head pass,26,83,13.0,63.0
7,Huskies,Huskies_G1,Huskies_D2,2H,5699.006225,Hand pass,13,63,27.0,37.0
7,Huskies,Huskies_D2,Huskies_D4,2H,5704.379113,Simple pass,46,27,58.0,15.0
7,Huskies,Huskies_D4,Huskies_D2,2H,5707.165391,Simple pass,58,15,42.0,30.0
7,Huskies,Huskies_D2,Huskies_M1,2H,5710.242560000001,Simple pass,42,30,43.0,51.0
7,Huskies,Huskies_M1,Huskies_M4,2H,5713.113997,Simple pass,43,51,57.0,76.0
7,Opponent7,Opponent7_D4,Opponent7_M1,2H,5717.613026,Head pass,21,65,41.0,44.0
7,Huskies,Huskies_G1,Huskies_D2,2H,5724.025922,Simple pass,24,39,71.0,15.0
7,Huskies,Huskies_D2,Huskies_F2,2H,5730.718349000001,Simple pass,71,15,64.0,30.0
7,Huskies,Huskies_F2,Huskies_M1,2H,5731.501956,Simple pass,64,30,52.0,28.0
7,Huskies,Huskies_M1,Huskies_D1,2H,5734.115971,Simple pass,52,28,54.0,65.0
7,Huskies,Huskies_D1,Huskies_M1,2H,5736.5862720000005,Simple pass,54,65,53.0,40.0
7,Huskies,Huskies_F3,Huskies_F2,2H,5794.397285,Simple pass,48,49,33.0,57.0
7,Huskies,Huskies_F2,Huskies_D4,2H,5796.574432,Simple pass,33,57,37.0,15.0
7,Huskies,Huskies_D4,Huskies_F1,2H,5804.654052,Simple pass,69,8,76.0,33.0
7,Huskies,Huskies_F1,Huskies_F2,2H,5806.853525,Simple pass,76,33,72.0,54.0
7,Huskies,Huskies_D2,Huskies_D4,2H,5856.521545,Simple pass,42,22,52.0,8.0
7,Opponent7,Opponent7_M2,Opponent7_D4,2H,5863.9963370000005,Simple pass,25,71,18.0,75.0
7,Opponent7,Opponent7_D4,Opponent7_M3,2H,5904.709812,Head pass,58,94,62.0,73.0
7,Huskies,Huskies_F3,Huskies_M4,2H,5908.387191,Simple pass,42,37,29.0,42.0
7,Huskies,Huskies_M4,Huskies_F2,2H,5917.690979,Simple pass,73,46,72.0,19.0
7,Huskies,Huskies_D5,Huskies_F3,2H,5927.456572,Simple pass,90,90,75.0,83.0
7,Huskies,Huskies_M6,Huskies_F2,2H,5932.661795,Cross,87,73,95.0,47.0
7,Huskies,Huskies_D4,Huskies_M6,2H,5970.282569,Simple pass,67,19,91.0,15.0
7,Huskies,Huskies_M6,Huskies_M4,2H,5975.128766,Simple pass,91,29,80.0,41.0
7,Huskies,Huskies_F2,Huskies_D4,2H,5991.471522,Simple pass,82,21,86.0,8.0
7,Huskies,Huskies_D4,Huskies_M4,2H,5993.855364,Simple pass,86,8,77.0,16.0
7,Huskies,Huskies_M4,Huskies_M1,2H,5995.358679,Simple pass,77,16,62.0,32.0
7,Huskies,Huskies_M1,Huskies_D5,2H,5997.809975,Simple pass,62,32,67.0,94.0
7,Huskies,Huskies_D5,Huskies_D2,2H,6001.484757,Cross,67,94,91.0,44.0
7,Huskies,Huskies_D2,Huskies_D5,2H,6048.246253,Simple pass,29,62,35.0,86.0
7,Huskies,Huskies_D5,Huskies_D2,2H,6050.554082000001,Simple pass,35,86,33.0,67.0
7,Huskies,Huskies_D2,Huskies_G1,2H,6052.408763,Simple pass,33,67,12.0,48.0
7,Huskies,Huskies_G1,Huskies_F2,2H,6056.402707,Simple pass,12,48,29.0,18.0
7,Huskies,Huskies_M6,Huskies_D4,2H,6061.032809,Simple pass,67,27,77.0,9.0
7,Huskies,Huskies_D4,Huskies_M6,2H,6063.581847,Simple pass,77,9,73.0,30.0
7,Huskies,Huskies_M6,Huskies_F1,2H,6065.661752,Simple pass,73,30,88.0,35.0
7,Opponent7,Opponent7_M3,Opponent7_D3,2H,6176.475472,Simple pass,66,63,44.0,56.0
7,Opponent7,Opponent7_M5,Opponent7_M3,2H,6184.115759,Simple pass,75,78,71.0,94.0
7,Opponent7,Opponent7_M3,Opponent7_F1,2H,6185.505853000001,High pass,71,94,91.0,87.0
7,Opponent7,Opponent7_F1,Opponent7_D4,2H,6191.363766,Simple pass,91,87,96.0,91.0
7,Huskies,Huskies_F2,Huskies_D2,2H,6232.4204310000005,Simple pass,69,66,79.0,33.0
7,Huskies,Huskies_D2,Huskies_D4,2H,6234.851364,Simple pass,79,33,89.0,8.0
7,Huskies,Huskies_D2,Huskies_F3,2H,6241.322776,Simple pass,64,26,64.0,24.0
7,Huskies,Huskies_F3,Huskies_F2,2H,6246.273783000001,Simple pass,64,24,67.0,52.0
7,Huskies,Huskies_M6,Huskies_F2,2H,6351.174438,Simple pass,65,56,74.0,36.0
7,Huskies,Huskies_F2,Huskies_M6,2H,6353.309607,Simple pass,74,36,69.0,60.0
7,Huskies,Huskies_D5,Huskies_M1,2H,6400.77447,Head pass,36,86,34.0,84.0
7,Huskies,Huskies_D1,Huskies_D2,2H,6418.004669,Simple pass,50,72,58.0,35.0
7,Huskies,Huskies_D2,Huskies_M1,2H,6423.50582,Simple pass,71,47,66.0,53.0
7,Huskies,Huskies_M1,Huskies_F3,2H,6427.081362999999,Simple pass,66,53,74.0,64.0
7,Huskies,Huskies_F3,Huskies_D1,2H,6428.540976,Simple pass,74,64,64.0,74.0
7,Huskies,Huskies_D1,Huskies_F1,2H,6430.228421,Cross,64,74,84.0,52.0
7,Huskies,Huskies_F1,Huskies_D2,2H,6431.252259,Head pass,84,52,90.0,41.0
7,Huskies,Huskies_M1,Huskies_F3,2H,6454.634969000001,Simple pass,68,52,71.0,77.0
7,Huskies,Huskies_F3,Huskies_D5,2H,6455.609315,Simple pass,71,77,90.0,91.0
7,Huskies,Huskies_D1,Huskies_D4,2H,6501.10437,Simple pass,34,59,29.0,28.0
7,Huskies,Huskies_D4,Huskies_D2,2H,6508.750962,Cross,86,10,93.0,59.0
7,Huskies,Huskies_D4,Huskies_F3,2H,6555.547783,Head pass,74,46,80.0,35.0
