MatchID,TeamID,OriginPlayerID,DestinationPlayerID,MatchPeriod,EventTime,EventSubType,EventOrigin_x,EventOrigin_y,EventDestination_x,EventDestination_y
8,Huskies,Huskies_F2,Huskies_D3,1H,1.5449779999999862,Simple pass,49,49,31.0,65.0
8,Huskies,Huskies_D3,Huskies_F1,1H,5.685725999999988,High pass,31,65,75.0,8.0
8,Opponent8,Opponent8_M1,Opponent8_M2,1H,32.573014,Simple pass,10,60,15.0,53.0
8,Huskies,Huskies_D6,Huskies_G1,1H,42.91852299999999,Simple pass,38,80,19.0,47.0
8,Huskies,Huskies_G1,Huskies_D3,1H,45.995001,Simple pass,19,47,28.0,76.0
8,Huskies,Huskies_D3,Huskies_D1,1H,49.95413099999999,Simple pass,28,76,28.0,47.0
8,Huskies,Huskies_D1,Huskies_M3,1H,52.40451200000001,Simple pass,28,47,33.0,21.0
8,Huskies,Huskies_M3,Huskies_D4,1H,54.723815,Simple pass,33,21,32.0,7.0
8,Huskies,Huskies_D4,Huskies_D1,1H,58.737798,Simple pass,31,5,20.0,49.0
8,Huskies,Huskies_D1,Huskies_D3,1H,60.48407500000002,Simple pass,20,49,29.0,75.0
8,Huskies,Huskies_D3,Huskies_M1,1H,65.93379299999998,Simple pass,29,75,42.0,73.0
8,Huskies,Huskies_F2,Huskies_D4,1H,72.897987,Simple pass,50,47,49.0,8.0
8,Huskies,Huskies_D4,Huskies_M3,1H,75.44917099999998,Simple pass,49,8,46.0,32.0
8,Huskies,Huskies_M3,Huskies_D4,1H,79.83078499999999,Simple pass,68,32,69.0,5.0
8,Huskies,Huskies_M3,Huskies_D4,1H,154.330735,Simple pass,54,5,56.0,2.0
8,Huskies,Huskies_D4,Huskies_M6,1H,155.55633799999998,Simple pass,56,2,73.0,44.0
8,Opponent8,Opponent8_G1,Opponent8_D3,1H,166.618184,Hand pass,14,55,22.0,18.0
8,Opponent8,Opponent8_D3,Opponent8_D4,1H,168.74566499999997,Simple pass,22,18,37.0,6.0
8,Opponent8,Opponent8_D4,Opponent8_M4,1H,170.04334799999998,Simple pass,37,6,37.0,16.0
8,Opponent8,Opponent8_M4,Opponent8_D3,1H,172.28976699999998,Simple pass,37,16,31.0,20.0
8,Opponent8,Opponent8_D3,Opponent8_M1,1H,177.387361,Simple pass,31,20,40.0,14.0
8,Opponent8,Opponent8_M1,Opponent8_D3,1H,178.336707,Simple pass,40,14,37.0,26.0
8,Huskies,Huskies_D1,Huskies_F1,1H,183.572218,Head pass,32,34,29.0,12.0
8,Huskies,Huskies_F1,Huskies_D4,1H,186.176107,Head pass,29,12,27.0,12.0
8,Opponent8,Opponent8_D3,Opponent8_F1,1H,190.365604,Head pass,46,42,74.0,46.0
8,Huskies,Huskies_D3,Huskies_D1,1H,208.980941,Simple pass,30,38,46.0,88.0
8,Huskies,Huskies_D1,Huskies_D6,1H,215.925356,Simple pass,46,88,76.0,96.0
8,Opponent8,Opponent8_D3,Opponent8_M1,1H,219.432054,Simple pass,29,18,35.0,19.0
8,Huskies,Huskies_D3,Huskies_M1,1H,226.195746,Head pass,29,63,50.0,61.0
8,Huskies,Huskies_M1,Huskies_D4,1H,229.339172,Simple pass,50,61,46.0,11.0
8,Huskies,Huskies_D4,Huskies_M1,1H,233.279556,Simple pass,46,11,56.0,29.0
8,Huskies,Huskies_M1,Huskies_F2,1H,235.928298,Simple pass,56,29,69.0,25.0
8,Huskies,Huskies_F2,Huskies_M1,1H,237.873403,Simple pass,69,25,63.0,26.0
8,Huskies,Huskies_M1,Huskies_F2,1H,242.570544,Simple pass,81,23,73.0,37.0
8,Huskies,Huskies_F2,Huskies_M9,1H,243.937961,Simple pass,73,37,74.0,70.0
8,Huskies,Huskies_M9,Huskies_M6,1H,246.134099,Simple pass,74,70,73.0,41.0
8,Huskies,Huskies_D6,Huskies_M6,1H,256.439702,Simple pass,66,80,85.0,74.0
8,Huskies,Huskies_M6,Huskies_M9,1H,259.479963,Simple pass,80,66,76.0,76.0
8,Huskies,Huskies_M9,Huskies_D6,1H,269.55548,Simple pass,97,84,85.0,93.0
8,Opponent8,Opponent8_D4,Opponent8_M1,1H,279.673598,Simple pass,36,4,36.0,11.0
8,Opponent8,Opponent8_M1,Opponent8_M5,1H,280.904841,High pass,36,11,63.0,71.0
8,Huskies,Huskies_D3,Huskies_G1,1H,311.953529,Simple pass,35,26,12.0,42.0
8,Huskies,Huskies_G1,Huskies_D6,1H,315.58277,High pass,12,42,45.0,96.0
8,Opponent8,Opponent8_M4,Opponent8_D4,1H,321.438007,Simple pass,46,3,39.0,5.0
8,Opponent8,Opponent8_D4,Opponent8_D3,1H,324.078903,Simple pass,39,5,31.0,24.0
8,Opponent8,Opponent8_D3,Opponent8_M3,1H,331.413831,Simple pass,31,24,30.0,64.0
8,Opponent8,Opponent8_M3,Opponent8_D1,1H,335.09130200000004,Simple pass,30,64,42.0,97.0
8,Huskies,Huskies_D3,Huskies_D1,1H,342.139054,Simple pass,30,26,33.0,57.0
8,Huskies,Huskies_D1,Huskies_D3,1H,345.716371,Simple pass,33,57,33.0,31.0
8,Huskies,Huskies_D3,Huskies_M3,1H,347.986913,Simple pass,33,31,36.0,12.0
8,Opponent8,Opponent8_M3,Opponent8_F1,1H,373.580317,Simple pass,25,87,34.0,77.0
8,Opponent8,Opponent8_F1,Opponent8_M3,1H,376.05069,Simple pass,34,77,31.0,85.0
8,Opponent8,Opponent8_M3,Opponent8_M2,1H,377.223118,Simple pass,31,85,47.0,88.0
8,Huskies,Huskies_M9,Huskies_M6,1H,382.828669,Simple pass,64,62,68.0,47.0
8,Opponent8,Opponent8_M5,Opponent8_M3,1H,389.486689,Simple pass,39,80,35.0,73.0
8,Opponent8,Opponent8_M3,Opponent8_M5,1H,391.610116,Simple pass,35,73,52.0,80.0
8,Opponent8,Opponent8_M5,Opponent8_M2,1H,395.07007,Simple pass,52,80,58.0,73.0
8,Opponent8,Opponent8_M2,Opponent8_F1,1H,395.8487,Simple pass,58,73,60.0,82.0
8,Huskies,Huskies_M6,Huskies_D1,1H,399.550473,Simple pass,43,45,30.0,59.0
8,Huskies,Huskies_D1,Huskies_D6,1H,409.110567,Simple pass,48,89,66.0,93.0
8,Huskies,Huskies_D6,Huskies_M9,1H,412.6373,Simple pass,61,93,75.0,90.0
8,Huskies,Huskies_M9,Huskies_D6,1H,415.518405,Smart pass,72,92,92.0,92.0
8,Opponent8,Opponent8_D4,Opponent8_M4,1H,420.714322,Simple pass,4,7,1.0,8.0
8,Huskies,Huskies_M9,Huskies_F2,1H,432.977236,Simple pass,71,66,72.0,48.0
8,Huskies,Huskies_F2,Huskies_M9,1H,434.047603,Simple pass,72,48,75.0,64.0
8,Huskies,Huskies_M9,Huskies_D4,1H,435.482575,Simple pass,75,64,93.0,12.0
8,Huskies,Huskies_D4,Huskies_M1,1H,440.283624,Simple pass,93,12,73.0,33.0
8,Huskies,Huskies_M1,Huskies_M3,1H,442.710319,Simple pass,73,33,76.0,64.0
8,Huskies,Huskies_M3,Huskies_D6,1H,444.965584,Simple pass,76,64,75.0,91.0
8,Huskies,Huskies_D6,Huskies_D4,1H,447.477136,Cross,75,91,96.0,10.0
8,Opponent8,Opponent8_M1,Opponent8_M3,1H,455.759645,Simple pass,17,39,19.0,59.0
8,Huskies,Huskies_D1,Huskies_G1,1H,463.87351,Simple pass,35,21,20.0,56.0
8,Huskies,Huskies_G1,Huskies_D3,1H,468.163224,Simple pass,20,56,32.0,65.0
8,Huskies,Huskies_D3,Huskies_D1,1H,476.930362,Simple pass,32,65,38.0,21.0
8,Huskies,Huskies_D1,Huskies_D4,1H,481.708716,Simple pass,38,21,60.0,5.0
8,Huskies,Huskies_D4,Huskies_D1,1H,485.953861,Simple pass,60,5,39.0,25.0
8,Huskies,Huskies_D1,Huskies_M1,1H,489.11302,Simple pass,39,25,54.0,67.0
8,Huskies,Huskies_M1,Huskies_D6,1H,493.429462,Simple pass,54,67,57.0,95.0
8,Huskies,Huskies_D6,Huskies_D1,1H,494.231976,Simple pass,57,95,35.0,52.0
8,Huskies,Huskies_D1,Huskies_D3,1H,496.398841,Head pass,35,52,34.0,45.0
8,Huskies,Huskies_D3,Huskies_D1,1H,497.666086,Simple pass,34,45,48.0,42.0
8,Huskies,Huskies_D1,Huskies_D4,1H,502.840755,Simple pass,48,42,54.0,8.0
8,Opponent8,Opponent8_D1,Opponent8_M3,1H,509.003995,Simple pass,24,90,28.0,80.0
8,Opponent8,Opponent8_M3,Opponent8_D2,1H,511.107697,Simple pass,28,80,16.0,87.0
8,Opponent8,Opponent8_D2,Opponent8_G1,1H,513.142548,Simple pass,16,87,4.0,47.0
8,Opponent8,Opponent8_G1,Opponent8_M4,1H,516.634751,Simple pass,4,47,33.0,23.0
8,Opponent8,Opponent8_D3,Opponent8_D4,1H,526.676788,Simple pass,22,18,26.0,5.0
8,Opponent8,Opponent8_M5,Opponent8_M2,1H,534.314732,Simple pass,45,50,56.0,62.0
8,Opponent8,Opponent8_M2,Opponent8_D1,1H,535.676725,Simple pass,56,62,73.0,93.0
8,Opponent8,Opponent8_D1,Opponent8_M2,1H,541.106995,Simple pass,73,93,69.0,83.0
8,Huskies,Huskies_F1,Huskies_F2,1H,548.917295,Simple pass,73,20,87.0,11.0
8,Huskies,Huskies_F2,Huskies_M6,1H,552.136941,Simple pass,87,11,76.0,53.0
8,Opponent8,Opponent8_M4,Opponent8_M1,1H,559.64169,Simple pass,35,5,33.0,30.0
8,Opponent8,Opponent8_M1,Opponent8_M2,1H,562.219495,Simple pass,33,30,37.0,64.0
8,Opponent8,Opponent8_M2,Opponent8_D1,1H,564.597414,Simple pass,37,64,33.0,87.0
8,Opponent8,Opponent8_D1,Opponent8_M3,1H,568.180997,Simple pass,33,87,33.0,72.0
8,Opponent8,Opponent8_M3,Opponent8_D3,1H,570.132918,Simple pass,33,72,30.0,25.0
8,Opponent8,Opponent8_D3,Opponent8_D4,1H,572.249514,Simple pass,30,25,42.0,3.0
8,Opponent8,Opponent8_D4,Opponent8_D3,1H,575.995125,Simple pass,42,3,32.0,21.0
8,Opponent8,Opponent8_D3,Opponent8_D2,1H,579.37018,Simple pass,32,21,23.0,70.0
8,Opponent8,Opponent8_D2,Opponent8_D1,1H,581.604035,Simple pass,23,70,35.0,93.0
8,Opponent8,Opponent8_D1,Opponent8_D2,1H,588.591781,Simple pass,35,93,13.0,84.0
8,Opponent8,Opponent8_D2,Opponent8_G1,1H,591.163825,Simple pass,13,84,4.0,65.0
8,Opponent8,Opponent8_G1,Opponent8_F1,1H,595.505887,Launch,4,65,53.0,88.0
8,Huskies,Huskies_D4,Huskies_D1,1H,601.632749,Simple pass,30,7,32.0,55.0
8,Huskies,Huskies_D1,Huskies_M1,1H,604.495465,Simple pass,32,55,48.0,63.0
8,Huskies,Huskies_M1,Huskies_D6,1H,609.063253,Simple pass,48,63,60.0,94.0
8,Huskies,Huskies_D6,Huskies_M1,1H,610.694791,Simple pass,60,94,58.0,64.0
8,Huskies,Huskies_M1,Huskies_F2,1H,614.25119,Simple pass,58,64,71.0,52.0
8,Huskies,Huskies_F2,Huskies_D1,1H,615.189309,Simple pass,71,52,45.0,68.0
8,Huskies,Huskies_D1,Huskies_D3,1H,617.279584,Simple pass,45,68,49.0,43.0
8,Huskies,Huskies_D3,Huskies_D4,1H,620.953322,Simple pass,49,43,54.0,6.0
8,Huskies,Huskies_D4,Huskies_M3,1H,624.179772,Simple pass,54,6,58.0,18.0
8,Huskies,Huskies_M3,Huskies_D4,1H,625.204452,Simple pass,58,18,44.0,9.0
8,Huskies,Huskies_D4,Huskies_M3,1H,627.156371,Simple pass,44,9,53.0,25.0
8,Huskies,Huskies_M3,Huskies_D4,1H,628.744582,Simple pass,53,25,47.0,9.0
8,Huskies,Huskies_D4,Huskies_M3,1H,630.243969,Simple pass,47,9,55.0,25.0
8,Opponent8,Opponent8_G1,Opponent8_D3,1H,637.395923,Hand pass,14,41,26.0,31.0
8,Opponent8,Opponent8_D3,Opponent8_M1,1H,643.00875,Simple pass,26,31,33.0,58.0
8,Opponent8,Opponent8_M1,Opponent8_D2,1H,645.088496,Simple pass,33,58,25.0,81.0
8,Opponent8,Opponent8_D2,Opponent8_M5,1H,647.964233,Simple pass,25,81,46.0,94.0
8,Opponent8,Opponent8_M5,Opponent8_D1,1H,649.969301,Simple pass,46,94,32.0,97.0
8,Opponent8,Opponent8_D1,Opponent8_M3,1H,650.156627,Simple pass,32,97,48.0,77.0
8,Opponent8,Opponent8_M3,Opponent8_D1,1H,651.322785,Simple pass,48,77,40.0,84.0
8,Opponent8,Opponent8_D1,Opponent8_M1,1H,651.525973,Simple pass,40,84,42.0,58.0
8,Opponent8,Opponent8_M1,Opponent8_D3,1H,654.974477,Simple pass,42,58,40.0,20.0
8,Opponent8,Opponent8_D3,Opponent8_M4,1H,663.956154,Simple pass,76,12,79.0,11.0
8,Opponent8,Opponent8_M4,Opponent8_D3,1H,665.379931,Simple pass,79,11,79.0,19.0
8,Opponent8,Opponent8_D3,Opponent8_M4,1H,666.032538,Simple pass,79,19,86.0,12.0
8,Huskies,Huskies_M3,Huskies_M6,1H,673.372321,Simple pass,30,39,31.0,47.0
8,Huskies,Huskies_M6,Huskies_F1,1H,674.272,Simple pass,31,47,41.0,15.0
8,Huskies,Huskies_F1,Huskies_M3,1H,678.951267,Simple pass,40,16,36.0,21.0
8,Huskies,Huskies_D4,Huskies_F2,1H,682.08822,Simple pass,28,3,37.0,4.0
8,Huskies,Huskies_F2,Huskies_D4,1H,685.743857,Simple pass,44,6,32.0,5.0
8,Huskies,Huskies_D4,Huskies_D1,1H,686.912288,Simple pass,32,5,26.0,59.0
8,Huskies,Huskies_D1,Huskies_D3,1H,695.943367,Simple pass,38,64,40.0,39.0
8,Huskies,Huskies_D3,Huskies_D4,1H,698.177847,Simple pass,40,39,36.0,3.0
8,Huskies,Huskies_G1,Huskies_D1,1H,731.024368,Hand pass,14,35,43.0,79.0
8,Huskies,Huskies_M6,Huskies_M1,1H,741.704357,Simple pass,71,65,53.0,66.0
8,Huskies,Huskies_D4,Huskies_G1,1H,753.781193,Simple pass,19,18,7.0,33.0
8,Huskies,Huskies_M1,Huskies_M6,1H,762.361094,Simple pass,47,52,50.0,50.0
8,Huskies,Huskies_M6,Huskies_M1,1H,763.429021,Simple pass,50,50,49.0,24.0
8,Huskies,Huskies_M1,Huskies_F1,1H,764.64394,Simple pass,49,24,59.0,14.0
8,Opponent8,Opponent8_G1,Opponent8_D3,1H,908.739544,Simple pass,11,46,28.0,24.0
8,Opponent8,Opponent8_D3,Opponent8_D4,1H,911.59127,Simple pass,28,24,39.0,7.0
8,Opponent8,Opponent8_D4,Opponent8_D3,1H,913.950687,Simple pass,39,7,27.0,17.0
8,Opponent8,Opponent8_D3,Opponent8_G1,1H,921.970783,Simple pass,42,7,12.0,39.0
8,Opponent8,Opponent8_G1,Opponent8_F1,1H,931.524804,Launch,12,39,71.0,41.0
8,Opponent8,Opponent8_M2,Opponent8_M1,1H,934.964042,Simple pass,55,45,56.0,64.0
8,Opponent8,Opponent8_M1,Opponent8_D1,1H,937.880302,Simple pass,56,64,69.0,92.0
8,Opponent8,Opponent8_D1,Opponent8_M5,1H,943.087376,Simple pass,69,92,70.0,83.0
8,Opponent8,Opponent8_M4,Opponent8_M4,1H,957.135496,Simple pass,76,19,74.0,20.0
8,Opponent8,Opponent8_M1,Opponent8_M2,1H,969.37973,Simple pass,77,25,83.0,6.0
8,Huskies,Huskies_G1,Huskies_D1,1H,980.059933,Hand pass,15,46,28.0,66.0
8,Huskies,Huskies_D1,Huskies_D3,1H,989.917584,Simple pass,28,66,33.0,32.0
8,Huskies,Huskies_D3,Huskies_D1,1H,994.698123,Simple pass,33,32,31.0,74.0
8,Huskies,Huskies_D6,Huskies_M9,1H,1000.099291,Simple pass,65,98,71.0,88.0
8,Huskies,Huskies_M9,Huskies_M3,1H,1006.099633,Simple pass,69,70,57.0,31.0
8,Huskies,Huskies_M3,Huskies_D4,1H,1008.491881,Simple pass,57,31,57.0,4.0
8,Huskies,Huskies_D4,Huskies_D3,1H,1012.975731,Simple pass,57,4,46.0,46.0
8,Huskies,Huskies_D3,Huskies_D1,1H,1015.568557,Simple pass,46,46,43.0,70.0
8,Huskies,Huskies_D1,Huskies_M1,1H,1018.076191,Simple pass,43,70,57.0,80.0
8,Huskies,Huskies_M1,Huskies_M3,1H,1022.83125,Simple pass,57,80,61.0,55.0
8,Huskies,Huskies_M3,Huskies_M1,1H,1024.284177,Simple pass,61,55,57.0,65.0
8,Huskies,Huskies_M1,Huskies_D3,1H,1027.848725,Simple pass,57,65,43.0,35.0
8,Huskies,Huskies_D3,Huskies_D4,1H,1030.586532,Simple pass,43,35,57.0,9.0
8,Huskies,Huskies_D4,Huskies_F1,1H,1033.962418,Simple pass,57,9,68.0,9.0
8,Huskies,Huskies_F1,Huskies_D4,1H,1034.945161,Simple pass,68,9,56.0,5.0
8,Huskies,Huskies_D4,Huskies_F2,1H,1035.893156,Simple pass,56,5,71.0,28.0
8,Huskies,Huskies_F2,Huskies_M6,1H,1037.093773,Simple pass,71,28,77.0,12.0
8,Huskies,Huskies_M6,Huskies_D4,1H,1041.696394,Simple pass,77,12,96.0,6.0
8,Opponent8,Opponent8_M3,Opponent8_M5,1H,1045.813321,Simple pass,17,69,23.0,91.0
8,Opponent8,Opponent8_M1,Opponent8_D3,1H,1080.680288,Simple pass,48,48,43.0,28.0
8,Opponent8,Opponent8_D3,Opponent8_F1,1H,1087.109083,High pass,60,27,87.0,67.0
8,Huskies,Huskies_M3,Huskies_F1,1H,1127.973654,Simple pass,57,31,73.0,19.0
8,Huskies,Huskies_M6,Huskies_M9,1H,1131.994076,Simple pass,75,45,83.0,65.0
8,Huskies,Huskies_M9,Huskies_M1,1H,1132.992148,Simple pass,83,65,79.0,71.0
8,Opponent8,Opponent8_G1,Opponent8_M2,1H,1193.184676,Launch,14,35,55.0,35.0
8,Huskies,Huskies_D1,Huskies_D6,1H,1196.766121,Simple pass,30,60,32.0,90.0
8,Huskies,Huskies_M1,Huskies_D6,1H,1212.554301,Simple pass,27,93,24.0,91.0
8,Huskies,Huskies_D6,Huskies_D1,1H,1218.224985,Simple pass,24,91,19.0,75.0
8,Huskies,Huskies_D1,Huskies_D3,1H,1221.36891,Simple pass,19,75,25.0,25.0
8,Huskies,Huskies_D3,Huskies_D4,1H,1225.1048,Simple pass,25,25,29.0,3.0
8,Huskies,Huskies_D4,Huskies_D3,1H,1227.325658,Simple pass,29,3,22.0,18.0
8,Huskies,Huskies_D3,Huskies_D1,1H,1229.92929,Simple pass,22,18,27.0,60.0
8,Huskies,Huskies_D1,Huskies_M1,1H,1233.321269,Simple pass,27,60,41.0,69.0
8,Huskies,Huskies_M1,Huskies_D1,1H,1239.622587,Simple pass,47,62,47.0,81.0
8,Huskies,Huskies_D1,Huskies_M1,1H,1243.958945,Simple pass,47,81,59.0,62.0
8,Huskies,Huskies_M1,Huskies_M3,1H,1247.191527,Simple pass,59,62,64.0,27.0
8,Huskies,Huskies_M3,Huskies_D4,1H,1250.002885,Simple pass,64,27,75.0,3.0
8,Huskies,Huskies_D4,Huskies_M3,1H,1253.942588,Simple pass,75,3,54.0,7.0
8,Huskies,Huskies_M3,Huskies_M1,1H,1256.450983,Simple pass,54,7,62.0,23.0
8,Huskies,Huskies_M1,Huskies_M3,1H,1258.904874,Simple pass,62,23,53.0,20.0
8,Huskies,Huskies_M3,Huskies_M1,1H,1260.2297,Simple pass,53,20,60.0,5.0
8,Huskies,Huskies_M1,Huskies_D4,1H,1289.90638,Simple pass,74,6,79.0,6.0
8,Huskies,Huskies_D4,Huskies_F1,1H,1290.784501,Simple pass,79,6,81.0,12.0
8,Opponent8,Opponent8_M3,Opponent8_M5,1H,1293.718423,Simple pass,21,85,19.0,95.0
8,Opponent8,Opponent8_M5,Opponent8_D1,1H,1294.300738,Simple pass,19,95,15.0,88.0
8,Huskies,Huskies_M9,Huskies_D6,1H,1386.535689,Simple pass,90,93,68.0,96.0
8,Huskies,Huskies_D6,Huskies_M1,1H,1389.337886,Simple pass,68,96,76.0,86.0
8,Huskies,Huskies_M1,Huskies_D6,1H,1471.42393,Head pass,30,37,34.0,71.0
8,Opponent8,Opponent8_M3,Opponent8_D4,1H,1474.95685,Simple pass,46,58,44.0,7.0
8,Opponent8,Opponent8_D4,Opponent8_M4,1H,1479.261227,Simple pass,44,7,82.0,7.0
8,Huskies,Huskies_D6,Huskies_G1,1H,1511.434015,Simple pass,12,70,13.0,48.0
8,Huskies,Huskies_M6,Huskies_D6,1H,1571.840681,Simple pass,82,95,79.0,94.0
8,Huskies,Huskies_M1,Huskies_D6,1H,1578.31586,Head pass,58,82,69.0,83.0
8,Opponent8,Opponent8_M2,Opponent8_M3,1H,1580.801609,Simple pass,33,17,29.0,22.0
8,Opponent8,Opponent8_M3,Opponent8_F1,1H,1581.346511,Simple pass,29,22,39.0,29.0
8,Opponent8,Opponent8_F1,Opponent8_M1,1H,1583.775348,Simple pass,39,29,37.0,19.0
8,Opponent8,Opponent8_M1,Opponent8_M5,1H,1584.605181,Simple pass,37,19,39.0,47.0
8,Opponent8,Opponent8_M5,Opponent8_M1,1H,1590.306663,Simple pass,53,42,47.0,26.0
8,Opponent8,Opponent8_M1,Opponent8_F1,1H,1591.326316,Simple pass,47,26,78.0,58.0
8,Huskies,Huskies_M3,Huskies_D1,1H,1609.047701,Simple pass,37,48,35.0,64.0
8,Huskies,Huskies_D1,Huskies_M1,1H,1612.224489,Simple pass,35,64,46.0,73.0
8,Huskies,Huskies_D1,Huskies_M9,1H,1650.960136,Simple pass,67,81,77.0,84.0
8,Huskies,Huskies_M9,Huskies_D1,1H,1653.332635,Simple pass,78,78,95.0,93.0
8,Huskies,Huskies_G1,Huskies_D3,1H,1682.231401,Hand pass,15,67,27.0,33.0
8,Huskies,Huskies_D3,Huskies_D4,1H,1684.621173,Simple pass,27,33,36.0,11.0
8,Huskies,Huskies_D4,Huskies_D3,1H,1688.055032,Simple pass,36,11,30.0,31.0
8,Huskies,Huskies_D3,Huskies_D1,1H,1691.477609,Simple pass,30,31,28.0,72.0
8,Huskies,Huskies_D1,Huskies_M1,1H,1696.034418,Simple pass,28,72,35.0,55.0
8,Huskies,Huskies_M1,Huskies_D3,1H,1702.245333,Simple pass,35,55,35.0,36.0
8,Huskies,Huskies_D3,Huskies_D4,1H,1705.122783,Simple pass,35,36,38.0,7.0
8,Huskies,Huskies_D4,Huskies_F1,1H,1707.726005,Simple pass,38,7,64.0,31.0
8,Opponent8,Opponent8_G1,Opponent8_F1,1H,1727.981028,Launch,15,61,73.0,64.0
8,Huskies,Huskies_M3,Huskies_M1,1H,1733.404306,Simple pass,37,31,41.0,52.0
8,Huskies,Huskies_M1,Huskies_M9,1H,1735.390497,Simple pass,41,52,52.0,62.0
8,Huskies,Huskies_M3,Huskies_F1,1H,1739.21275,Simple pass,51,29,70.0,5.0
8,Opponent8,Opponent8_D1,Opponent8_M5,1H,1751.51853,Simple pass,12,86,28.0,81.0
8,Opponent8,Opponent8_M5,Opponent8_M3,1H,1754.566378,Simple pass,28,81,24.0,73.0
8,Opponent8,Opponent8_M3,Opponent8_D3,1H,1756.50904,Simple pass,24,73,17.0,44.0
8,Opponent8,Opponent8_D3,Opponent8_M3,1H,1762.453435,Simple pass,17,44,28.0,50.0
8,Opponent8,Opponent8_M3,Opponent8_M5,1H,1763.192943,Simple pass,28,50,41.0,68.0
8,Opponent8,Opponent8_M5,Opponent8_D1,1H,1771.57768,Simple pass,41,68,41.0,93.0
8,Opponent8,Opponent8_D1,Opponent8_D2,1H,1773.307611,Simple pass,41,93,14.0,69.0
8,Opponent8,Opponent8_D2,Opponent8_G1,1H,1776.697831,Simple pass,14,69,11.0,42.0
8,Opponent8,Opponent8_G1,Opponent8_F1,1H,1781.131827,Launch,11,42,66.0,30.0
8,Opponent8,Opponent8_M1,Opponent8_M4,1H,1787.102628,Simple pass,55,34,58.0,4.0
8,Opponent8,Opponent8_M4,Opponent8_M1,1H,1789.670418,Simple pass,58,4,59.0,24.0
8,Opponent8,Opponent8_M1,Opponent8_D3,1H,1793.272,Simple pass,59,24,44.0,34.0
8,Opponent8,Opponent8_D3,Opponent8_D2,1H,1797.639273,Simple pass,44,34,42.0,76.0
8,Huskies,Huskies_D3,Huskies_F1,1H,1805.370427,Simple pass,24,12,29.0,17.0
8,Huskies,Huskies_F1,Huskies_M1,1H,1806.449966,Simple pass,29,17,26.0,38.0
8,Opponent8,Opponent8_D4,Opponent8_M3,1H,1855.569473,Cross,83,7,90.0,43.0
8,Opponent8,Opponent8_D1,Opponent8_M5,1H,1902.651492,Simple pass,69,88,87.0,94.0
8,Opponent8,Opponent8_M5,Opponent8_D3,1H,1907.880951,Cross,86,88,92.0,31.0
8,Opponent8,Opponent8_M4,Opponent8_D4,1H,1933.302837,Simple pass,35,1,22.0,2.0
8,Opponent8,Opponent8_D4,Opponent8_M2,1H,1935.966573,Launch,22,2,67.0,38.0
8,Opponent8,Opponent8_F1,Opponent8_D1,1H,1944.720655,Simple pass,44,64,40.0,85.0
8,Opponent8,Opponent8_D1,Opponent8_M3,1H,1948.121074,Simple pass,40,85,42.0,69.0
8,Opponent8,Opponent8_M3,Opponent8_D3,1H,1949.484131,Simple pass,42,69,30.0,12.0
8,Opponent8,Opponent8_D2,Opponent8_D3,1H,1953.322084,Simple pass,26,55,40.0,18.0
8,Opponent8,Opponent8_D3,Opponent8_F1,1H,1956.4121,High pass,40,18,78.0,26.0
8,Huskies,Huskies_G1,Huskies_M3,1H,1963.093956,Hand pass,12,50,35.0,59.0
8,Huskies,Huskies_M3,Huskies_M1,1H,1966.929778,Simple pass,35,59,52.0,59.0
8,Huskies,Huskies_M1,Huskies_M3,1H,1968.024683,Simple pass,52,59,46.0,68.0
8,Huskies,Huskies_M3,Huskies_M6,1H,1969.27479,Simple pass,46,68,52.0,81.0
8,Opponent8,Opponent8_M4,Opponent8_M3,1H,1972.62455,Simple pass,40,16,37.0,28.0
8,Opponent8,Opponent8_M3,Opponent8_M5,1H,1977.675105,Simple pass,37,28,44.0,53.0
8,Huskies,Huskies_M6,Huskies_F2,1H,1984.98707,Simple pass,72,64,73.0,47.0
8,Huskies,Huskies_F2,Huskies_M1,1H,1987.634091,Simple pass,73,47,76.0,42.0
8,Huskies,Huskies_F2,Huskies_M1,1H,2074.817921,Simple pass,64,46,66.0,48.0
8,Huskies,Huskies_M1,Huskies_F1,1H,2077.57562,Simple pass,66,48,78.0,6.0
8,Opponent8,Opponent8_M5,Opponent8_M2,1H,2086.651972,Simple pass,40,82,82.0,90.0
8,Huskies,Huskies_G1,Huskies_F2,1H,2096.866282,High pass,15,43,76.0,11.0
8,Opponent8,Opponent8_D1,Opponent8_G1,1H,2100.745311,Simple pass,31,66,11.0,52.0
8,Opponent8,Opponent8_G1,Opponent8_D4,1H,2103.958097,Simple pass,11,52,32.0,4.0
8,Opponent8,Opponent8_D4,Opponent8_D3,1H,2109.527041,Simple pass,32,4,31.0,22.0
8,Opponent8,Opponent8_M2,Opponent8_D1,1H,2118.594675,Simple pass,60,81,48.0,81.0
8,Opponent8,Opponent8_D1,Opponent8_D2,1H,2121.444264,Simple pass,48,81,30.0,55.0
8,Opponent8,Opponent8_D2,Opponent8_D3,1H,2122.732438,Simple pass,30,55,37.0,20.0
8,Opponent8,Opponent8_D3,Opponent8_D4,1H,2126.22226,Simple pass,37,20,43.0,10.0
8,Opponent8,Opponent8_D4,Opponent8_D3,1H,2130.649993,Simple pass,43,10,40.0,29.0
8,Opponent8,Opponent8_D2,Opponent8_F1,1H,2167.042601,High pass,35,63,74.0,17.0
8,Huskies,Huskies_D6,Huskies_D1,1H,2231.495105,Simple pass,49,87,37.0,76.0
8,Huskies,Huskies_D1,Huskies_M3,1H,2234.57635,Simple pass,37,76,40.0,68.0
8,Opponent8,Opponent8_D2,Opponent8_M4,1H,2247.557932,Head pass,25,46,38.0,13.0
8,Opponent8,Opponent8_M4,Opponent8_M2,1H,2248.24523,Head pass,38,13,43.0,15.0
8,Opponent8,Opponent8_M2,Opponent8_M4,1H,2251.645652,Simple pass,43,15,37.0,13.0
8,Opponent8,Opponent8_M4,Opponent8_M3,1H,2254.445656,Simple pass,38,13,52.0,41.0
8,Huskies,Huskies_D1,Huskies_G1,1H,2258.754856,Simple pass,31,64,13.0,35.0
8,Opponent8,Opponent8_D2,Opponent8_M5,1H,2265.059566,Head pass,35,75,55.0,78.0
8,Opponent8,Opponent8_M5,Opponent8_M3,1H,2266.471385,Simple pass,55,78,46.0,73.0
8,Huskies,Huskies_D3,Huskies_M1,1H,2275.468381,Simple pass,29,17,40.0,21.0
8,Huskies,Huskies_M1,Huskies_D3,1H,2277.474732,Simple pass,40,21,27.0,30.0
8,Huskies,Huskies_D3,Huskies_D1,1H,2279.405431,Simple pass,27,30,41.0,74.0
8,Huskies,Huskies_D1,Huskies_D6,1H,2286.96568,Simple pass,41,74,62.0,95.0
8,Opponent8,Opponent8_D4,Opponent8_M4,1H,2290.657743,Simple pass,33,5,38.0,4.0
8,Opponent8,Opponent8_M4,Opponent8_M1,1H,2291.533724,Simple pass,38,4,32.0,9.0
8,Opponent8,Opponent8_M1,Opponent8_M2,1H,2292.524195,Simple pass,32,9,43.0,9.0
8,Opponent8,Opponent8_M2,Opponent8_M4,1H,2293.803729,Simple pass,43,9,70.0,6.0
8,Huskies,Huskies_D3,Huskies_M3,1H,2299.040585,Simple pass,33,90,34.0,72.0
8,Huskies,Huskies_M3,Huskies_D1,1H,2303.380196,Simple pass,31,65,26.0,66.0
8,Huskies,Huskies_D1,Huskies_M9,1H,2305.19344,High pass,26,66,64.0,87.0
8,Opponent8,Opponent8_M1,Opponent8_M3,1H,2308.876006,Simple pass,43,14,48.0,21.0
8,Opponent8,Opponent8_M3,Opponent8_D3,1H,2311.899719,Simple pass,47,14,31.0,15.0
8,Opponent8,Opponent8_D3,Opponent8_M1,1H,2314.714716,Simple pass,31,15,43.0,60.0
8,Opponent8,Opponent8_M1,Opponent8_D2,1H,2353.585156,Head pass,55,83,42.0,91.0
8,Opponent8,Opponent8_D4,Opponent8_M4,1H,2391.0604,Simple pass,70,17,81.0,8.0
8,Opponent8,Opponent8_D2,Opponent8_G1,1H,2433.37855,Head pass,23,89,14.0,62.0
8,Opponent8,Opponent8_G1,Opponent8_F1,1H,2445.961151,Launch,14,62,70.0,70.0
8,Huskies,Huskies_D1,Huskies_M1,1H,2469.001933,Simple pass,28,80,49.0,63.0
8,Huskies,Huskies_M1,Huskies_G1,1H,2471.187299,Simple pass,49,63,20.0,49.0
8,Huskies,Huskies_G1,Huskies_D3,1H,2474.378153,Simple pass,20,49,30.0,34.0
8,Huskies,Huskies_D3,Huskies_D1,1H,2477.651468,Simple pass,30,34,34.0,61.0
8,Opponent8,Opponent8_G1,Opponent8_M5,1H,2489.405222,Hand pass,13,48,36.0,85.0
8,Opponent8,Opponent8_M5,Opponent8_D2,1H,2493.781449,Simple pass,36,85,28.0,92.0
8,Opponent8,Opponent8_D2,Opponent8_D3,1H,2494.135727,Simple pass,28,92,24.0,42.0
8,Opponent8,Opponent8_D3,Opponent8_G1,1H,2496.063004,Simple pass,24,42,11.0,60.0
8,Opponent8,Opponent8_G1,Opponent8_D4,1H,2497.539937,High pass,11,60,43.0,4.0
8,Opponent8,Opponent8_D4,Opponent8_M4,1H,2502.504558,Simple pass,43,4,61.0,18.0
8,Opponent8,Opponent8_M4,Opponent8_M1,1H,2502.963329,Simple pass,61,18,43.0,10.0
8,Opponent8,Opponent8_M1,Opponent8_D3,1H,2506.795915,Simple pass,43,10,41.0,21.0
8,Opponent8,Opponent8_D3,Opponent8_D2,1H,2510.853081,Simple pass,41,21,29.0,76.0
8,Opponent8,Opponent8_D2,Opponent8_D3,1H,2517.753289,Simple pass,29,76,33.0,46.0
8,Opponent8,Opponent8_F1,Opponent8_M5,1H,2533.562966,Simple pass,61,86,68.0,76.0
8,Opponent8,Opponent8_M5,Opponent8_M2,1H,2536.001446,Simple pass,68,76,75.0,77.0
8,Opponent8,Opponent8_M2,Opponent8_D1,1H,2538.103084,Simple pass,75,77,67.0,95.0
8,Opponent8,Opponent8_D1,Opponent8_M3,1H,2540.151457,Simple pass,67,95,69.0,84.0
8,Opponent8,Opponent8_M3,Opponent8_D1,1H,2542.028944,Simple pass,69,84,68.0,97.0
8,Opponent8,Opponent8_D1,Opponent8_M2,1H,2543.546621,Simple pass,68,97,72.0,95.0
8,Opponent8,Opponent8_M2,Opponent8_D1,1H,2544.239423,Simple pass,72,95,65.0,90.0
8,Huskies,Huskies_D4,Huskies_F1,1H,2545.477596,Simple pass,42,1,39.0,11.0
8,Huskies,Huskies_F1,Huskies_M1,1H,2546.324637,Simple pass,39,11,34.0,15.0
8,Huskies,Huskies_M1,Huskies_M3,1H,2547.366347,Simple pass,34,15,35.0,22.0
8,Huskies,Huskies_M3,Huskies_M1,1H,2549.448798,Simple pass,35,22,32.0,40.0
8,Huskies,Huskies_M1,Huskies_D3,1H,2550.021258,Simple pass,32,40,32.0,43.0
8,Huskies,Huskies_D3,Huskies_M3,1H,2556.840229,Simple pass,32,43,40.0,25.0
8,Huskies,Huskies_M3,Huskies_D4,1H,2560.630044,Simple pass,40,25,36.0,5.0
8,Opponent8,Opponent8_M3,Opponent8_D1,1H,2564.440201,Simple pass,35,80,32.0,89.0
8,Opponent8,Opponent8_D1,Opponent8_G1,1H,2566.776812,Simple pass,32,89,19.0,32.0
8,Opponent8,Opponent8_D4,Opponent8_F1,1H,2588.343347,High pass,31,33,76.0,2.0
8,Opponent8,Opponent8_F1,Opponent8_M2,1H,2592.452664,Simple pass,76,2,73.0,14.0
8,Opponent8,Opponent8_M2,Opponent8_M4,1H,2593.87255,Simple pass,73,14,68.0,6.0
8,Opponent8,Opponent8_M4,Opponent8_M1,1H,2595.075669,Simple pass,68,6,63.0,15.0
8,Opponent8,Opponent8_M1,Opponent8_F1,1H,2599.27825,Simple pass,81,24,89.0,25.0
8,Huskies,Huskies_D3,Huskies_M1,1H,2638.537391,Simple pass,38,36,51.0,56.0
8,Huskies,Huskies_M1,Huskies_D1,1H,2639.680264,Simple pass,51,56,34.0,61.0
8,Huskies,Huskies_D1,Huskies_D6,1H,2642.627144,Simple pass,34,61,43.0,93.0
8,Huskies,Huskies_D6,Huskies_D1,1H,2645.678484,Simple pass,43,93,32.0,59.0
8,Huskies,Huskies_D1,Huskies_G1,1H,2648.214281,Simple pass,32,59,15.0,46.0
8,Huskies,Huskies_G1,Huskies_D1,1H,2652.236691,Simple pass,15,46,22.0,90.0
8,Huskies,Huskies_D1,Huskies_M1,1H,2656.863926,High pass,22,90,69.0,92.0
8,Opponent8,Opponent8_M1,Opponent8_F1,1H,2702.855625,Launch,23,19,37.0,3.0
8,Opponent8,Opponent8_F1,Opponent8_M4,1H,2706.823608,Simple pass,37,3,27.0,2.0
8,Opponent8,Opponent8_M3,Opponent8_D3,2H,3601.275295,Simple pass,50,50,30.0,45.0
8,Huskies,Huskies_D1,Huskies_D3,2H,3608.112854,Simple pass,23,81,25.0,40.0
8,Huskies,Huskies_D3,Huskies_G1,2H,3610.227962,Simple pass,25,40,10.0,50.0
8,Opponent8,Opponent8_D2,Opponent8_M1,2H,3614.938826,Head pass,30,66,49.0,46.0
8,Huskies,Huskies_M1,Huskies_D6,2H,3622.347953,Simple pass,52,67,53.0,95.0
8,Huskies,Huskies_M3,Huskies_D6,2H,3634.987577,Simple pass,11,58,20.0,82.0
8,Huskies,Huskies_D6,Huskies_M9,2H,3636.889572,Simple pass,20,82,43.0,90.0
8,Huskies,Huskies_M9,Huskies_M1,2H,3639.901466,Simple pass,43,90,20.0,73.0
8,Huskies,Huskies_M1,Huskies_F2,2H,3641.793296,Simple pass,20,73,45.0,53.0
8,Huskies,Huskies_F2,Huskies_M3,2H,3644.154747,Simple pass,45,53,38.0,29.0
8,Huskies,Huskies_M3,Huskies_D4,2H,3646.945497,Simple pass,38,29,29.0,17.0
8,Huskies,Huskies_D4,Huskies_F2,2H,3650.148392,Simple pass,29,17,42.0,26.0
8,Huskies,Huskies_F2,Huskies_D4,2H,3651.179646,Simple pass,42,26,26.0,18.0
8,Huskies,Huskies_M3,Huskies_D4,2H,3660.798329,Simple pass,45,8,30.0,13.0
8,Huskies,Huskies_D4,Huskies_D3,2H,3663.08813,Simple pass,30,13,27.0,35.0
8,Huskies,Huskies_D3,Huskies_D1,2H,3665.62943,Simple pass,27,35,29.0,71.0
8,Huskies,Huskies_D1,Huskies_D6,2H,3668.256957,Simple pass,29,71,56.0,95.0
8,Huskies,Huskies_M6,Huskies_M1,2H,3686.765926,Simple pass,72,85,63.0,92.0
8,Opponent8,Opponent8_M3,Opponent8_M5,2H,3694.123616,Simple pass,25,29,40.0,38.0
8,Opponent8,Opponent8_M5,Opponent8_F1,2H,3697.281084,Simple pass,40,38,44.0,9.0
8,Opponent8,Opponent8_F1,Opponent8_M4,2H,3700.374329,Simple pass,42,7,32.0,6.0
8,Opponent8,Opponent8_M4,Opponent8_M1,2H,3701.784856,Simple pass,32,6,43.0,39.0
8,Opponent8,Opponent8_M4,Opponent8_F1,2H,3724.936588,High pass,46,14,67.0,14.0
8,Opponent8,Opponent8_F1,Opponent8_M4,2H,3727.647168,Simple pass,67,14,61.0,10.0
8,Huskies,Huskies_D1,Huskies_M1,2H,3732.220518,Simple pass,23,79,44.0,72.0
8,Huskies,Huskies_M1,Huskies_F2,2H,3735.809612,Simple pass,44,72,59.0,63.0
8,Huskies,Huskies_D3,Huskies_D4,2H,3750.867435,Head pass,50,54,33.0,12.0
8,Huskies,Huskies_D4,Huskies_G1,2H,3755.672806,Simple pass,33,12,10.0,29.0
8,Opponent8,Opponent8_D2,Opponent8_D1,2H,3764.645897,Simple pass,24,92,30.0,98.0
8,Opponent8,Opponent8_D1,Opponent8_G1,2H,3766.852513,Simple pass,30,98,15.0,69.0
8,Opponent8,Opponent8_G1,Opponent8_F1,2H,3769.164736,Launch,15,69,68.0,49.0
8,Opponent8,Opponent8_D2,Opponent8_M3,2H,3776.656647,Simple pass,39,68,47.0,71.0
8,Opponent8,Opponent8_M3,Opponent8_M2,2H,3780.17734,Simple pass,47,71,79.0,97.0
8,Opponent8,Opponent8_M2,Opponent8_M5,2H,3785.789575,Simple pass,79,97,76.0,96.0
8,Opponent8,Opponent8_M5,Opponent8_D1,2H,3790.850843,Simple pass,76,96,66.0,98.0
8,Opponent8,Opponent8_D1,Opponent8_M5,2H,3792.932943,Simple pass,66,98,63.0,86.0
8,Opponent8,Opponent8_M5,Opponent8_M1,2H,3795.825478,Simple pass,63,86,63.0,64.0
8,Opponent8,Opponent8_M1,Opponent8_D3,2H,3797.762428,Simple pass,63,64,42.0,35.0
8,Opponent8,Opponent8_D3,Opponent8_D4,2H,3800.246036,Simple pass,42,35,62.0,17.0
8,Opponent8,Opponent8_D4,Opponent8_M1,2H,3804.008162,Simple pass,62,17,54.0,33.0
8,Opponent8,Opponent8_M1,Opponent8_D2,2H,3806.155735,Simple pass,54,33,40.0,74.0
8,Opponent8,Opponent8_D2,Opponent8_D3,2H,3810.488365,Simple pass,40,74,49.0,22.0
8,Opponent8,Opponent8_D3,Opponent8_D4,2H,3814.84153,Simple pass,49,22,59.0,5.0
8,Opponent8,Opponent8_D4,Opponent8_D3,2H,3816.761898,Simple pass,59,5,60.0,15.0
8,Opponent8,Opponent8_D3,Opponent8_F1,2H,3819.438886,Simple pass,60,15,71.0,16.0
8,Opponent8,Opponent8_F1,Opponent8_D3,2H,3821.991376,Simple pass,71,16,61.0,16.0
8,Opponent8,Opponent8_D3,Opponent8_M4,2H,3827.462807,Simple pass,74,8,72.0,3.0
8,Opponent8,Opponent8_M4,Opponent8_D4,2H,3828.341065,Simple pass,72,3,66.0,6.0
8,Opponent8,Opponent8_M4,Opponent8_M3,2H,3835.06139,Simple pass,62,29,56.0,56.0
8,Opponent8,Opponent8_M3,Opponent8_D1,2H,3838.198402,Simple pass,56,56,62.0,94.0
8,Opponent8,Opponent8_D1,Opponent8_M2,2H,3841.271888,Simple pass,62,94,73.0,92.0
8,Huskies,Huskies_D1,Huskies_D3,2H,3862.956219,Simple pass,27,55,25.0,29.0
8,Huskies,Huskies_D3,Huskies_G1,2H,3864.749988,Simple pass,25,29,18.0,52.0
8,Huskies,Huskies_G1,Huskies_D6,2H,3867.678586,High pass,18,52,49.0,94.0
8,Opponent8,Opponent8_M1,Opponent8_M4,2H,3872.626388,Simple pass,43,14,45.0,10.0
8,Opponent8,Opponent8_M2,Opponent8_F1,2H,3896.510731,Simple pass,81,7,82.0,26.0
8,Huskies,Huskies_M6,Huskies_D6,2H,3908.266688,Simple pass,38,95,27.0,95.0
8,Opponent8,Opponent8_D3,Opponent8_G1,2H,3911.684796,Simple pass,40,16,11.0,39.0
8,Opponent8,Opponent8_G1,Opponent8_D1,2H,3916.0617,High pass,11,39,29.0,96.0
8,Huskies,Huskies_M3,Huskies_M1,2H,3927.879749,Simple pass,25,37,23.0,65.0
8,Huskies,Huskies_M1,Huskies_D6,2H,3937.057298,Simple pass,44,67,36.0,88.0
8,Huskies,Huskies_D6,Huskies_F1,2H,3939.692564,Simple pass,36,88,65.0,83.0
8,Huskies,Huskies_F1,Huskies_M3,2H,3945.936712,Simple pass,53,84,47.0,53.0
8,Huskies,Huskies_M3,Huskies_D1,2H,3947.414946,Simple pass,47,53,30.0,68.0
8,Huskies,Huskies_D1,Huskies_D3,2H,3949.399141,Simple pass,30,68,32.0,38.0
8,Huskies,Huskies_D3,Huskies_D4,2H,3952.463331,Simple pass,32,38,29.0,10.0
8,Huskies,Huskies_D4,Huskies_F2,2H,3953.759527,Simple pass,29,10,55.0,28.0
8,Huskies,Huskies_F2,Huskies_D4,2H,3955.6127,Simple pass,55,28,36.0,15.0
8,Huskies,Huskies_D4,Huskies_D3,2H,3957.583534,Simple pass,36,15,33.0,39.0
8,Huskies,Huskies_D3,Huskies_D1,2H,3961.435675,Simple pass,33,39,47.0,82.0
8,Huskies,Huskies_D1,Huskies_D6,2H,3965.357893,Simple pass,47,82,64.0,96.0
8,Huskies,Huskies_M9,Huskies_M1,2H,3972.339922,Simple pass,73,90,64.0,69.0
8,Huskies,Huskies_M1,Huskies_F2,2H,3973.860783,Simple pass,64,69,71.0,43.0
8,Opponent8,Opponent8_M5,Opponent8_F1,2H,3978.839274,Simple pass,34,56,44.0,28.0
8,Huskies,Huskies_F2,Huskies_D6,2H,3984.908719,Simple pass,62,93,50.0,91.0
8,Huskies,Huskies_D6,Huskies_D1,2H,3987.450976,Simple pass,50,91,49.0,85.0
8,Opponent8,Opponent8_F1,Opponent8_M5,2H,3990.45863,Simple pass,41,36,39.0,52.0
8,Opponent8,Opponent8_M5,Opponent8_F1,2H,3998.61833,Simple pass,53,61,62.0,51.0
8,Opponent8,Opponent8_F1,Opponent8_M1,2H,3999.063528,Simple pass,62,51,47.0,57.0
8,Opponent8,Opponent8_M1,Opponent8_D1,2H,4001.906997,Simple pass,47,57,42.0,84.0
8,Opponent8,Opponent8_D1,Opponent8_D2,2H,4003.967473,Simple pass,42,84,31.0,73.0
8,Opponent8,Opponent8_D2,Opponent8_M3,2H,4006.973147,Simple pass,31,73,41.0,63.0
8,Huskies,Huskies_M3,Huskies_F1,2H,4010.674041,Simple pass,45,42,64.0,28.0
8,Huskies,Huskies_F2,Huskies_D6,2H,4030.396972,Simple pass,57,72,68.0,97.0
8,Huskies,Huskies_D1,Huskies_D3,2H,4057.773367,Simple pass,55,81,44.0,48.0
8,Huskies,Huskies_D3,Huskies_G1,2H,4062.477355,Simple pass,44,48,25.0,55.0
8,Huskies,Huskies_M6,Huskies_D6,2H,4092.046763,Simple pass,87,96,81.0,94.0
8,Opponent8,Opponent8_D3,Opponent8_G1,2H,4124.864126,Simple pass,11,13,8.0,52.0
8,Opponent8,Opponent8_G1,Opponent8_D1,2H,4127.083409,High pass,8,52,52.0,80.0
8,Opponent8,Opponent8_D1,Opponent8_M2,2H,4132.1736519999995,High pass,52,80,85.0,85.0
8,Opponent8,Opponent8_M1,Opponent8_D3,2H,4152.935656,Simple pass,23,13,25.0,23.0
8,Opponent8,Opponent8_D3,Opponent8_M1,2H,4158.449773,Simple pass,25,23,31.0,28.0
8,Opponent8,Opponent8_M1,Opponent8_D3,2H,4160.373267,Simple pass,31,28,24.0,23.0
8,Opponent8,Opponent8_D3,Opponent8_G1,2H,4163.032354,Simple pass,24,23,20.0,40.0
8,Huskies,Huskies_D3,Huskies_G1,2H,4176.000277,Simple pass,26,40,10.0,64.0
8,Huskies,Huskies_G1,Huskies_M9,2H,4180.020006000001,High pass,10,64,55.0,82.0
8,Huskies,Huskies_M1,Huskies_D6,2H,4184.706833,Simple pass,44,78,35.0,88.0
8,Huskies,Huskies_D6,Huskies_D3,2H,4186.596819,Simple pass,35,88,28.0,38.0
8,Huskies,Huskies_D3,Huskies_M3,2H,4189.220599,Simple pass,28,38,45.0,39.0
8,Huskies,Huskies_M3,Huskies_F1,2H,4287.241715,Simple pass,50,47,67.0,30.0
8,Huskies,Huskies_F1,Huskies_D4,2H,4288.38905,Simple pass,67,30,66.0,5.0
8,Huskies,Huskies_D4,Huskies_F1,2H,4291.9624380000005,Simple pass,66,5,73.0,27.0
8,Huskies,Huskies_F1,Huskies_M1,2H,4295.932457,Simple pass,73,27,62.0,67.0
8,Huskies,Huskies_M1,Huskies_M3,2H,4338.622768,Simple pass,34,28,40.0,24.0
8,Huskies,Huskies_M3,Huskies_D1,2H,4339.693848999999,Simple pass,40,24,28.0,48.0
8,Huskies,Huskies_D1,Huskies_M9,2H,4341.9836940000005,Simple pass,28,48,52.0,52.0
8,Huskies,Huskies_M9,Huskies_D4,2H,4348.038853,Simple pass,65,38,75.0,5.0
8,Opponent8,Opponent8_D3,Opponent8_M1,2H,4415.4758870000005,Head pass,39,10,56.0,29.0
8,Opponent8,Opponent8_M1,Opponent8_D4,2H,4418.227219,Simple pass,62,24,67.0,5.0
8,Opponent8,Opponent8_D4,Opponent8_M2,2H,4419.750237,Simple pass,67,5,86.0,11.0
8,Opponent8,Opponent8_M2,Opponent8_M4,2H,4422.693451,Simple pass,86,11,94.0,25.0
8,Huskies,Huskies_G1,Huskies_D4,2H,4430.4899860000005,Hand pass,13,55,29.0,13.0
8,Huskies,Huskies_D4,Huskies_F2,2H,4432.974206,Simple pass,29,13,40.0,59.0
8,Huskies,Huskies_F2,Huskies_M3,2H,4435.771355,Simple pass,40,59,34.0,52.0
8,Huskies,Huskies_M3,Huskies_M1,2H,4437.8551449999995,Simple pass,34,52,49.0,70.0
8,Huskies,Huskies_M1,Huskies_F2,2H,4438.87068,Simple pass,49,70,53.0,71.0
8,Opponent8,Opponent8_M5,Opponent8_M2,2H,4504.607121,Simple pass,53,97,55.0,83.0
8,Opponent8,Opponent8_M2,Opponent8_D1,2H,4506.863322,Simple pass,55,83,40.0,90.0
8,Huskies,Huskies_M3,Huskies_F1,2H,4511.642371,Simple pass,50,33,66.0,4.0
8,Huskies,Huskies_F1,Huskies_M6,2H,4512.985436,Simple pass,66,4,62.0,7.0
8,Huskies,Huskies_M6,Huskies_F1,2H,4513.762554999999,Simple pass,62,7,71.0,22.0
8,Opponent8,Opponent8_D3,Opponent8_D2,2H,4545.656857,Simple pass,20,32,25.0,74.0
8,Opponent8,Opponent8_D2,Opponent8_D3,2H,4547.453229000001,Simple pass,25,74,27.0,46.0
8,Opponent8,Opponent8_F1,Opponent8_M2,2H,4590.383282,Head pass,81,89,84.0,89.0
8,Huskies,Huskies_M3,Huskies_F2,2H,4594.79254,Simple pass,27,30,40.0,34.0
8,Huskies,Huskies_F2,Huskies_M9,2H,4596.004753,Simple pass,40,34,60.0,49.0
8,Opponent8,Opponent8_M3,Opponent8_D1,2H,4599.423273,Simple pass,47,76,23.0,85.0
8,Opponent8,Opponent8_D1,Opponent8_G1,2H,4601.025878,Simple pass,23,85,13.0,78.0
8,Opponent8,Opponent8_G1,Opponent8_F1,2H,4608.678488,Launch,13,78,65.0,88.0
8,Opponent8,Opponent8_D3,Opponent8_D4,2H,4619.527907,Simple pass,28,54,45.0,17.0
8,Opponent8,Opponent8_D4,Opponent8_M2,2H,4621.456389999999,Simple pass,45,17,72.0,6.0
8,Huskies,Huskies_F1,Huskies_D4,2H,4728.36547,Head pass,59,1,34.0,12.0
8,Huskies,Huskies_D4,Huskies_M9,2H,4729.732528,High pass,34,12,65.0,69.0
8,Opponent8,Opponent8_D4,Opponent8_M4,2H,4737.105448,Simple pass,32,26,43.0,15.0
8,Opponent8,Opponent8_M4,Opponent8_M2,2H,4738.279678,Simple pass,43,15,56.0,25.0
8,Opponent8,Opponent8_M2,Opponent8_M1,2H,4738.704859,Simple pass,56,25,40.0,25.0
8,Opponent8,Opponent8_M1,Opponent8_M1,2H,4738.866064,Simple pass,40,25,55.0,8.0
8,Opponent8,Opponent8_M1,Opponent8_M4,2H,4742.818622,Simple pass,55,8,69.0,11.0
8,Huskies,Huskies_D1,Huskies_D3,2H,4817.144954,Head pass,24,64,27.0,37.0
8,Opponent8,Opponent8_M3,Opponent8_D4,2H,4822.304996,High pass,57,65,61.0,13.0
8,Opponent8,Opponent8_D4,Opponent8_M2,2H,4826.896955,Simple pass,61,13,75.0,17.0
8,Opponent8,Opponent8_M2,Opponent8_D4,2H,4860.43438,Simple pass,91,9,90.0,4.0
8,Huskies,Huskies_F2,Huskies_D6,2H,5110.524903,Simple pass,79,92,72.0,97.0
8,Huskies,Huskies_D6,Huskies_F2,2H,5111.559891,Simple pass,72,97,75.0,95.0
8,Opponent8,Opponent8_M2,Opponent8_M5,2H,5115.965711,Simple pass,29,22,40.0,36.0
8,Opponent8,Opponent8_M5,Opponent8_M1,2H,5119.692208,Simple pass,40,36,59.0,32.0
8,Opponent8,Opponent8_M1,Opponent8_F1,2H,5120.723166,Simple pass,59,32,68.0,19.0
8,Huskies,Huskies_F2,Huskies_F4,2H,5128.921529,High pass,30,89,76.0,66.0
8,Opponent8,Opponent8_F2,Opponent8_D3,2H,5288.939467,Simple pass,9,12,9.0,16.0
8,Opponent8,Opponent8_F1,Opponent8_M2,2H,5335.449961,Head pass,92,9,91.0,24.0
8,Opponent8,Opponent8_F2,Opponent8_D4,2H,5353.879291,Simple pass,96,9,90.0,8.0
8,Opponent8,Opponent8_D4,Opponent8_M5,2H,5355.741324,Cross,90,8,78.0,49.0
8,Opponent8,Opponent8_M5,Opponent8_M3,2H,5361.547335,Simple pass,77,57,75.0,48.0
8,Opponent8,Opponent8_M3,Opponent8_M1,2H,5361.640073,Simple pass,75,48,73.0,45.0
8,Opponent8,Opponent8_M1,Opponent8_D4,2H,5364.200409,Smart pass,73,45,95.0,14.0
8,Opponent8,Opponent8_F2,Opponent8_M5,2H,5413.430837,Simple pass,78,47,95.0,82.0
8,Opponent8,Opponent8_M5,Opponent8_D3,2H,5418.141422,Cross,95,82,92.0,36.0
8,Opponent8,Opponent8_D5,Opponent8_D1,2H,5452.836757,Simple pass,72,50,36.0,29.0
8,Opponent8,Opponent8_D1,Opponent8_D5,2H,5460.331948,Simple pass,36,29,45.0,73.0
8,Huskies,Huskies_D3,Huskies_G1,2H,5488.682217,Simple pass,24,37,8.0,50.0
8,Huskies,Huskies_G1,Huskies_F2,2H,5493.655403,High pass,8,50,55.0,92.0
8,Huskies,Huskies_F2,Huskies_D6,2H,5497.05638,Simple pass,55,92,44.0,91.0
8,Opponent8,Opponent8_M1,Opponent8_M3,2H,5502.732647,Simple pass,45,34,39.0,35.0
8,Opponent8,Opponent8_M3,Opponent8_M2,2H,5504.387474,Simple pass,39,35,66.0,20.0
8,Huskies,Huskies_G1,Huskies_D1,2H,5518.213976,Hand pass,11,67,22.0,70.0
8,Huskies,Huskies_D1,Huskies_M3,2H,5520.080223,Simple pass,22,70,26.0,50.0
8,Huskies,Huskies_M3,Huskies_D1,2H,5522.454817,Simple pass,26,50,28.0,86.0
8,Huskies,Huskies_D1,Huskies_D6,2H,5525.344927,High pass,28,86,54.0,92.0
8,Huskies,Huskies_D6,Huskies_F2,2H,5527.471228,Head pass,54,92,66.0,87.0
8,Opponent8,Opponent8_M2,Opponent8_F2,2H,5533.150809,Simple pass,60,12,62.0,6.0
8,Huskies,Huskies_F1,Huskies_F2,2H,5578.38237,Simple pass,68,48,65.0,66.0
8,Huskies,Huskies_F2,Huskies_M3,2H,5580.2732080000005,Simple pass,65,66,67.0,53.0
8,Huskies,Huskies_M3,Huskies_D4,2H,5582.499315,High pass,67,53,76.0,9.0
8,Huskies,Huskies_D4,Huskies_D3,2H,5586.335543,Simple pass,76,9,63.0,22.0
8,Huskies,Huskies_D3,Huskies_M6,2H,5587.85356,Simple pass,63,22,74.0,31.0
8,Huskies,Huskies_M6,Huskies_D4,2H,5591.529851,Simple pass,74,31,90.0,8.0
8,Opponent8,Opponent8_M5,Opponent8_D1,2H,5601.031169,Simple pass,29,93,25.0,98.0
8,Huskies,Huskies_D1,Huskies_F2,2H,5607.649384,High pass,33,45,63.0,52.0
8,Huskies,Huskies_F2,Huskies_M9,2H,5613.667956,Simple pass,63,52,87.0,25.0
8,Opponent8,Opponent8_D3,Opponent8_M2,2H,5620.81813,Simple pass,9,47,11.0,56.0
8,Opponent8,Opponent8_M1,Opponent8_D1,2H,5622.076312,Simple pass,10,54,11.0,66.0
8,Huskies,Huskies_D1,Huskies_F2,2H,5627.186896,Head pass,60,79,66.0,100.0
8,Huskies,Huskies_F2,Huskies_D6,2H,5652.560552,Simple pass,53,89,59.0,96.0
8,Huskies,Huskies_D6,Huskies_F4,2H,5655.02232,Simple pass,59,96,86.0,91.0
8,Huskies,Huskies_D3,Huskies_F1,2H,5683.893162,High pass,51,53,88.0,25.0
8,Huskies,Huskies_D4,Huskies_G1,2H,5736.693053,Simple pass,26,28,7.0,43.0
8,Huskies,Huskies_G1,Huskies_F2,2H,5739.515586,Launch,7,43,53.0,87.0
8,Opponent8,Opponent8_F2,Opponent8_D4,2H,5744.1805380000005,Simple pass,67,5,64.0,17.0
8,Opponent8,Opponent8_D4,Opponent8_M2,2H,5749.61355,High pass,74,23,92.0,62.0
8,Opponent8,Opponent8_M5,Opponent8_F1,2H,5774.895375,Simple pass,73,79,87.0,57.0
8,Opponent8,Opponent8_F2,Opponent8_M1,2H,5789.717503,Simple pass,81,40,70.0,61.0
8,Opponent8,Opponent8_M1,Opponent8_D1,2H,5791.9402740000005,Simple pass,70,61,65.0,94.0
8,Opponent8,Opponent8_D1,Opponent8_M2,2H,5793.9720560000005,Simple pass,65,94,78.0,95.0
8,Opponent8,Opponent8_M2,Opponent8_D1,2H,5796.457408,Simple pass,78,95,94.0,89.0
8,Opponent8,Opponent8_D1,Opponent8_F2,2H,5800.972089,Cross,98,73,92.0,54.0
8,Huskies,Huskies_M3,Huskies_D6,2H,5883.195734,Simple pass,42,55,34.0,91.0
8,Opponent8,Opponent8_D1,Opponent8_D5,2H,5892.393022,Simple pass,9,87,6.0,77.0
8,Opponent8,Opponent8_D5,Opponent8_M2,2H,5893.542517,Launch,6,77,59.0,88.0
8,Huskies,Huskies_D6,Huskies_G1,2H,5901.789878,Simple pass,28,33,8.0,48.0
8,Huskies,Huskies_D1,Huskies_D3,2H,5975.168961,Simple pass,25,67,28.0,36.0
8,Huskies,Huskies_D3,Huskies_M5,2H,5977.963101,Simple pass,28,36,27.0,10.0
8,Huskies,Huskies_M5,Huskies_D3,2H,5980.725847,Simple pass,27,10,25.0,38.0
8,Huskies,Huskies_D3,Huskies_M3,2H,5982.839354,Simple pass,25,38,42.0,48.0
8,Opponent8,Opponent8_F2,Opponent8_M3,2H,5986.853502,Simple pass,47,34,57.0,59.0
8,Opponent8,Opponent8_M3,Opponent8_D1,2H,5990.852212,Simple pass,57,59,59.0,90.0
8,Opponent8,Opponent8_D1,Opponent8_F3,2H,5995.800066,Simple pass,75,86,78.0,88.0
8,Opponent8,Opponent8_F3,Opponent8_M5,2H,5997.110903,Simple pass,78,88,81.0,93.0
8,Opponent8,Opponent8_M5,Opponent8_D1,2H,6002.040707,Simple pass,86,97,81.0,96.0
8,Opponent8,Opponent8_D1,Opponent8_M5,2H,6005.858491,Simple pass,81,96,85.0,99.0
8,Opponent8,Opponent8_M5,Opponent8_D1,2H,6006.972711,Simple pass,85,99,75.0,95.0
8,Opponent8,Opponent8_D1,Opponent8_M5,2H,6008.813174,Simple pass,75,95,76.0,100.0
8,Huskies,Huskies_M5,Huskies_M9,2H,6013.883474,Simple pass,13,12,36.0,25.0
8,Opponent8,Opponent8_M2,Opponent8_F3,2H,6078.489915,Head pass,75,84,68.0,89.0
8,Opponent8,Opponent8_F3,Opponent8_F3,2H,6078.590916,Head pass,68,89,73.0,62.0
8,Opponent8,Opponent8_F3,Opponent8_F2,2H,6082.127695,Simple pass,73,62,86.0,40.0
8,Huskies,Huskies_M5,Huskies_M9,2H,6129.480252,Simple pass,36,45,27.0,60.0
8,Huskies,Huskies_M4,Huskies_D6,2H,6296.643433,Simple pass,7,68,26.0,12.0
8,Opponent8,Opponent8_M5,Opponent8_M2,2H,6386.393549,Simple pass,67,78,89.0,82.0
8,Opponent8,Opponent8_D1,Opponent8_M3,2H,6402.992206,Launch,58,69,56.0,33.0
8,Opponent8,Opponent8_M3,Opponent8_F2,2H,6406.7429,Simple pass,56,33,56.0,10.0
8,Opponent8,Opponent8_F2,Opponent8_M3,2H,6408.594272,Simple pass,56,10,51.0,31.0
8,Opponent8,Opponent8_M3,Opponent8_F3,2H,6412.202545,High pass,51,31,75.0,27.0
8,Huskies,Huskies_M9,Huskies_M6,2H,6426.348997,Simple pass,36,72,41.0,54.0
8,Huskies,Huskies_M6,Huskies_F1,2H,6428.750288,Simple pass,41,54,64.0,21.0
8,Huskies,Huskies_M6,Huskies_F4,2H,6483.706722,Simple pass,27,33,38.0,19.0
8,Huskies,Huskies_F1,Huskies_M4,2H,6505.040575,Simple pass,74,58,85.0,88.0
8,Opponent8,Opponent8_D3,Opponent8_G1,2H,6521.120435,Simple pass,5,57,0.0,0.0
