MatchID,TeamID,OriginPlayerID,DestinationPlayerID,MatchPeriod,EventTime,EventSubType,EventOrigin_x,EventOrigin_y,EventDestination_x,EventDestination_y
5,Opponent5,Opponent5_F1,Opponent5_D1,1H,2.4187729999999874,Simple pass,51,51,31.0,49.0
5,Huskies,Huskies_F2,Huskies_M4,1H,32.72502800000001,Simple pass,30,29,67.0,67.0
5,Huskies,Huskies_F2,Huskies_D1,1H,36.41070100000002,Simple pass,32,37,33.0,67.0
5,Huskies,Huskies_D1,Huskies_D5,1H,39.18742400000002,Simple pass,33,67,36.0,91.0
5,Huskies,Huskies_D5,Huskies_D1,1H,41.26854700000001,Simple pass,36,91,26.0,79.0
5,Huskies,Huskies_D1,Huskies_G1,1H,45.39382999999998,Simple pass,22,82,12.0,53.0
5,Huskies,Huskies_G1,Huskies_D4,1H,50.711738000000025,Launch,12,53,51.0,7.0
5,Opponent5,Opponent5_M1,Opponent5_M2,1H,62.687973,Simple pass,57,64,63.0,77.0
5,Opponent5,Opponent5_M2,Opponent5_M1,1H,63.80713900000001,Simple pass,63,77,61.0,72.0
5,Opponent5,Opponent5_M1,Opponent5_D3,1H,65.152447,Simple pass,61,72,65.0,5.0
5,Opponent5,Opponent5_D3,Opponent5_F2,1H,71.53405600000002,Simple pass,65,5,70.0,23.0
5,Opponent5,Opponent5_F2,Opponent5_M1,1H,71.87703599999998,Simple pass,70,23,60.0,26.0
5,Opponent5,Opponent5_M1,Opponent5_D4,1H,75.61592000000002,Simple pass,60,26,59.0,65.0
5,Opponent5,Opponent5_D4,Opponent5_D2,1H,77.959137,Simple pass,59,65,66.0,97.0
5,Opponent5,Opponent5_D2,Opponent5_M2,1H,82.404608,Simple pass,66,97,64.0,89.0
5,Opponent5,Opponent5_M2,Opponent5_D2,1H,84.12576000000001,Simple pass,64,89,56.0,94.0
5,Opponent5,Opponent5_D1,Opponent5_D3,1H,104.663662,Simple pass,45,45,59.0,12.0
5,Opponent5,Opponent5_D3,Opponent5_F2,1H,107.86172,Simple pass,59,12,87.0,9.0
5,Opponent5,Opponent5_D1,Opponent5_M1,1H,120.63029899999998,Head pass,44,19,59.0,20.0
5,Opponent5,Opponent5_M1,Opponent5_D4,1H,122.634505,Simple pass,59,20,47.0,50.0
5,Opponent5,Opponent5_D4,Opponent5_D2,1H,126.604711,Simple pass,47,50,54.0,95.0
5,Opponent5,Opponent5_M2,Opponent5_F1,1H,135.770223,Head pass,57,76,73.0,69.0
5,Opponent5,Opponent5_M4,Opponent5_M3,1H,139.135869,Simple pass,67,82,66.0,67.0
5,Opponent5,Opponent5_M3,Opponent5_M2,1H,140.514858,Simple pass,66,67,60.0,69.0
5,Opponent5,Opponent5_M2,Opponent5_D4,1H,141.16882500000003,Simple pass,60,69,45.0,62.0
5,Opponent5,Opponent5_D4,Opponent5_D1,1H,145.149402,Simple pass,45,62,49.0,48.0
5,Opponent5,Opponent5_D1,Opponent5_D3,1H,146.62413400000003,Simple pass,49,48,61.0,14.0
5,Opponent5,Opponent5_D3,Opponent5_M1,1H,150.330844,Simple pass,61,14,62.0,32.0
5,Opponent5,Opponent5_D1,Opponent5_D2,1H,160.137859,Simple pass,45,47,62.0,93.0
5,Opponent5,Opponent5_D2,Opponent5_M4,1H,163.46435200000002,Simple pass,62,93,48.0,98.0
5,Opponent5,Opponent5_M4,Opponent5_D4,1H,165.724852,Simple pass,48,98,33.0,72.0
5,Opponent5,Opponent5_D4,Opponent5_D1,1H,170.000901,Simple pass,33,72,40.0,40.0
5,Opponent5,Opponent5_D1,Opponent5_D3,1H,171.706414,Simple pass,40,40,58.0,6.0
5,Opponent5,Opponent5_D3,Opponent5_M1,1H,193.757855,Simple pass,89,7,73.0,18.0
5,Opponent5,Opponent5_M1,Opponent5_D2,1H,195.872754,Simple pass,73,18,82.0,71.0
5,Opponent5,Opponent5_M3,Opponent5_M2,1H,246.155287,Simple pass,77,33,76.0,52.0
5,Opponent5,Opponent5_M2,Opponent5_M4,1H,248.529104,Simple pass,76,52,84.0,60.0
5,Opponent5,Opponent5_M4,Opponent5_D2,1H,249.288165,Simple pass,84,60,81.0,90.0
5,Huskies,Huskies_M1,Huskies_F2,1H,259.321717,Head pass,26,24,28.0,35.0
5,Opponent5,Opponent5_M3,Opponent5_D4,1H,262.156372,Simple pass,73,62,47.0,56.0
5,Opponent5,Opponent5_D4,Opponent5_D3,1H,264.356019,Simple pass,47,56,62.0,17.0
5,Opponent5,Opponent5_D3,Opponent5_F2,1H,270.672,Simple pass,75,11,79.0,14.0
5,Opponent5,Opponent5_F2,Opponent5_M3,1H,273.022058,Simple pass,79,14,64.0,16.0
5,Opponent5,Opponent5_D1,Opponent5_D3,1H,349.91212900000005,Simple pass,46,44,59.0,12.0
5,Opponent5,Opponent5_D3,Opponent5_M1,1H,356.224563,Simple pass,78,16,67.0,36.0
5,Opponent5,Opponent5_M1,Opponent5_D2,1H,358.820034,High pass,67,36,66.0,95.0
5,Opponent5,Opponent5_D2,Opponent5_M2,1H,363.17194400000005,Simple pass,66,95,59.0,85.0
5,Opponent5,Opponent5_M2,Opponent5_M3,1H,365.363423,Simple pass,59,85,72.0,65.0
5,Opponent5,Opponent5_M3,Opponent5_M1,1H,366.926202,Simple pass,72,65,73.0,52.0
5,Opponent5,Opponent5_M1,Opponent5_F1,1H,369.134197,Simple pass,73,52,75.0,68.0
5,Opponent5,Opponent5_F1,Opponent5_M4,1H,370.671794,Simple pass,75,68,74.0,93.0
5,Opponent5,Opponent5_M4,Opponent5_M2,1H,372.211062,Simple pass,74,93,59.0,76.0
5,Opponent5,Opponent5_M2,Opponent5_M4,1H,375.348829,Simple pass,59,76,69.0,77.0
5,Opponent5,Opponent5_M4,Opponent5_D4,1H,376.513989,Simple pass,69,77,55.0,54.0
5,Opponent5,Opponent5_D4,Opponent5_D1,1H,379.091668,Simple pass,55,54,60.0,42.0
5,Opponent5,Opponent5_D1,Opponent5_M3,1H,380.473431,Simple pass,60,42,76.0,20.0
5,Opponent5,Opponent5_M3,Opponent5_D3,1H,383.007047,Simple pass,76,20,45.0,4.0
5,Opponent5,Opponent5_D3,Opponent5_M4,1H,389.611799,Simple pass,82,11,96.0,11.0
5,Opponent5,Opponent5_F2,Opponent5_D3,1H,396.590967,Simple pass,67,10,79.0,16.0
5,Opponent5,Opponent5_D3,Opponent5_M4,1H,400.425582,Simple pass,79,16,97.0,13.0
5,Huskies,Huskies_M1,Huskies_D1,1H,404.60802,Simple pass,10,64,10.0,59.0
5,Huskies,Huskies_D1,Huskies_G1,1H,407.079627,Simple pass,10,59,4.0,52.0
5,Huskies,Huskies_G1,Huskies_F2,1H,408.084579,Launch,4,52,46.0,76.0
5,Opponent5,Opponent5_D4,Opponent5_D1,1H,420.034909,Simple pass,30,67,34.0,29.0
5,Opponent5,Opponent5_D1,Opponent5_D3,1H,423.445274,Simple pass,34,29,39.0,9.0
5,Opponent5,Opponent5_D3,Opponent5_F1,1H,425.658055,High pass,39,9,41.0,10.0
5,Opponent5,Opponent5_D3,Opponent5_D1,1H,460.585346,Simple pass,80,7,66.0,32.0
5,Opponent5,Opponent5_D1,Opponent5_M2,1H,463.3519250000001,Simple pass,66,32,71.0,53.0
5,Opponent5,Opponent5_M2,Opponent5_M1,1H,466.774726,Simple pass,71,53,64.0,29.0
5,Opponent5,Opponent5_M1,Opponent5_F2,1H,467.701772,Simple pass,64,29,81.0,8.0
5,Opponent5,Opponent5_F2,Opponent5_M3,1H,471.627841,Simple pass,81,8,82.0,24.0
5,Opponent5,Opponent5_M3,Opponent5_D3,1H,474.5784660000001,Simple pass,75,16,71.0,7.0
5,Opponent5,Opponent5_D3,Opponent5_M1,1H,476.287863,Simple pass,71,7,74.0,45.0
5,Opponent5,Opponent5_M1,Opponent5_M2,1H,483.1920740000001,Simple pass,74,45,80.0,54.0
5,Huskies,Huskies_D2,Huskies_F2,1H,484.157982,Simple pass,17,54,46.0,52.0
5,Huskies,Huskies_M4,Huskies_M6,1H,488.494771,Simple pass,30,65,38.0,36.0
5,Huskies,Huskies_M6,Huskies_M1,1H,490.693207,Simple pass,38,36,36.0,52.0
5,Huskies,Huskies_M1,Huskies_D4,1H,491.522289,Simple pass,36,52,36.0,3.0
5,Huskies,Huskies_D4,Huskies_D3,1H,493.7268370000001,Simple pass,36,3,26.0,22.0
5,Huskies,Huskies_D3,Huskies_M3,1H,495.963425,Simple pass,26,22,27.0,35.0
5,Huskies,Huskies_M3,Huskies_G1,1H,496.662862,Simple pass,27,35,7.0,49.0
5,Opponent5,Opponent5_D1,Opponent5_D4,1H,530.809941,Head pass,42,21,30.0,45.0
5,Opponent5,Opponent5_D4,Opponent5_D2,1H,532.350091,Simple pass,30,45,40.0,87.0
5,Opponent5,Opponent5_D2,Opponent5_D4,1H,538.460744,Simple pass,40,87,24.0,69.0
5,Opponent5,Opponent5_D4,Opponent5_D1,1H,541.940965,Simple pass,24,69,28.0,36.0
5,Opponent5,Opponent5_D1,Opponent5_M2,1H,545.003817,Simple pass,28,36,41.0,67.0
5,Opponent5,Opponent5_M2,Opponent5_M3,1H,548.530025,Simple pass,41,67,52.0,50.0
5,Opponent5,Opponent5_M3,Opponent5_M1,1H,550.228001,Simple pass,52,50,47.0,34.0
5,Opponent5,Opponent5_M1,Opponent5_M2,1H,551.490412,Simple pass,47,34,45.0,74.0
5,Opponent5,Opponent5_M2,Opponent5_D2,1H,553.756825,Simple pass,45,74,61.0,96.0
5,Opponent5,Opponent5_D2,Opponent5_F1,1H,557.286736,Smart pass,61,96,48.0,49.0
5,Opponent5,Opponent5_F1,Opponent5_M4,1H,563.071704,Simple pass,94,91,43.0,48.0
5,Opponent5,Opponent5_M4,Opponent5_D2,1H,566.164621,Simple pass,75,96,62.0,94.0
5,Opponent5,Opponent5_D2,Opponent5_M2,1H,566.860779,Simple pass,62,94,69.0,72.0
5,Opponent5,Opponent5_M2,Opponent5_M1,1H,569.441136,Simple pass,69,72,65.0,67.0
5,Opponent5,Opponent5_M1,Opponent5_D1,1H,571.601481,Simple pass,65,67,76.0,44.0
5,Opponent5,Opponent5_D1,Opponent5_D3,1H,573.73018,Simple pass,76,44,82.0,7.0
5,Opponent5,Opponent5_D3,Opponent5_D1,1H,580.330288,Simple pass,82,7,71.0,14.0
5,Opponent5,Opponent5_M2,Opponent5_D2,1H,602.038695,Simple pass,85,86,76.0,97.0
5,Opponent5,Opponent5_D2,Opponent5_M2,1H,603.403826,Simple pass,76,97,96.0,95.0
5,Opponent5,Opponent5_M4,Opponent5_M1,1H,609.646813,Simple pass,78,62,73.0,53.0
5,Opponent5,Opponent5_M1,Opponent5_M4,1H,610.535722,Simple pass,73,53,74.0,64.0
5,Opponent5,Opponent5_M4,Opponent5_D3,1H,612.563508,High pass,74,64,97.0,23.0
5,Huskies,Huskies_M1,Huskies_M3,1H,647.241078,Simple pass,21,16,26.0,21.0
5,Huskies,Huskies_M3,Huskies_M6,1H,647.914323,Simple pass,26,21,26.0,3.0
5,Huskies,Huskies_D4,Huskies_F2,1H,651.537583,High pass,13,4,37.0,6.0
5,Huskies,Huskies_F2,Huskies_M1,1H,653.61079,Head pass,37,6,33.0,22.0
5,Huskies,Huskies_D1,Huskies_M4,1H,675.838201,Simple pass,26,70,30.0,68.0
5,Huskies,Huskies_M4,Huskies_D1,1H,677.764736,Simple pass,30,68,32.0,91.0
5,Opponent5,Opponent5_D1,Opponent5_M2,1H,692.652227,Simple pass,25,24,43.0,64.0
5,Huskies,Huskies_D4,Huskies_F2,1H,704.30501,Simple pass,29,6,42.0,34.0
5,Opponent5,Opponent5_D3,Opponent5_F1,1H,710.998148,High pass,44,31,89.0,7.0
5,Huskies,Huskies_M1,Huskies_D1,1H,723.751972,Simple pass,23,70,10.0,60.0
5,Huskies,Huskies_D1,Huskies_D4,1H,725.929778,Simple pass,10,60,24.0,3.0
5,Huskies,Huskies_D4,Huskies_M3,1H,729.569361,Simple pass,24,3,28.0,34.0
5,Huskies,Huskies_M3,Huskies_M1,1H,732.630413,Simple pass,28,34,24.0,44.0
5,Huskies,Huskies_M1,Huskies_F2,1H,735.707885,Simple pass,38,38,48.0,43.0
5,Huskies,Huskies_F2,Huskies_M4,1H,737.085255,Simple pass,48,43,59.0,64.0
5,Huskies,Huskies_M4,Huskies_D5,1H,740.865766,Simple pass,59,64,90.0,91.0
5,Huskies,Huskies_D3,Huskies_M3,1H,761.517013,Simple pass,58,8,57.0,16.0
5,Huskies,Huskies_M3,Huskies_D3,1H,765.490361,Simple pass,57,16,33.0,28.0
5,Huskies,Huskies_D3,Huskies_M4,1H,767.387736,Simple pass,33,28,54.0,36.0
5,Huskies,Huskies_M1,Huskies_M3,1H,775.061461,Simple pass,56,28,54.0,21.0
5,Huskies,Huskies_M3,Huskies_M4,1H,777.738648,Simple pass,54,21,63.0,39.0
5,Huskies,Huskies_M4,Huskies_M1,1H,778.774202,Simple pass,63,39,53.0,63.0
5,Huskies,Huskies_M1,Huskies_F2,1H,782.494202,Simple pass,53,63,64.0,62.0
5,Huskies,Huskies_F2,Huskies_M4,1H,783.562455,Simple pass,64,62,66.0,53.0
5,Opponent5,Opponent5_M1,Opponent5_M3,1H,785.788597,Simple pass,41,40,45.0,31.0
5,Opponent5,Opponent5_M3,Opponent5_D3,1H,786.485111,Simple pass,45,31,37.0,10.0
5,Opponent5,Opponent5_D3,Opponent5_M1,1H,790.628837,Simple pass,37,10,36.0,33.0
5,Opponent5,Opponent5_M1,Opponent5_M1,1H,793.403943,Simple pass,36,33,60.0,24.0
5,Huskies,Huskies_D5,Huskies_F2,1H,833.661257,High pass,34,88,58.0,66.0
5,Huskies,Huskies_F2,Huskies_M4,1H,835.278652,Simple pass,58,66,68.0,82.0
5,Opponent5,Opponent5_M1,Opponent5_D1,1H,842.4142690000001,Simple pass,5,29,10.0,34.0
5,Opponent5,Opponent5_D1,Opponent5_M1,1H,843.461049,Simple pass,10,34,5.0,26.0
5,Opponent5,Opponent5_D1,Opponent5_M1,1H,910.241136,Simple pass,18,26,29.0,41.0
5,Opponent5,Opponent5_M1,Opponent5_D4,1H,915.190433,Simple pass,29,41,28.0,68.0
5,Opponent5,Opponent5_D4,Opponent5_D1,1H,919.048306,Simple pass,28,68,29.0,35.0
5,Opponent5,Opponent5_D1,Opponent5_D4,1H,924.79618,Simple pass,29,35,37.0,77.0
5,Opponent5,Opponent5_D4,Opponent5_D2,1H,926.732062,Simple pass,37,77,39.0,91.0
5,Opponent5,Opponent5_D2,Opponent5_D4,1H,930.340171,Simple pass,39,91,30.0,74.0
5,Opponent5,Opponent5_D4,Opponent5_D1,1H,933.372055,Simple pass,30,74,33.0,35.0
5,Huskies,Huskies_D5,Huskies_M4,1H,939.411278,Head pass,21,90,28.0,80.0
5,Huskies,Huskies_M4,Huskies_D5,1H,939.816484,Simple pass,28,80,19.0,85.0
5,Huskies,Huskies_D5,Huskies_M1,1H,942.356739,Simple pass,19,85,29.0,68.0
5,Huskies,Huskies_G1,Huskies_M3,1H,962.36282,Hand pass,13,62,27.0,42.0
5,Huskies,Huskies_M3,Huskies_M6,1H,965.202963,Simple pass,27,42,34.0,41.0
5,Huskies,Huskies_M6,Huskies_M1,1H,967.288173,Simple pass,34,41,39.0,74.0
5,Huskies,Huskies_M1,Huskies_D5,1H,969.404229,Simple pass,39,74,58.0,88.0
5,Huskies,Huskies_D5,Huskies_M1,1H,973.312387,Simple pass,58,88,59.0,67.0
5,Huskies,Huskies_M1,Huskies_F2,1H,974.782406,Simple pass,59,67,63.0,64.0
5,Opponent5,Opponent5_D4,Opponent5_M4,1H,977.271303,Simple pass,48,46,48.0,55.0
5,Opponent5,Opponent5_M4,Opponent5_M1,1H,978.943739,Simple pass,48,55,46.0,30.0
5,Opponent5,Opponent5_M1,Opponent5_M4,1H,983.491403,Simple pass,46,30,59.0,67.0
5,Opponent5,Opponent5_M4,Opponent5_D2,1H,985.218909,Simple pass,59,67,54.0,86.0
5,Opponent5,Opponent5_D2,Opponent5_M4,1H,992.033038,Simple pass,54,86,44.0,74.0
5,Opponent5,Opponent5_M4,Opponent5_D1,1H,993.180154,Simple pass,44,74,42.0,31.0
5,Opponent5,Opponent5_D1,Opponent5_M2,1H,1000.803543,Simple pass,70,48,65.0,66.0
5,Opponent5,Opponent5_M2,Opponent5_M4,1H,1003.238232,Simple pass,65,66,64.0,80.0
5,Opponent5,Opponent5_M4,Opponent5_M2,1H,1004.66445,Simple pass,64,80,57.0,69.0
5,Opponent5,Opponent5_M2,Opponent5_M4,1H,1007.374609,Simple pass,57,69,68.0,72.0
5,Opponent5,Opponent5_M4,Opponent5_D1,1H,1008.898793,Simple pass,68,72,54.0,48.0
5,Opponent5,Opponent5_D1,Opponent5_M1,1H,1010.826958,Simple pass,54,48,69.0,41.0
5,Opponent5,Opponent5_M1,Opponent5_M2,1H,1016.652871,Simple pass,69,41,58.0,66.0
5,Opponent5,Opponent5_M2,Opponent5_D1,1H,1018.097191,Simple pass,58,66,45.0,43.0
5,Opponent5,Opponent5_D1,Opponent5_M1,1H,1022.910456,Simple pass,45,43,49.0,24.0
5,Opponent5,Opponent5_M1,Opponent5_G1,1H,1025.099488,Simple pass,49,24,15.0,53.0
5,Opponent5,Opponent5_G1,Opponent5_D1,1H,1034.761916,Simple pass,15,53,22.0,39.0
5,Opponent5,Opponent5_D1,Opponent5_G1,1H,1037.25157,Simple pass,22,39,13.0,59.0
5,Huskies,Huskies_D2,Huskies_M3,1H,1045.281904,Head pass,27,54,71.0,72.0
5,Huskies,Huskies_M3,Huskies_D3,1H,1048.118145,Simple pass,31,49,27.0,30.0
5,Huskies,Huskies_D3,Huskies_M6,1H,1049.964426,Simple pass,27,30,54.0,6.0
5,Huskies,Huskies_D4,Huskies_M6,1H,1053.56671,Simple pass,34,5,77.0,55.0
5,Huskies,Huskies_D3,Huskies_D2,1H,1070.249046,Simple pass,33,28,26.0,23.0
5,Huskies,Huskies_D2,Huskies_M6,1H,1073.707907,Simple pass,38,27,58.0,29.0
5,Huskies,Huskies_M6,Huskies_M1,1H,1076.003873,Simple pass,58,29,53.0,45.0
5,Huskies,Huskies_M1,Huskies_M4,1H,1077.889295,Simple pass,53,45,62.0,71.0
5,Huskies,Huskies_M4,Huskies_F2,1H,1082.820479,Simple pass,62,71,69.0,52.0
5,Huskies,Huskies_F2,Huskies_M1,1H,1083.978597,Simple pass,69,52,63.0,51.0
5,Opponent5,Opponent5_D1,Opponent5_F2,1H,1086.75895,Simple pass,26,34,40.0,16.0
5,Huskies,Huskies_M1,Huskies_M6,1H,1093.303865,Simple pass,61,75,56.0,39.0
5,Huskies,Huskies_M6,Huskies_D4,1H,1097.373798,Simple pass,56,39,62.0,6.0
5,Huskies,Huskies_D4,Huskies_M3,1H,1100.216161,Simple pass,62,6,54.0,26.0
5,Huskies,Huskies_M3,Huskies_M6,1H,1101.23738,Simple pass,60,26,66.0,22.0
5,Huskies,Huskies_M6,Huskies_D3,1H,1103.887147,Simple pass,66,22,36.0,28.0
5,Huskies,Huskies_D3,Huskies_D2,1H,1106.341711,Simple pass,36,28,31.0,55.0
5,Huskies,Huskies_D2,Huskies_D1,1H,1108.439084,Simple pass,31,55,43.0,79.0
5,Opponent5,Opponent5_M3,Opponent5_M1,1H,1124.037505,Head pass,42,33,36.0,32.0
5,Opponent5,Opponent5_M1,Opponent5_F1,1H,1125.400994,Head pass,36,32,56.0,41.0
5,Huskies,Huskies_M6,Huskies_M3,1H,1140.435455,Simple pass,25,25,19.0,30.0
5,Huskies,Huskies_M3,Huskies_D3,1H,1141.187635,Simple pass,19,30,33.0,11.0
5,Huskies,Huskies_D3,Huskies_M1,1H,1143.778116,Simple pass,33,11,33.0,39.0
5,Huskies,Huskies_M1,Huskies_M3,1H,1145.047599,Simple pass,33,39,26.0,33.0
5,Huskies,Huskies_M3,Huskies_D5,1H,1147.484599,High pass,26,33,41.0,88.0
5,Huskies,Huskies_D5,Huskies_D1,1H,1150.754,Simple pass,41,88,26.0,76.0
5,Huskies,Huskies_D1,Huskies_M1,1H,1151.799079,Simple pass,26,76,47.0,66.0
5,Huskies,Huskies_M1,Huskies_M6,1H,1154.780625,Simple pass,47,66,68.0,52.0
5,Opponent5,Opponent5_D4,Opponent5_D1,1H,1161.297357,Simple pass,19,51,6.0,23.0
5,Opponent5,Opponent5_D1,Opponent5_D3,1H,1163.789002,Simple pass,6,23,14.0,5.0
5,Opponent5,Opponent5_D3,Opponent5_F1,1H,1165.726003,High pass,14,5,20.0,16.0
5,Opponent5,Opponent5_F1,Opponent5_M3,1H,1168.016173,Simple pass,46,26,39.0,25.0
5,Opponent5,Opponent5_M3,Opponent5_F1,1H,1170.999495,Smart pass,59,27,95.0,28.0
5,Opponent5,Opponent5_F1,Opponent5_F2,1H,1175.016605,Cross,95,28,83.0,92.0
5,Opponent5,Opponent5_F2,Opponent5_M2,1H,1181.522811,Simple pass,83,92,65.0,76.0
5,Opponent5,Opponent5_M2,Opponent5_F2,1H,1185.430233,Simple pass,65,76,72.0,94.0
5,Opponent5,Opponent5_F2,Opponent5_D2,1H,1189.222544,Simple pass,72,94,56.0,94.0
5,Opponent5,Opponent5_D2,Opponent5_M3,1H,1191.194996,Simple pass,56,94,74.0,68.0
5,Opponent5,Opponent5_M3,Opponent5_M2,1H,1192.939461,Simple pass,74,68,81.0,69.0
5,Opponent5,Opponent5_M2,Opponent5_M3,1H,1193.111072,Simple pass,81,69,77.0,75.0
5,Opponent5,Opponent5_M3,Opponent5_M4,1H,1194.850744,Simple pass,77,75,85.0,72.0
5,Opponent5,Opponent5_M4,Opponent5_M3,1H,1196.933583,Simple pass,85,72,85.0,72.0
5,Huskies,Huskies_M4,Huskies_M1,1H,1202.824206,Simple pass,16,89,21.0,66.0
5,Huskies,Huskies_M1,Huskies_M4,1H,1205.316535,Simple pass,21,66,17.0,87.0
5,Huskies,Huskies_M4,Huskies_M1,1H,1207.09802,Simple pass,17,87,29.0,71.0
5,Huskies,Huskies_M1,Huskies_F2,1H,1210.310116,Simple pass,29,71,38.0,65.0
5,Huskies,Huskies_F2,Huskies_D5,1H,1211.320931,Simple pass,38,65,72.0,91.0
5,Huskies,Huskies_D5,Huskies_F2,1H,1216.48815,Cross,91,83,86.0,51.0
5,Opponent5,Opponent5_M1,Opponent5_D4,1H,1249.397235,Simple pass,33,35,31.0,65.0
5,Opponent5,Opponent5_D4,Opponent5_M1,1H,1253.623022,Simple pass,31,65,53.0,28.0
5,Opponent5,Opponent5_M1,Opponent5_M3,1H,1259.067726,Simple pass,53,28,59.0,46.0
5,Opponent5,Opponent5_M3,Opponent5_M1,1H,1260.004776,Simple pass,59,46,53.0,33.0
5,Opponent5,Opponent5_M1,Opponent5_F2,1H,1262.258422,Simple pass,53,33,59.0,18.0
5,Opponent5,Opponent5_F2,Opponent5_M1,1H,1263.951311,Simple pass,59,18,55.0,32.0
5,Opponent5,Opponent5_M1,Opponent5_F2,1H,1265.530199,Simple pass,55,32,55.0,19.0
5,Opponent5,Opponent5_F1,Opponent5_D2,1H,1274.704546,Simple pass,62,48,61.0,88.0
5,Opponent5,Opponent5_D2,Opponent5_M4,1H,1277.300545,Simple pass,61,88,72.0,78.0
5,Opponent5,Opponent5_M4,Opponent5_M2,1H,1278.336133,Simple pass,72,78,62.0,68.0
5,Opponent5,Opponent5_M2,Opponent5_M4,1H,1280.243572,Simple pass,62,68,63.0,63.0
5,Opponent5,Opponent5_M4,Opponent5_D3,1H,1281.89725,High pass,63,63,83.0,11.0
5,Huskies,Huskies_D3,Huskies_M3,1H,1334.509629,Simple pass,36,29,32.0,33.0
5,Huskies,Huskies_M3,Huskies_D3,1H,1336.807047,Simple pass,32,33,25.0,35.0
5,Huskies,Huskies_D3,Huskies_M1,1H,1338.604179,Simple pass,25,35,32.0,48.0
5,Opponent5,Opponent5_G1,Opponent5_D1,1H,1351.061682,Hand pass,12,56,23.0,35.0
5,Opponent5,Opponent5_D1,Opponent5_D3,1H,1354.246334,Simple pass,23,35,24.0,9.0
5,Opponent5,Opponent5_D3,Opponent5_F2,1H,1359.684062,Simple pass,56,15,86.0,10.0
5,Opponent5,Opponent5_F2,Opponent5_D3,1H,1367.388574,Simple pass,86,10,74.0,8.0
5,Opponent5,Opponent5_D3,Opponent5_M1,1H,1369.434372,Simple pass,74,8,63.0,30.0
5,Opponent5,Opponent5_M1,Opponent5_M3,1H,1372.425595,Simple pass,63,30,69.0,34.0
5,Opponent5,Opponent5_M3,Opponent5_D2,1H,1373.538608,Simple pass,69,34,57.0,88.0
5,Opponent5,Opponent5_D2,Opponent5_M1,1H,1380.45315,Simple pass,57,88,63.0,47.0
5,Opponent5,Opponent5_M1,Opponent5_F2,1H,1383.947259,Simple pass,63,47,76.0,42.0
5,Opponent5,Opponent5_M4,Opponent5_D3,1H,1433.246391,Simple pass,63,51,35.0,45.0
5,Opponent5,Opponent5_D3,Opponent5_M4,1H,1436.016484,Simple pass,35,45,41.0,83.0
5,Huskies,Huskies_D2,Huskies_D3,1H,1448.050965,Simple pass,24,33,25.0,9.0
5,Opponent5,Opponent5_D4,Opponent5_M1,1H,1453.757176,Head pass,32,80,41.0,76.0
5,Opponent5,Opponent5_M1,Opponent5_D2,1H,1455.392223,Head pass,41,76,38.0,96.0
5,Opponent5,Opponent5_D2,Opponent5_D4,1H,1455.872982,Simple pass,38,96,26.0,89.0
5,Opponent5,Opponent5_D4,Opponent5_G1,1H,1459.361412,Simple pass,26,89,8.0,57.0
5,Opponent5,Opponent5_G1,Opponent5_D1,1H,1461.05042,Simple pass,8,57,26.0,37.0
5,Opponent5,Opponent5_D1,Opponent5_M1,1H,1465.522848,Simple pass,26,37,29.0,42.0
5,Opponent5,Opponent5_M1,Opponent5_D3,1H,1467.286676,Simple pass,29,42,44.0,12.0
5,Opponent5,Opponent5_D3,Opponent5_M1,1H,1469.370369,Simple pass,44,12,43.0,32.0
5,Opponent5,Opponent5_M1,Opponent5_M3,1H,1475.923422,Simple pass,43,32,56.0,25.0
5,Opponent5,Opponent5_M3,Opponent5_D3,1H,1478.75671,Simple pass,56,25,65.0,9.0
5,Huskies,Huskies_M3,Huskies_F2,1H,1491.642529,Simple pass,25,54,45.0,68.0
5,Huskies,Huskies_F2,Huskies_M1,1H,1492.903939,Simple pass,45,68,45.0,69.0
5,Opponent5,Opponent5_D3,Opponent5_M2,1H,1516.924759,Simple pass,44,10,48.0,25.0
5,Huskies,Huskies_D5,Huskies_M4,1H,1517.763879,Simple pass,41,73,38.0,64.0
5,Huskies,Huskies_M4,Huskies_F2,1H,1518.398856,Simple pass,38,64,41.0,70.0
5,Huskies,Huskies_F2,Huskies_D1,1H,1521.910695,Simple pass,41,70,34.0,71.0
5,Opponent5,Opponent5_M4,Opponent5_F1,1H,1526.309268,Simple pass,69,55,89.0,58.0
5,Opponent5,Opponent5_M1,Opponent5_D3,1H,1571.75789,Simple pass,27,7,41.0,7.0
5,Huskies,Huskies_D3,Huskies_D4,1H,1636.066552,Head pass,18,27,21.0,2.0
5,Huskies,Huskies_D4,Huskies_M6,1H,1638.631878,Simple pass,21,2,34.0,7.0
5,Huskies,Huskies_D5,Huskies_F2,1H,1685.303253,Simple pass,64,86,72.0,80.0
5,Huskies,Huskies_F2,Huskies_D1,1H,1688.363712,Simple pass,66,82,40.0,81.0
5,Huskies,Huskies_D1,Huskies_M3,1H,1690.735406,Simple pass,40,81,44.0,70.0
5,Huskies,Huskies_M3,Huskies_D4,1H,1696.264447,Simple pass,57,31,56.0,6.0
5,Huskies,Huskies_D4,Huskies_M1,1H,1698.529194,Simple pass,56,6,53.0,41.0
5,Huskies,Huskies_M1,Huskies_F2,1H,1703.328318,Simple pass,53,41,61.0,64.0
5,Huskies,Huskies_F2,Huskies_D5,1H,1706.157657,Simple pass,61,64,87.0,89.0
5,Huskies,Huskies_D5,Huskies_M4,1H,1708.059668,Cross,87,89,88.0,57.0
5,Huskies,Huskies_F2,Huskies_D4,1H,1760.391675,Simple pass,62,28,71.0,6.0
5,Huskies,Huskies_D4,Huskies_F2,1H,1762.791312,Simple pass,71,6,65.0,20.0
5,Huskies,Huskies_F2,Huskies_M1,1H,1765.154762,Simple pass,65,20,67.0,45.0
5,Huskies,Huskies_M1,Huskies_M3,1H,1767.443396,Simple pass,67,45,55.0,44.0
5,Huskies,Huskies_M3,Huskies_M1,1H,1771.388333,Simple pass,55,44,54.0,32.0
5,Huskies,Huskies_M1,Huskies_M6,1H,1772.599254,Simple pass,54,32,62.0,28.0
5,Huskies,Huskies_M6,Huskies_M1,1H,1774.973039,Simple pass,62,28,56.0,29.0
5,Huskies,Huskies_M1,Huskies_D3,1H,1777.246463,Simple pass,56,29,52.0,7.0
5,Huskies,Huskies_D3,Huskies_D1,1H,1797.956938,Simple pass,31,5,28.0,66.0
5,Huskies,Huskies_D1,Huskies_D5,1H,1802.199625,Simple pass,28,66,31.0,89.0
5,Huskies,Huskies_D5,Huskies_M3,1H,1804.004122,Simple pass,31,89,29.0,65.0
5,Huskies,Huskies_M3,Huskies_D1,1H,1805.249208,Simple pass,29,65,21.0,72.0
5,Huskies,Huskies_D1,Huskies_F2,1H,1807.881588,High pass,21,72,55.0,57.0
5,Opponent5,Opponent5_M3,Opponent5_M1,1H,1811.669333,Simple pass,67,35,54.0,23.0
5,Opponent5,Opponent5_M1,Opponent5_D3,1H,1814.082357,Simple pass,54,23,55.0,8.0
5,Opponent5,Opponent5_D3,Opponent5_M1,1H,1815.377063,Simple pass,55,8,56.0,17.0
5,Huskies,Huskies_M3,Huskies_M6,1H,1821.023905,Simple pass,29,68,38.0,35.0
5,Huskies,Huskies_M6,Huskies_D4,1H,1823.780762,Simple pass,38,35,39.0,11.0
5,Huskies,Huskies_D4,Huskies_F2,1H,1827.196556,Simple pass,39,11,56.0,34.0
5,Huskies,Huskies_F2,Huskies_M3,1H,1829.82001,Simple pass,56,34,56.0,62.0
5,Huskies,Huskies_M3,Huskies_D5,1H,1831.921037,Simple pass,56,62,87.0,91.0
5,Huskies,Huskies_M6,Huskies_D5,1H,1843.826276,Smart pass,76,72,93.0,73.0
5,Opponent5,Opponent5_M2,Opponent5_D2,1H,1881.915637,Head pass,56,87,44.0,74.0
5,Opponent5,Opponent5_M3,Opponent5_D2,1H,1923.832558,Simple pass,70,88,69.0,96.0
5,Opponent5,Opponent5_D2,Opponent5_D4,1H,1924.793492,Simple pass,69,96,54.0,72.0
5,Opponent5,Opponent5_D4,Opponent5_D1,1H,1928.31842,Simple pass,54,72,57.0,49.0
5,Opponent5,Opponent5_D1,Opponent5_M1,1H,1930.611046,Simple pass,57,49,61.0,57.0
5,Opponent5,Opponent5_M1,Opponent5_D1,1H,1932.259846,Simple pass,61,57,45.0,51.0
5,Opponent5,Opponent5_D1,Opponent5_D4,1H,1933.84293,Simple pass,45,51,63.0,75.0
5,Opponent5,Opponent5_D4,Opponent5_D2,1H,1939.521084,Simple pass,63,75,61.0,97.0
5,Opponent5,Opponent5_D2,Opponent5_M2,1H,1943.577784,Simple pass,61,97,66.0,97.0
5,Opponent5,Opponent5_M2,Opponent5_M4,1H,1945.598836,Simple pass,66,97,71.0,92.0
5,Opponent5,Opponent5_M4,Opponent5_M2,1H,1947.139237,Simple pass,71,92,91.0,94.0
5,Opponent5,Opponent5_M1,Opponent5_D2,1H,1967.9312,Simple pass,75,90,90.0,98.0
5,Huskies,Huskies_D3,Huskies_G1,1H,2000.603946,Simple pass,26,34,11.0,56.0
5,Huskies,Huskies_G1,Huskies_D3,1H,2051.327686,Hand pass,12,53,22.0,29.0
5,Huskies,Huskies_D3,Huskies_M3,1H,2055.848903,Simple pass,22,29,25.0,27.0
5,Huskies,Huskies_M3,Huskies_D4,1H,2057.708586,Simple pass,32,25,33.0,3.0
5,Huskies,Huskies_D4,Huskies_M1,1H,2060.411713,Simple pass,33,3,30.0,28.0
5,Huskies,Huskies_M1,Huskies_D3,1H,2062.366151,Simple pass,30,28,21.0,30.0
5,Huskies,Huskies_D3,Huskies_D2,1H,2065.267079,Simple pass,21,30,20.0,64.0
5,Opponent5,Opponent5_D3,Opponent5_D4,1H,2072.197181,Simple pass,34,34,29.0,55.0
5,Opponent5,Opponent5_D4,Opponent5_D2,1H,2075.928537,Simple pass,29,55,30.0,92.0
5,Opponent5,Opponent5_D2,Opponent5_M3,1H,2078.871767,High pass,30,92,58.0,40.0
5,Huskies,Huskies_G1,Huskies_F2,1H,2089.570696,Launch,16,89,63.0,55.0
5,Huskies,Huskies_M1,Huskies_F2,1H,2097.533197,Simple pass,58,75,59.0,71.0
5,Huskies,Huskies_F2,Huskies_M1,1H,2099.312442,Simple pass,59,71,55.0,70.0
5,Huskies,Huskies_M1,Huskies_M6,1H,2101.53744,Simple pass,55,70,61.0,52.0
5,Huskies,Huskies_M6,Huskies_M3,1H,2102.498626,Simple pass,61,52,53.0,52.0
5,Huskies,Huskies_M3,Huskies_M6,1H,2108.544521,Simple pass,58,31,69.0,27.0
5,Huskies,Huskies_M6,Huskies_D4,1H,2109.830074,Simple pass,69,27,71.0,5.0
5,Huskies,Huskies_D4,Huskies_M3,1H,2113.457227,Simple pass,71,5,58.0,26.0
5,Huskies,Huskies_M3,Huskies_M1,1H,2115.983849,Simple pass,58,26,55.0,33.0
5,Huskies,Huskies_M1,Huskies_F2,1H,2118.194063,Simple pass,55,33,60.0,62.0
5,Opponent5,Opponent5_M2,Opponent5_M4,1H,2120.847662,Simple pass,28,67,39.0,72.0
5,Opponent5,Opponent5_M4,Opponent5_M3,1H,2122.359078,Simple pass,39,72,38.0,60.0
5,Opponent5,Opponent5_M3,Opponent5_M4,1H,2122.383426,Simple pass,38,60,42.0,77.0
5,Opponent5,Opponent5_M4,Opponent5_M3,1H,2125.592466,Simple pass,42,77,63.0,50.0
5,Huskies,Huskies_D2,Huskies_M1,1H,2130.60567,Head pass,20,58,22.0,57.0
5,Huskies,Huskies_M1,Huskies_M4,1H,2133.539204,Simple pass,23,67,30.0,69.0
5,Huskies,Huskies_M4,Huskies_F2,1H,2136.339213,Simple pass,30,69,37.0,52.0
5,Huskies,Huskies_F2,Huskies_M6,1H,2139.589482,Simple pass,37,52,41.0,26.0
5,Huskies,Huskies_M6,Huskies_D4,1H,2142.01,Simple pass,41,26,57.0,4.0
5,Huskies,Huskies_D4,Huskies_M6,1H,2146.189399,Simple pass,67,13,76.0,8.0
5,Huskies,Huskies_M6,Huskies_M3,1H,2152.678422,Simple pass,76,8,62.0,27.0
5,Huskies,Huskies_M3,Huskies_M1,1H,2156.860699,Simple pass,62,27,62.0,35.0
5,Huskies,Huskies_M1,Huskies_F2,1H,2158.739421,Simple pass,62,35,73.0,40.0
5,Huskies,Huskies_F2,Huskies_D2,1H,2159.85084,Simple pass,73,40,55.0,66.0
5,Huskies,Huskies_D2,Huskies_D1,1H,2161.135882,Simple pass,55,66,52.0,81.0
5,Huskies,Huskies_D1,Huskies_D5,1H,2165.147033,Simple pass,52,81,69.0,88.0
5,Huskies,Huskies_D5,Huskies_F2,1H,2166.767894,Simple pass,69,88,58.0,66.0
5,Huskies,Huskies_F2,Huskies_M1,1H,2169.102374,Simple pass,58,66,48.0,26.0
5,Huskies,Huskies_M1,Huskies_D3,1H,2172.344512,Simple pass,48,26,46.0,49.0
5,Huskies,Huskies_D3,Huskies_D2,1H,2174.934521,Simple pass,46,49,35.0,66.0
5,Huskies,Huskies_D2,Huskies_D3,1H,2176.522905,Simple pass,35,66,32.0,34.0
5,Huskies,Huskies_D3,Huskies_M3,1H,2178.910981,Simple pass,32,34,36.0,31.0
5,Huskies,Huskies_D2,Huskies_D1,1H,2189.279219,Simple pass,42,64,37.0,82.0
5,Huskies,Huskies_D1,Huskies_D2,1H,2193.803099,Simple pass,37,82,31.0,64.0
5,Opponent5,Opponent5_D3,Opponent5_G1,1H,2200.738891,Simple pass,12,11,10.0,42.0
5,Opponent5,Opponent5_M3,Opponent5_M4,1H,2217.356099,Head pass,61,42,75.0,79.0
5,Opponent5,Opponent5_M4,Opponent5_M3,1H,2218.648277,Simple pass,75,79,70.0,47.0
5,Huskies,Huskies_D2,Huskies_M3,1H,2221.093902,Simple pass,26,59,28.0,39.0
5,Huskies,Huskies_M3,Huskies_M6,1H,2224.864209,Simple pass,28,39,31.0,33.0
5,Huskies,Huskies_M6,Huskies_F2,1H,2227.100446,Simple pass,31,33,52.0,27.0
5,Huskies,Huskies_F2,Huskies_M6,1H,2227.843016,Simple pass,52,27,37.0,24.0
5,Huskies,Huskies_M6,Huskies_D4,1H,2231.651637,Simple pass,54,19,56.0,4.0
5,Huskies,Huskies_D4,Huskies_F2,1H,2232.982147,Simple pass,56,4,64.0,5.0
5,Huskies,Huskies_F2,Huskies_D4,1H,2235.03477,Simple pass,64,5,66.0,24.0
5,Huskies,Huskies_D4,Huskies_M6,1H,2236.834401,Simple pass,66,24,67.0,48.0
5,Huskies,Huskies_M6,Huskies_D1,1H,2238.227498,Simple pass,67,48,54.0,74.0
5,Huskies,Huskies_D1,Huskies_M1,1H,2242.422898,Simple pass,54,74,59.0,66.0
5,Huskies,Huskies_M1,Huskies_D2,1H,2244.28324,Simple pass,59,66,42.0,50.0
5,Huskies,Huskies_D2,Huskies_D3,1H,2246.738501,Simple pass,42,50,52.0,29.0
5,Huskies,Huskies_D3,Huskies_M3,1H,2250.411436,Simple pass,52,29,53.0,36.0
5,Opponent5,Opponent5_M1,Opponent5_F1,1H,2258.203526,Simple pass,39,56,52.0,48.0
5,Opponent5,Opponent5_F1,Opponent5_F2,1H,2260.358048,Simple pass,52,48,75.0,35.0
5,Opponent5,Opponent5_F2,Opponent5_F1,1H,2263.922812,Smart pass,75,35,44.0,21.0
5,Huskies,Huskies_D2,Huskies_G1,1H,2326.429621,Head pass,4,44,100.0,100.0
5,Opponent5,Opponent5_D3,Opponent5_M1,1H,2337.144543,Simple pass,64,13,73.0,62.0
5,Opponent5,Opponent5_D2,Opponent5_M2,1H,2347.949027,Cross,87,77,93.0,55.0
5,Huskies,Huskies_F2,Huskies_G1,1H,2357.088847,Simple pass,21,62,8.0,51.0
5,Huskies,Huskies_G1,Huskies_D3,1H,2361.105449,Simple pass,8,51,31.0,26.0
5,Huskies,Huskies_D3,Huskies_M1,1H,2366.299694,Simple pass,31,26,28.0,30.0
5,Huskies,Huskies_M1,Huskies_D3,1H,2369.440852,Simple pass,38,27,29.0,27.0
5,Huskies,Huskies_D3,Huskies_D2,1H,2375.757931,Simple pass,29,27,21.0,15.0
5,Huskies,Huskies_D2,Huskies_D3,1H,2378.225667,Simple pass,21,15,32.0,7.0
5,Huskies,Huskies_D3,Huskies_D2,1H,2382.437442,Simple pass,32,7,20.0,7.0
5,Opponent5,Opponent5_M1,Opponent5_D1,1H,2388.101005,Simple pass,49,66,32.0,58.0
5,Opponent5,Opponent5_D1,Opponent5_D3,1H,2390.676506,Simple pass,32,58,42.0,17.0
5,Opponent5,Opponent5_D3,Opponent5_F2,1H,2396.11304,Simple pass,73,19,85.0,10.0
5,Opponent5,Opponent5_F2,Opponent5_M4,1H,2400.039784,Simple pass,85,10,84.0,14.0
5,Opponent5,Opponent5_M4,Opponent5_F2,1H,2401.382711,Simple pass,84,14,80.0,10.0
5,Huskies,Huskies_D5,Huskies_D1,1H,2454.771197,Simple pass,23,79,16.0,86.0
5,Opponent5,Opponent5_D3,Opponent5_M3,1H,2461.093497,Simple pass,78,8,94.0,14.0
5,Huskies,Huskies_F2,Huskies_D4,1H,2476.182588,Simple pass,24,60,28.0,16.0
5,Huskies,Huskies_D4,Huskies_M6,1H,2476.90996,Simple pass,28,16,38.0,35.0
5,Opponent5,Opponent5_M4,Opponent5_M3,1H,2481.368763,Simple pass,76,49,81.0,43.0
5,Opponent5,Opponent5_M3,Opponent5_F1,1H,2482.259093,Simple pass,81,43,80.0,56.0
5,Opponent5,Opponent5_M2,Opponent5_D4,1H,2487.760064,Simple pass,60,54,26.0,61.0
5,Opponent5,Opponent5_D4,Opponent5_M1,1H,2492.142044,Simple pass,26,61,40.0,44.0
5,Opponent5,Opponent5_M1,Opponent5_D4,1H,2495.19174,Simple pass,40,44,36.0,62.0
5,Opponent5,Opponent5_D4,Opponent5_D1,1H,2495.502509,Simple pass,36,62,33.0,33.0
5,Opponent5,Opponent5_D1,Opponent5_M1,1H,2498.123129,Simple pass,33,33,42.0,39.0
5,Opponent5,Opponent5_M1,Opponent5_D3,1H,2501.032169,Simple pass,42,39,59.0,9.0
5,Opponent5,Opponent5_D3,Opponent5_M1,1H,2501.42372,Simple pass,59,9,57.0,28.0
5,Opponent5,Opponent5_M1,Opponent5_D2,1H,2506.481614,High pass,57,28,66.0,94.0
5,Opponent5,Opponent5_D2,Opponent5_M4,1H,2510.464423,Simple pass,66,94,62.0,85.0
5,Opponent5,Opponent5_M4,Opponent5_M2,1H,2511.820762,Simple pass,62,85,58.0,77.0
5,Opponent5,Opponent5_M2,Opponent5_D4,1H,2513.054516,Simple pass,58,77,34.0,65.0
5,Opponent5,Opponent5_D4,Opponent5_M1,1H,2515.193123,Simple pass,34,65,57.0,64.0
5,Opponent5,Opponent5_M1,Opponent5_F1,1H,2519.477144,Simple pass,57,64,70.0,55.0
5,Opponent5,Opponent5_F1,Opponent5_D1,1H,2520.954778,Simple pass,70,55,55.0,36.0
5,Opponent5,Opponent5_D1,Opponent5_D3,1H,2522.408721,Simple pass,55,36,64.0,9.0
5,Opponent5,Opponent5_D3,Opponent5_M3,1H,2525.423591,Simple pass,64,9,91.0,11.0
5,Opponent5,Opponent5_D1,Opponent5_M1,1H,2536.474206,Simple pass,65,22,77.0,15.0
5,Opponent5,Opponent5_M1,Opponent5_D3,1H,2541.923447,Simple pass,77,15,89.0,10.0
5,Opponent5,Opponent5_D3,Opponent5_M1,1H,2557.058477,Simple pass,81,7,77.0,13.0
5,Opponent5,Opponent5_M1,Opponent5_D4,1H,2560.064428,Simple pass,77,13,66.0,52.0
5,Opponent5,Opponent5_D4,Opponent5_D2,1H,2564.677024,Simple pass,66,52,68.0,84.0
5,Opponent5,Opponent5_D2,Opponent5_M3,1H,2567.716176,Simple pass,68,84,76.0,78.0
5,Opponent5,Opponent5_M1,Opponent5_M4,1H,2579.588405,Simple pass,68,49,72.0,40.0
5,Huskies,Huskies_G1,Huskies_M6,1H,2587.535733,High pass,11,47,55.0,4.0
5,Huskies,Huskies_M6,Huskies_F2,1H,2591.883536,Head pass,55,4,65.0,20.0
5,Huskies,Huskies_D1,Huskies_D5,1H,2613.585283,Simple pass,37,80,59.0,88.0
5,Huskies,Huskies_D5,Huskies_D1,1H,2615.499593,Simple pass,59,88,42.0,67.0
5,Huskies,Huskies_D1,Huskies_M1,1H,2617.480762,Simple pass,42,67,40.0,68.0
5,Huskies,Huskies_M1,Huskies_M3,1H,2618.725429,Simple pass,40,68,41.0,67.0
5,Huskies,Huskies_D1,Huskies_F2,1H,2658.275291,Head pass,35,67,62.0,62.0
5,Huskies,Huskies_M3,Huskies_D3,1H,2684.366143,Simple pass,56,49,53.0,39.0
5,Huskies,Huskies_D3,Huskies_M1,1H,2686.980378,Simple pass,53,39,62.0,40.0
5,Huskies,Huskies_M1,Huskies_M3,1H,2689.950441,Simple pass,62,40,39.0,37.0
5,Huskies,Huskies_M3,Huskies_D2,1H,2695.058385,Simple pass,39,37,29.0,45.0
5,Huskies,Huskies_D2,Huskies_D3,1H,2696.084723,Simple pass,29,45,39.0,22.0
5,Huskies,Huskies_D3,Huskies_D4,1H,2698.71834,Simple pass,39,22,62.0,8.0
5,Opponent5,Opponent5_M3,Opponent5_M4,1H,2705.302806,High pass,39,70,59.0,94.0
5,Huskies,Huskies_D4,Huskies_D3,1H,2709.732046,Simple pass,36,20,30.0,27.0
5,Huskies,Huskies_D3,Huskies_G1,1H,2710.931312,Simple pass,30,27,7.0,28.0
5,Huskies,Huskies_G1,Huskies_F2,1H,2714.084352,Launch,7,28,68.0,16.0
5,Huskies,Huskies_M3,Huskies_D3,2H,3602.833055,Simple pass,50,50,36.0,38.0
5,Opponent5,Opponent5_M3,Opponent5_D3,2H,3636.504555,Simple pass,38,6,40.0,5.0
5,Huskies,Huskies_D1,Huskies_D5,2H,3638.663714,Head pass,32,83,45.0,88.0
5,Huskies,Huskies_M1,Huskies_D5,2H,3640.747615,Simple pass,59,87,45.0,94.0
5,Huskies,Huskies_D5,Huskies_F2,2H,3642.105442,Simple pass,45,94,68.0,82.0
5,Huskies,Huskies_F2,Huskies_M4,2H,3643.101501,Simple pass,68,82,77.0,90.0
5,Huskies,Huskies_M4,Huskies_F2,2H,3646.385556,Simple pass,82,85,81.0,68.0
5,Opponent5,Opponent5_D4,Opponent5_D3,2H,3654.148758,Simple pass,1,21,15.0,7.0
5,Opponent5,Opponent5_M3,Opponent5_M4,2H,3664.611235,Simple pass,73,25,78.0,42.0
5,Opponent5,Opponent5_D2,Opponent5_M2,2H,3673.975915,Simple pass,55,85,55.0,66.0
5,Opponent5,Opponent5_M2,Opponent5_M1,2H,3675.592639,Simple pass,55,66,55.0,47.0
5,Opponent5,Opponent5_M1,Opponent5_M4,2H,3677.196116,Simple pass,55,47,61.0,26.0
5,Opponent5,Opponent5_M4,Opponent5_F2,2H,3681.030263,Simple pass,61,26,72.0,3.0
5,Opponent5,Opponent5_F2,Opponent5_D3,2H,3681.961161,Simple pass,72,3,61.0,8.0
5,Opponent5,Opponent5_D3,Opponent5_M4,2H,3685.211596,Simple pass,61,8,70.0,11.0
5,Huskies,Huskies_D5,Huskies_M1,2H,3688.196848,Simple pass,26,76,31.0,75.0
5,Huskies,Huskies_M1,Huskies_F2,2H,3690.777602,Simple pass,31,75,35.0,67.0
5,Huskies,Huskies_D1,Huskies_M4,2H,3761.690507,Simple pass,26,96,41.0,92.0
5,Huskies,Huskies_M3,Huskies_D1,2H,3785.201272,Simple pass,34,59,28.0,71.0
5,Huskies,Huskies_D1,Huskies_D2,2H,3790.175421,Simple pass,28,71,29.0,45.0
5,Huskies,Huskies_D2,Huskies_D3,2H,3791.796225,Simple pass,29,45,26.0,29.0
5,Huskies,Huskies_D3,Huskies_M3,2H,3793.320158,Simple pass,26,29,35.0,39.0
5,Huskies,Huskies_M3,Huskies_D2,2H,3795.572429,Simple pass,35,39,30.0,68.0
5,Opponent5,Opponent5_M2,Opponent5_D2,2H,3830.818415,Simple pass,50,77,45.0,95.0
5,Huskies,Huskies_M4,Huskies_F2,2H,3850.609978,Simple pass,71,62,83.0,65.0
5,Opponent5,Opponent5_D1,Opponent5_D3,2H,3854.438923,Simple pass,15,44,1.0,9.0
5,Huskies,Huskies_D3,Huskies_D5,2H,3906.38924,High pass,55,26,54.0,87.0
5,Huskies,Huskies_D5,Huskies_D1,2H,3909.638663,Simple pass,54,87,30.0,78.0
5,Opponent5,Opponent5_D1,Opponent5_M3,2H,3921.099337,Simple pass,7,4,13.0,12.0
5,Huskies,Huskies_M3,Huskies_D2,2H,3927.539999,Simple pass,71,79,37.0,68.0
5,Huskies,Huskies_D2,Huskies_G1,2H,3930.148907,Simple pass,37,68,21.0,42.0
5,Huskies,Huskies_G1,Huskies_D3,2H,3934.229714,Simple pass,21,42,27.0,26.0
5,Huskies,Huskies_D3,Huskies_G1,2H,3936.985213,Simple pass,27,26,11.0,44.0
5,Huskies,Huskies_G1,Huskies_D5,2H,3941.591215,High pass,11,44,44.0,94.0
5,Huskies,Huskies_D5,Huskies_M1,2H,3945.417547,Simple pass,44,94,35.0,57.0
5,Huskies,Huskies_M1,Huskies_M6,2H,3948.406878,Simple pass,35,57,46.0,53.0
5,Opponent5,Opponent5_M3,Opponent5_F2,2H,3953.0658,Simple pass,71,42,87.0,32.0
5,Huskies,Huskies_D1,Huskies_D5,2H,3995.904163,Head pass,44,81,65.0,95.0
5,Huskies,Huskies_G1,Huskies_D3,2H,4006.183658,Simple pass,13,41,24.0,20.0
5,Huskies,Huskies_D3,Huskies_D2,2H,4010.647757,Simple pass,24,20,21.0,66.0
5,Huskies,Huskies_D2,Huskies_M4,2H,4012.860925,Smart pass,21,66,44.0,73.0
5,Opponent5,Opponent5_M3,Opponent5_M1,2H,4036.79795,Simple pass,60,35,50.0,20.0
5,Opponent5,Opponent5_M1,Opponent5_D1,2H,4037.234353,Simple pass,50,20,34.0,34.0
5,Opponent5,Opponent5_D1,Opponent5_M2,2H,4040.082743,Simple pass,34,34,45.0,39.0
5,Opponent5,Opponent5_M2,Opponent5_M1,2H,4041.878578,Simple pass,45,39,54.0,4.0
5,Opponent5,Opponent5_M1,Opponent5_M2,2H,4044.922046,Simple pass,54,4,53.0,31.0
5,Opponent5,Opponent5_M2,Opponent5_M3,2H,4047.816951,Simple pass,53,31,66.0,19.0
5,Opponent5,Opponent5_M3,Opponent5_M2,2H,4049.490014,Simple pass,66,19,63.0,23.0
5,Opponent5,Opponent5_M2,Opponent5_D3,2H,4052.311652,Simple pass,63,23,64.0,5.0
5,Opponent5,Opponent5_D3,Opponent5_M1,2H,4055.743506,Simple pass,64,5,59.0,15.0
5,Opponent5,Opponent5_M1,Opponent5_M4,2H,4059.121679,Simple pass,59,15,71.0,2.0
5,Opponent5,Opponent5_M4,Opponent5_M1,2H,4061.738597,Simple pass,71,2,56.0,11.0
5,Opponent5,Opponent5_M1,Opponent5_D1,2H,4063.150844,Simple pass,56,11,44.0,31.0
5,Opponent5,Opponent5_D1,Opponent5_D4,2H,4065.516277,Simple pass,44,31,52.0,54.0
5,Opponent5,Opponent5_D4,Opponent5_D2,2H,4067.826715,Simple pass,52,54,53.0,94.0
5,Opponent5,Opponent5_D2,Opponent5_M1,2H,4073.764621,Simple pass,58,65,57.0,34.0
5,Opponent5,Opponent5_M1,Opponent5_M4,2H,4076.051846,Simple pass,57,34,72.0,7.0
5,Huskies,Huskies_D3,Huskies_M3,2H,4204.778396,Simple pass,71,15,60.0,23.0
5,Huskies,Huskies_M3,Huskies_D1,2H,4208.154869,Simple pass,60,23,51.0,59.0
5,Huskies,Huskies_D1,Huskies_D5,2H,4211.222734,Simple pass,51,59,62.0,93.0
5,Huskies,Huskies_D5,Huskies_M4,2H,4213.9060119999995,Simple pass,62,93,60.0,79.0
5,Opponent5,Opponent5_D1,Opponent5_D3,2H,4220.852882,Simple pass,20,32,26.0,4.0
5,Huskies,Huskies_D2,Huskies_G1,2H,4227.499728,Simple pass,27,72,7.0,57.0
5,Huskies,Huskies_G1,Huskies_M3,2H,4230.123989,Simple pass,7,57,25.0,53.0
5,Huskies,Huskies_M3,Huskies_D1,2H,4233.673474,Simple pass,25,53,48.0,88.0
5,Huskies,Huskies_D1,Huskies_F2,2H,4237.315044,Simple pass,48,88,64.0,62.0
5,Huskies,Huskies_F2,Huskies_D4,2H,4240.663433,Simple pass,64,62,82.0,10.0
5,Huskies,Huskies_D4,Huskies_M3,2H,4247.752235,Simple pass,82,10,63.0,26.0
5,Huskies,Huskies_M3,Huskies_M1,2H,4250.217522,Simple pass,63,26,65.0,46.0
5,Huskies,Huskies_M1,Huskies_M4,2H,4252.115151,Simple pass,65,46,71.0,55.0
5,Huskies,Huskies_M4,Huskies_M6,2H,4254.731822,Simple pass,71,55,69.0,41.0
5,Huskies,Huskies_M6,Huskies_M1,2H,4256.862446,Simple pass,69,41,65.0,46.0
5,Huskies,Huskies_M1,Huskies_M3,2H,4258.291571,Simple pass,65,46,61.0,26.0
5,Huskies,Huskies_M3,Huskies_M1,2H,4261.252952,Simple pass,61,26,57.0,46.0
5,Huskies,Huskies_M1,Huskies_D3,2H,4262.444923,Simple pass,57,46,57.0,24.0
5,Huskies,Huskies_D3,Huskies_D4,2H,4264.1214,Simple pass,57,24,72.0,8.0
5,Huskies,Huskies_D4,Huskies_F2,2H,4265.693945,Simple pass,72,8,72.0,26.0
5,Opponent5,Opponent5_M2,Opponent5_M3,2H,4273.912897,Simple pass,28,59,29.0,60.0
5,Opponent5,Opponent5_M3,Opponent5_F2,2H,4275.854099,Simple pass,29,60,39.0,44.0
5,Opponent5,Opponent5_M4,Opponent5_M1,2H,4319.603298,Simple pass,68,12,58.0,26.0
5,Opponent5,Opponent5_M1,Opponent5_D3,2H,4322.097312,Simple pass,58,26,64.0,6.0
5,Opponent5,Opponent5_D3,Opponent5_M1,2H,4324.32045,Simple pass,64,6,64.0,15.0
5,Opponent5,Opponent5_M1,Opponent5_D3,2H,4329.511366000001,Simple pass,64,15,73.0,6.0
5,Opponent5,Opponent5_D3,Opponent5_M4,2H,4334.567719000001,Simple pass,73,6,72.0,21.0
5,Opponent5,Opponent5_M4,Opponent5_M3,2H,4336.2876909999995,Simple pass,72,21,70.0,21.0
5,Opponent5,Opponent5_M3,Opponent5_D3,2H,4338.210643,Simple pass,70,21,74.0,5.0
5,Opponent5,Opponent5_D3,Opponent5_M3,2H,4340.963658000001,Simple pass,74,5,85.0,8.0
5,Huskies,Huskies_M6,Huskies_F2,2H,4350.343436,Simple pass,47,67,65.0,85.0
5,Huskies,Huskies_M6,Huskies_M1,2H,4381.2742149999995,Simple pass,31,35,31.0,58.0
5,Huskies,Huskies_M1,Huskies_M3,2H,4384.386532,Simple pass,31,58,34.0,44.0
5,Huskies,Huskies_M3,Huskies_D1,2H,4386.159329,Simple pass,34,44,26.0,75.0
5,Huskies,Huskies_D1,Huskies_D5,2H,4388.239894,Simple pass,26,75,39.0,92.0
5,Huskies,Huskies_D5,Huskies_M3,2H,4390.698799,Simple pass,39,92,49.0,76.0
5,Huskies,Huskies_M3,Huskies_D5,2H,4392.564985,Simple pass,49,76,56.0,95.0
5,Huskies,Huskies_D5,Huskies_M4,2H,4396.046423,Simple pass,71,89,75.0,95.0
5,Huskies,Huskies_M4,Huskies_D5,2H,4398.581054,Simple pass,75,95,91.0,91.0
5,Opponent5,Opponent5_D2,Opponent5_M4,2H,4403.405585,Simple pass,14,51,27.0,61.0
5,Opponent5,Opponent5_M4,Opponent5_D2,2H,4404.734992,Simple pass,27,61,16.0,86.0
5,Huskies,Huskies_M1,Huskies_D3,2H,4409.572875,Simple pass,75,9,47.0,29.0
5,Opponent5,Opponent5_M2,Opponent5_M3,2H,4412.634760999999,Simple pass,26,67,30.0,55.0
5,Opponent5,Opponent5_M3,Opponent5_F1,2H,4414.0766060000005,Simple pass,30,55,59.0,66.0
5,Huskies,Huskies_D1,Huskies_D2,2H,4417.4108209999995,Simple pass,43,57,35.0,41.0
5,Huskies,Huskies_D2,Huskies_M1,2H,4418.895326,Simple pass,35,41,47.0,24.0
5,Huskies,Huskies_M1,Huskies_F2,2H,4421.735557,Simple pass,47,24,62.0,13.0
5,Huskies,Huskies_M1,Huskies_M3,2H,4480.757479,Simple pass,63,83,63.0,62.0
5,Huskies,Huskies_M3,Huskies_D4,2H,4483.243818999999,Simple pass,63,62,67.0,26.0
5,Huskies,Huskies_D4,Huskies_D3,2H,4486.5844,Simple pass,67,26,45.0,30.0
5,Huskies,Huskies_D3,Huskies_D2,2H,4490.288886,Simple pass,45,30,32.0,64.0
5,Huskies,Huskies_D2,Huskies_D1,2H,4492.805652,Simple pass,32,64,37.0,96.0
5,Huskies,Huskies_M1,Huskies_D5,2H,4549.556533999999,Simple pass,60,82,76.0,98.0
5,Huskies,Huskies_D1,Huskies_D2,2H,4584.324769,Simple pass,57,80,48.0,76.0
5,Huskies,Huskies_D2,Huskies_D1,2H,4591.258985,Simple pass,48,76,40.0,88.0
5,Huskies,Huskies_D1,Huskies_G1,2H,4594.015268,Simple pass,40,88,16.0,51.0
5,Opponent5,Opponent5_M5,Opponent5_M1,2H,4609.206854,Simple pass,34,36,30.0,49.0
5,Opponent5,Opponent5_M1,Opponent5_M5,2H,4616.531718,Simple pass,55,67,52.0,80.0
5,Opponent5,Opponent5_M5,Opponent5_D4,2H,4621.102502,Simple pass,52,80,29.0,50.0
5,Opponent5,Opponent5_D4,Opponent5_D1,2H,4623.592889,Simple pass,29,50,35.0,37.0
5,Opponent5,Opponent5_D1,Opponent5_M2,2H,4625.409735,Simple pass,35,37,46.0,39.0
5,Opponent5,Opponent5_M3,Opponent5_D1,2H,4636.842829,Simple pass,42,41,28.0,32.0
5,Opponent5,Opponent5_D1,Opponent5_G1,2H,4638.759425,Simple pass,28,32,13.0,58.0
5,Opponent5,Opponent5_G1,Opponent5_F1,2H,4646.43403,Launch,13,58,64.0,45.0
5,Huskies,Huskies_M3,Huskies_D3,2H,4650.496859,Simple pass,45,50,33.0,36.0
5,Huskies,Huskies_D3,Huskies_D3,2H,4652.220278,Simple pass,33,36,27.0,14.0
5,Huskies,Huskies_D3,Huskies_G1,2H,4660.05558,Simple pass,27,14,10.0,64.0
5,Huskies,Huskies_G1,Huskies_D2,2H,4664.651492,Simple pass,10,64,21.0,68.0
5,Opponent5,Opponent5_M1,Opponent5_M5,2H,4790.949551,Simple pass,55,33,69.0,39.0
5,Huskies,Huskies_M1,Huskies_D4,2H,4796.184702,Simple pass,33,44,26.0,10.0
5,Huskies,Huskies_D4,Huskies_F2,2H,4800.770268,Simple pass,44,16,68.0,11.0
5,Huskies,Huskies_F2,Huskies_M1,2H,4803.302808,Simple pass,68,11,61.0,32.0
5,Huskies,Huskies_D4,Huskies_M3,2H,4807.043256,Simple pass,43,21,44.0,36.0
5,Huskies,Huskies_D1,Huskies_D3,2H,4854.675993,Simple pass,57,80,46.0,26.0
5,Huskies,Huskies_D3,Huskies_D2,2H,4857.872662,Simple pass,46,26,32.0,60.0
5,Huskies,Huskies_D2,Huskies_D5,2H,4862.662132,Simple pass,41,71,60.0,92.0
5,Huskies,Huskies_D5,Huskies_M3,2H,4864.539804,Simple pass,60,92,63.0,79.0
5,Huskies,Huskies_M3,Huskies_D5,2H,4866.448583,Simple pass,63,79,59.0,96.0
5,Huskies,Huskies_F2,Huskies_M3,2H,4883.286197,Simple pass,62,74,47.0,68.0
5,Huskies,Huskies_M3,Huskies_M1,2H,4884.809947,Simple pass,47,68,52.0,45.0
5,Huskies,Huskies_M1,Huskies_M3,2H,4887.773219,Simple pass,52,45,53.0,62.0
5,Huskies,Huskies_M3,Huskies_F2,2H,4891.150235,Simple pass,53,62,68.0,48.0
5,Huskies,Huskies_F2,Huskies_M1,2H,4892.224821,Simple pass,68,48,56.0,27.0
5,Huskies,Huskies_M1,Huskies_F2,2H,4894.878099,Simple pass,56,27,70.0,46.0
5,Opponent5,Opponent5_M1,Opponent5_M5,2H,4900.237718,Simple pass,33,37,59.0,4.0
5,Huskies,Huskies_D5,Huskies_F3,2H,4914.71452,Simple pass,24,95,40.0,76.0
5,Huskies,Huskies_F3,Huskies_F2,2H,4916.995052,Simple pass,40,76,38.0,56.0
5,Huskies,Huskies_F2,Huskies_M3,2H,4918.741983,Simple pass,38,56,35.0,73.0
5,Huskies,Huskies_M3,Huskies_D1,2H,4922.239894,Simple pass,34,73,28.0,82.0
5,Huskies,Huskies_D1,Huskies_D5,2H,4923.23158,Simple pass,28,82,30.0,93.0
5,Huskies,Huskies_D5,Huskies_M6,2H,4928.984728,Launch,46,93,52.0,71.0
5,Huskies,Huskies_M6,Huskies_F3,2H,4931.634624,Simple pass,52,71,53.0,55.0
5,Huskies,Huskies_F3,Huskies_M1,2H,4932.972595,Simple pass,53,55,50.0,44.0
5,Huskies,Huskies_M1,Huskies_D4,2H,4935.134408,Simple pass,50,44,59.0,10.0
5,Huskies,Huskies_D4,Huskies_F3,2H,4937.698483,Simple pass,59,10,70.0,34.0
5,Huskies,Huskies_F3,Huskies_M1,2H,4939.476004,Simple pass,70,34,49.0,27.0
5,Huskies,Huskies_M1,Huskies_M3,2H,4942.0711,Simple pass,49,27,55.0,55.0
5,Huskies,Huskies_M3,Huskies_F2,2H,4947.812326,Simple pass,55,55,69.0,47.0
5,Huskies,Huskies_F2,Huskies_M6,2H,4950.595834,Simple pass,69,47,78.0,19.0
5,Opponent5,Opponent5_M1,Opponent5_D1,2H,4994.262471,Simple pass,45,61,39.0,56.0
5,Opponent5,Opponent5_D1,Opponent5_D3,2H,4996.00657,Simple pass,39,56,46.0,35.0
5,Huskies,Huskies_G1,Huskies_D1,2H,5002.022478,Hand pass,12,64,38.0,92.0
5,Opponent5,Opponent5_D1,Opponent5_M3,2H,5013.723385,Simple pass,33,16,55.0,19.0
5,Opponent5,Opponent5_M3,Opponent5_M5,2H,5037.705678,Simple pass,63,14,70.0,3.0
5,Opponent5,Opponent5_M5,Opponent5_M1,2H,5039.772009,Simple pass,70,3,58.0,20.0
5,Opponent5,Opponent5_M1,Opponent5_D3,2H,5040.674285,Simple pass,58,20,57.0,2.0
5,Opponent5,Opponent5_D3,Opponent5_M5,2H,5047.810735,Cross,96,16,90.0,42.0
5,Huskies,Huskies_F3,Huskies_D1,2H,5127.568014,Simple pass,63,77,39.0,79.0
5,Huskies,Huskies_D1,Huskies_F3,2H,5130.508435,Simple pass,39,79,63.0,77.0
5,Huskies,Huskies_F3,Huskies_M1,2H,5135.069042,Simple pass,63,77,65.0,65.0
5,Huskies,Huskies_M1,Huskies_F2,2H,5138.815404,Simple pass,65,65,77.0,44.0
5,Opponent5,Opponent5_D1,Opponent5_M3,2H,5142.882461,Head pass,16,43,33.0,28.0
5,Opponent5,Opponent5_M3,Opponent5_M4,2H,5145.219569,Head pass,33,28,30.0,40.0
5,Huskies,Huskies_D5,Huskies_D1,2H,5149.052386,Simple pass,64,75,44.0,79.0
5,Huskies,Huskies_D1,Huskies_M3,2H,5149.641583,Simple pass,44,79,48.0,59.0
5,Huskies,Huskies_M3,Huskies_F2,2H,5152.077441,Simple pass,48,59,62.0,30.0
5,Huskies,Huskies_F2,Huskies_M6,2H,5155.118438,Simple pass,62,30,76.0,33.0
5,Opponent5,Opponent5_M1,Opponent5_M3,2H,5161.661702,Simple pass,29,60,42.0,37.0
5,Opponent5,Opponent5_M3,Opponent5_M4,2H,5163.271834,Simple pass,42,37,34.0,29.0
5,Opponent5,Opponent5_M4,Opponent5_M5,2H,5164.500993,Simple pass,34,29,47.0,6.0
5,Opponent5,Opponent5_M1,Opponent5_D2,2H,5241.18514,Simple pass,89,92,85.0,93.0
5,Opponent5,Opponent5_D2,Opponent5_M1,2H,5244.509642,Simple pass,85,93,71.0,90.0
5,Opponent5,Opponent5_M1,Opponent5_G1,2H,5251.761488,Simple pass,45,77,15.0,47.0
5,Huskies,Huskies_M3,Huskies_M1,2H,5263.140785,Simple pass,45,86,72.0,88.0
5,Huskies,Huskies_M1,Huskies_D1,2H,5265.603532,Simple pass,40,73,34.0,87.0
5,Opponent5,Opponent5_M2,Opponent5_D4,2H,5273.55083,Simple pass,37,18,31.0,45.0
5,Huskies,Huskies_D3,Huskies_M6,2H,5278.546565,Head pass,31,51,55.0,66.0
5,Huskies,Huskies_M3,Huskies_M1,2H,5286.233598,Simple pass,32,60,39.0,39.0
5,Huskies,Huskies_M1,Huskies_M3,2H,5288.360256,Simple pass,39,39,32.0,59.0
5,Huskies,Huskies_M3,Huskies_M1,2H,5289.610251,Simple pass,32,59,42.0,35.0
5,Huskies,Huskies_M1,Huskies_F2,2H,5291.307052,Simple pass,42,35,55.0,14.0
5,Huskies,Huskies_F2,Huskies_D4,2H,5298.242784,Simple pass,82,25,88.0,14.0
5,Huskies,Huskies_D4,Huskies_F3,2H,5299.364844,Simple pass,88,14,84.0,33.0
5,Huskies,Huskies_M3,Huskies_M1,2H,5305.69078,Simple pass,66,38,73.0,43.0
5,Huskies,Huskies_M1,Huskies_M3,2H,5308.10127,Simple pass,73,43,60.0,28.0
5,Huskies,Huskies_M3,Huskies_F2,2H,5309.979408,Simple pass,60,28,76.0,24.0
5,Opponent5,Opponent5_M2,Opponent5_M1,2H,5313.25413,Simple pass,29,56,27.0,69.0
5,Opponent5,Opponent5_M1,Opponent5_M3,2H,5315.302939,Simple pass,27,69,36.0,67.0
5,Opponent5,Opponent5_M3,Opponent5_M4,2H,5317.116116,Simple pass,36,67,44.0,61.0
5,Opponent5,Opponent5_D1,Opponent5_D3,2H,5371.230039,Simple pass,48,39,58.0,8.0
5,Opponent5,Opponent5_D3,Opponent5_M3,2H,5373.039015,Simple pass,58,8,73.0,7.0
5,Opponent5,Opponent5_M3,Opponent5_M4,2H,5375.198686,Simple pass,73,7,80.0,7.0
5,Opponent5,Opponent5_M4,Opponent5_D3,2H,5379.810485,Simple pass,80,7,71.0,11.0
5,Opponent5,Opponent5_D3,Opponent5_M3,2H,5382.266698,Simple pass,71,11,76.0,16.0
5,Opponent5,Opponent5_M3,Opponent5_M1,2H,5385.047375,Simple pass,71,25,65.0,28.0
5,Opponent5,Opponent5_M1,Opponent5_D2,2H,5387.209392,Simple pass,65,28,65.0,87.0
5,Huskies,Huskies_M3,Huskies_M1,2H,5397.282277,Simple pass,15,58,25.0,29.0
5,Huskies,Huskies_M1,Huskies_F2,2H,5399.155501,Simple pass,25,29,34.0,30.0
5,Huskies,Huskies_F2,Huskies_M1,2H,5399.904124,Simple pass,34,30,33.0,41.0
5,Opponent5,Opponent5_M5,Opponent5_M1,2H,5403.977372,Simple pass,73,72,72.0,55.0
5,Opponent5,Opponent5_M2,Opponent5_M4,2H,5405.798625,Simple pass,73,39,75.0,20.0
5,Opponent5,Opponent5_M4,Opponent5_M1,2H,5407.656227,Simple pass,75,20,70.0,45.0
5,Huskies,Huskies_M3,Huskies_M6,2H,5502.782168,Simple pass,64,67,59.0,62.0
5,Huskies,Huskies_M6,Huskies_D1,2H,5503.1127670000005,Simple pass,59,62,41.0,78.0
5,Huskies,Huskies_D1,Huskies_D3,2H,5507.454242,Simple pass,41,78,37.0,38.0
5,Huskies,Huskies_D3,Huskies_G1,2H,5510.365948,Simple pass,37,38,12.0,40.0
5,Huskies,Huskies_G1,Huskies_F1,2H,5514.547242000001,Launch,12,40,67.0,39.0
5,Huskies,Huskies_M3,Huskies_F3,2H,5521.141423,Simple pass,44,39,78.0,35.0
5,Opponent5,Opponent5_M6,Opponent5_M2,2H,5530.661338,Simple pass,30,77,27.0,63.0
5,Opponent5,Opponent5_M2,Opponent5_M3,2H,5531.703142,Simple pass,27,63,15.0,25.0
5,Opponent5,Opponent5_M3,Opponent5_D3,2H,5536.655014,Simple pass,46,43,52.0,16.0
5,Opponent5,Opponent5_D3,Opponent5_M3,2H,5541.65927,Simple pass,65,11,92.0,10.0
5,Opponent5,Opponent5_M3,Opponent5_D3,2H,5545.723207,Simple pass,92,10,76.0,18.0
5,Opponent5,Opponent5_D3,Opponent5_M6,2H,5547.934807,Simple pass,76,18,81.0,33.0
5,Opponent5,Opponent5_M6,Opponent5_M1,2H,5549.221957,Simple pass,81,33,75.0,25.0
5,Opponent5,Opponent5_M1,Opponent5_M3,2H,5553.081503,Simple pass,75,25,84.0,11.0
5,Opponent5,Opponent5_D1,Opponent5_G1,2H,5571.85467,Simple pass,4,9,3.0,38.0
5,Opponent5,Opponent5_M1,Opponent5_M3,2H,5583.226742,Simple pass,55,19,60.0,3.0
5,Opponent5,Opponent5_M3,Opponent5_M6,2H,5589.174462,Simple pass,73,40,66.0,34.0
5,Opponent5,Opponent5_M6,Opponent5_M1,2H,5591.030405,Simple pass,66,34,59.0,19.0
5,Opponent5,Opponent5_M1,Opponent5_M6,2H,5592.233989,Simple pass,59,19,70.0,8.0
5,Opponent5,Opponent5_M6,Opponent5_D3,2H,5594.60433,Simple pass,70,8,58.0,9.0
5,Opponent5,Opponent5_D3,Opponent5_M6,2H,5595.981543,Simple pass,58,9,71.0,5.0
5,Opponent5,Opponent5_M6,Opponent5_D3,2H,5598.494237,Simple pass,71,5,57.0,11.0
5,Opponent5,Opponent5_D3,Opponent5_M2,2H,5600.821825,Simple pass,57,11,56.0,29.0
5,Opponent5,Opponent5_M2,Opponent5_M6,2H,5602.133703,Simple pass,56,29,61.0,35.0
5,Opponent5,Opponent5_M6,Opponent5_M2,2H,5605.715135,Simple pass,61,35,66.0,25.0
5,Opponent5,Opponent5_M2,Opponent5_M6,2H,5606.245636,Simple pass,66,25,56.0,30.0
5,Opponent5,Opponent5_M6,Opponent5_M1,2H,5607.99361,Simple pass,56,30,66.0,14.0
5,Opponent5,Opponent5_M1,Opponent5_M6,2H,5608.315492,Simple pass,66,14,59.0,21.0
5,Opponent5,Opponent5_M6,Opponent5_D3,2H,5609.137377,Simple pass,59,21,56.0,7.0
5,Opponent5,Opponent5_D3,Opponent5_M6,2H,5610.698643,Simple pass,56,7,66.0,5.0
5,Opponent5,Opponent5_M6,Opponent5_F1,2H,5613.904868,Simple pass,66,5,74.0,18.0
5,Opponent5,Opponent5_F1,Opponent5_M3,2H,5615.323986,Simple pass,74,18,75.0,7.0
5,Opponent5,Opponent5_M3,Opponent5_F1,2H,5618.576101000001,Simple pass,75,7,73.0,20.0
5,Opponent5,Opponent5_D1,Opponent5_D3,2H,5624.1361130000005,Simple pass,36,18,46.0,9.0
5,Opponent5,Opponent5_D3,Opponent5_M1,2H,5627.967872,Simple pass,46,9,60.0,3.0
5,Opponent5,Opponent5_M1,Opponent5_M5,2H,5631.295027,High pass,60,3,79.0,34.0
5,Huskies,Huskies_D5,Huskies_F2,2H,5664.439465,Simple pass,31,94,34.0,74.0
5,Huskies,Huskies_D4,Huskies_F3,2H,5669.838331,Simple pass,40,32,53.0,45.0
5,Huskies,Huskies_F3,Huskies_D3,2H,5670.892649,Simple pass,53,45,47.0,12.0
5,Huskies,Huskies_D3,Huskies_F2,2H,5675.618172,Simple pass,61,21,63.0,38.0
5,Huskies,Huskies_F2,Huskies_D3,2H,5678.361398,Simple pass,63,38,54.0,20.0
5,Opponent5,Opponent5_M2,Opponent5_M3,2H,5682.186206,Simple pass,39,58,76.0,35.0
5,Opponent5,Opponent5_M3,Opponent5_M3,2H,5688.304467,Simple pass,76,35,37.0,36.0
5,Huskies,Huskies_M6,Huskies_D5,2H,5692.692294,Simple pass,23,70,30.0,93.0
5,Opponent5,Opponent5_M6,Opponent5_D2,2H,5706.443872,Simple pass,33,50,32.0,67.0
5,Opponent5,Opponent5_D2,Opponent5_M6,2H,5709.096918,Simple pass,32,67,38.0,53.0
5,Opponent5,Opponent5_M6,Opponent5_D2,2H,5711.647159,Simple pass,38,53,47.0,90.0
5,Opponent5,Opponent5_D2,Opponent5_M5,2H,5713.985191,Simple pass,47,90,51.0,78.0
5,Opponent5,Opponent5_M6,Opponent5_D3,2H,5761.211371,Simple pass,56,47,41.0,23.0
5,Opponent5,Opponent5_D3,Opponent5_M3,2H,5768.089787,Simple pass,72,26,92.0,14.0
5,Huskies,Huskies_M6,Huskies_D4,2H,5773.181019,Simple pass,18,44,24.0,15.0
5,Huskies,Huskies_D4,Huskies_F1,2H,5778.31316,Simple pass,31,10,51.0,31.0
5,Huskies,Huskies_D1,Huskies_D5,2H,5813.054549,Simple pass,33,76,42.0,94.0
5,Huskies,Huskies_D5,Huskies_M3,2H,5815.63848,Simple pass,42,94,44.0,78.0
5,Huskies,Huskies_M3,Huskies_D1,2H,5816.917182,Simple pass,44,78,33.0,74.0
5,Huskies,Huskies_D1,Huskies_M6,2H,5819.746781,Simple pass,33,74,40.0,66.0
5,Huskies,Huskies_M6,Huskies_D1,2H,5821.45439,Simple pass,40,66,30.0,72.0
5,Huskies,Huskies_D1,Huskies_F1,2H,5825.297453,Simple pass,30,72,61.0,75.0
5,Opponent5,Opponent5_M6,Opponent5_D3,2H,5838.533915,Simple pass,46,15,40.0,4.0
5,Opponent5,Opponent5_M1,Opponent5_D2,2H,5846.5514,Head pass,37,30,34.0,60.0
5,Huskies,Huskies_D2,Huskies_G1,2H,5852.494029,Head pass,25,55,14.0,56.0
5,Huskies,Huskies_G1,Huskies_D1,2H,5855.384687,Hand pass,14,56,25.0,81.0
5,Huskies,Huskies_D1,Huskies_D5,2H,5858.165795,Simple pass,25,81,38.0,93.0
5,Huskies,Huskies_D5,Huskies_M3,2H,5860.965052,Simple pass,38,93,33.0,70.0
5,Huskies,Huskies_M3,Huskies_D1,2H,5861.985372,Simple pass,33,70,25.0,76.0
5,Huskies,Huskies_D1,Huskies_D2,2H,5864.96235,Simple pass,25,76,30.0,51.0
5,Opponent5,Opponent5_F1,Opponent5_M3,2H,5874.205383,Simple pass,80,54,90.0,36.0
5,Huskies,Huskies_D2,Huskies_M5,2H,5973.089552,Head pass,26,46,45.0,70.0
5,Opponent5,Opponent5_D3,Opponent5_M3,2H,5979.162449,Simple pass,57,6,76.0,4.0
5,Opponent5,Opponent5_M3,Opponent5_F1,2H,5982.255241,Simple pass,76,4,75.0,28.0
5,Opponent5,Opponent5_F1,Opponent5_M5,2H,5984.072951,Smart pass,75,28,95.0,25.0
5,Opponent5,Opponent5_D3,Opponent5_M5,2H,5999.42568,Simple pass,76,8,81.0,8.0
5,Opponent5,Opponent5_M5,Opponent5_D3,2H,6000.0696370000005,Simple pass,81,8,72.0,1.0
5,Huskies,Huskies_M3,Huskies_F3,2H,6004.861633,Simple pass,29,94,46.0,95.0
5,Huskies,Huskies_F3,Huskies_F1,2H,6006.760281,Simple pass,46,95,63.0,84.0
5,Opponent5,Opponent5_M1,Opponent5_M6,2H,6032.230581,Simple pass,41,23,42.0,34.0
5,Opponent5,Opponent5_M6,Opponent5_D4,2H,6033.696968,Simple pass,42,34,25.0,53.0
5,Opponent5,Opponent5_D4,Opponent5_D1,2H,6036.151598,Simple pass,25,53,32.0,23.0
5,Opponent5,Opponent5_D1,Opponent5_D3,2H,6038.809946,Simple pass,32,23,39.0,4.0
5,Opponent5,Opponent5_D3,Opponent5_M1,2H,6040.219349,Simple pass,39,4,34.0,17.0
5,Opponent5,Opponent5_M1,Opponent5_M5,2H,6040.908034,High pass,34,17,63.0,9.0
5,Huskies,Huskies_M5,Huskies_D1,2H,6059.204683,Simple pass,46,75,33.0,87.0
5,Huskies,Huskies_D1,Huskies_M3,2H,6061.730757,Simple pass,33,87,28.0,76.0
5,Huskies,Huskies_M3,Huskies_D5,2H,6065.234188,Simple pass,28,76,43.0,92.0
5,Huskies,Huskies_D5,Huskies_M5,2H,6067.680127,Simple pass,43,92,35.0,74.0
5,Huskies,Huskies_M5,Huskies_M5,2H,6073.699930000001,Simple pass,62,47,67.0,18.0
5,Huskies,Huskies_M5,Huskies_F3,2H,6075.797871000001,Simple pass,67,18,73.0,37.0
5,Huskies,Huskies_F3,Huskies_D4,2H,6075.973491000001,Simple pass,73,37,81.0,12.0
5,Huskies,Huskies_D4,Huskies_M5,2H,6078.330648,Simple pass,81,12,75.0,16.0
5,Huskies,Huskies_D5,Huskies_M5,2H,6091.709213,Simple pass,56,79,58.0,44.0
5,Huskies,Huskies_M5,Huskies_F3,2H,6095.789613,Simple pass,58,44,72.0,42.0
5,Huskies,Huskies_F3,Huskies_M6,2H,6099.793058,Simple pass,72,42,66.0,87.0
5,Huskies,Huskies_M6,Huskies_M3,2H,6101.4438150000005,Simple pass,66,87,66.0,53.0
5,Huskies,Huskies_M3,Huskies_M5,2H,6102.775342,Simple pass,66,53,63.0,38.0
5,Huskies,Huskies_M3,Huskies_M6,2H,6143.059479,Head pass,61,26,67.0,45.0
5,Huskies,Huskies_M6,Huskies_D1,2H,6144.860173,Simple pass,67,45,47.0,59.0
5,Huskies,Huskies_D1,Huskies_D5,2H,6147.932004,Simple pass,47,59,42.0,92.0
5,Huskies,Huskies_D5,Huskies_G1,2H,6151.054719,Simple pass,42,92,10.0,64.0
5,Huskies,Huskies_G1,Huskies_M5,2H,6155.221949000001,Launch,10,64,56.0,37.0
5,Opponent5,Opponent5_M2,Opponent5_M1,2H,6160.336827,Simple pass,52,56,46.0,58.0
5,Opponent5,Opponent5_M5,Opponent5_F1,2H,6231.734957000001,Head pass,90,48,97.0,57.0
5,Huskies,Huskies_D1,Huskies_M3,2H,6289.121618,Simple pass,32,71,35.0,60.0
5,Huskies,Huskies_M3,Huskies_D1,2H,6291.940351,Simple pass,35,60,33.0,86.0
5,Huskies,Huskies_D1,Huskies_F1,2H,6294.871709,High pass,33,86,75.0,83.0
5,Huskies,Huskies_M6,Huskies_F1,2H,6299.226216,Simple pass,68,84,71.0,82.0
5,Huskies,Huskies_F1,Huskies_F3,2H,6303.595326000001,Simple pass,71,82,71.0,55.0
5,Opponent5,Opponent5_M1,Opponent5_F3,2H,6340.281112000001,High pass,10,66,69.0,49.0
5,Opponent5,Opponent5_F3,Opponent5_M5,2H,6342.8771400000005,Head pass,69,49,61.0,34.0
5,Huskies,Huskies_D3,Huskies_D4,2H,6456.958739,Simple pass,30,32,40.0,12.0
5,Huskies,Huskies_D4,Huskies_F1,2H,6461.641908,Simple pass,40,12,70.0,31.0
5,Huskies,Huskies_F1,Huskies_D3,2H,6463.775533,Simple pass,70,31,37.0,25.0
5,Huskies,Huskies_D3,Huskies_M3,2H,6466.853104,Simple pass,37,25,39.0,35.0
5,Huskies,Huskies_M3,Huskies_D2,2H,6468.34616,Simple pass,39,35,28.0,55.0
5,Huskies,Huskies_D2,Huskies_G1,2H,6470.456582,Simple pass,28,55,11.0,47.0
5,Huskies,Huskies_G1,Huskies_F1,2H,6478.663989000001,Launch,11,47,75.0,43.0
5,Huskies,Huskies_F1,Huskies_M6,2H,6481.449268,Head pass,75,43,62.0,69.0
