MatchID,TeamID,OriginPlayerID,DestinationPlayerID,MatchPeriod,EventTime,EventSubType,EventOrigin_x,EventOrigin_y,EventDestination_x,EventDestination_y
6,Opponent6,Opponent6_F1,Opponent6_M1,1H,0.8990150000000199,Simple pass,49,48,39.0,45.0
6,Opponent6,Opponent6_M1,Opponent6_M2,1H,2.3659279999999967,High pass,39,45,57.0,5.0
6,Opponent6,Opponent6_F1,Opponent6_M2,1H,25.19115499999998,Simple pass,66,15,74.0,2.0
6,Huskies,Huskies_F2,Huskies_F1,1H,29.42074100000002,Simple pass,38,99,59.0,95.0
6,Opponent6,Opponent6_M3,Opponent6_M4,1H,33.587804000000006,Simple pass,57,34,53.0,50.0
6,Opponent6,Opponent6_M4,Opponent6_M1,1H,34.44552199999998,Simple pass,53,50,48.0,41.0
6,Opponent6,Opponent6_M1,Opponent6_D2,1H,35.70303899999999,High pass,48,41,59.0,92.0
6,Opponent6,Opponent6_D2,Opponent6_M1,1H,59.79896100000002,Simple pass,88,95,76.0,77.0
6,Huskies,Huskies_M6,Huskies_M1,1H,66.773483,Head pass,25,5,37.0,14.0
6,Huskies,Huskies_M1,Huskies_D4,1H,70.38550900000001,Simple pass,32,8,25.0,23.0
6,Opponent6,Opponent6_D3,Opponent6_M2,1H,75.20732700000002,Head pass,40,82,67.0,59.0
6,Opponent6,Opponent6_M2,Opponent6_D1,1H,79.86396200000001,Simple pass,59,58,48.0,11.0
6,Opponent6,Opponent6_D4,Opponent6_M3,1H,93.85634499999998,Simple pass,55,31,64.0,25.0
6,Opponent6,Opponent6_M3,Opponent6_D3,1H,94.646654,Simple pass,64,25,34.0,58.0
6,Opponent6,Opponent6_D3,Opponent6_D2,1H,97.95193,Simple pass,34,58,44.0,80.0
6,Huskies,Huskies_M1,Huskies_M6,1H,107.32234,Simple pass,35,31,37.0,29.0
6,Huskies,Huskies_M6,Huskies_D4,1H,108.07894,Simple pass,37,29,30.0,9.0
6,Opponent6,Opponent6_M1,Opponent6_F2,1H,112.20265999999998,Simple pass,62,76,72.0,61.0
6,Opponent6,Opponent6_F2,Opponent6_M2,1H,114.02406100000002,Simple pass,72,61,72.0,27.0
6,Opponent6,Opponent6_M2,Opponent6_D1,1H,116.61080099999998,Simple pass,72,27,67.0,6.0
6,Opponent6,Opponent6_D1,Opponent6_F1,1H,118.936392,Simple pass,67,6,79.0,14.0
6,Opponent6,Opponent6_F1,Opponent6_D1,1H,122.553221,Simple pass,79,14,93.0,12.0
6,Huskies,Huskies_M6,Huskies_F1,1H,127.57554499999998,Launch,24,50,40.0,39.0
6,Opponent6,Opponent6_M3,Opponent6_D1,1H,167.85652199999998,Simple pass,64,27,70.0,3.0
6,Opponent6,Opponent6_D1,Opponent6_M3,1H,172.710235,Simple pass,70,3,60.0,16.0
6,Opponent6,Opponent6_M3,Opponent6_M1,1H,174.528613,Simple pass,60,16,64.0,38.0
6,Opponent6,Opponent6_M3,Opponent6_F1,1H,200.215304,High pass,64,16,87.0,46.0
6,Huskies,Huskies_D2,Huskies_D6,1H,216.344213,Simple pass,22,36,27.0,90.0
6,Huskies,Huskies_D6,Huskies_F1,1H,218.55487900000003,High pass,27,90,88.0,98.0
6,Huskies,Huskies_M1,Huskies_D5,1H,248.863572,Simple pass,88,90,87.0,97.0
6,Huskies,Huskies_D5,Huskies_M3,1H,249.89281700000004,Simple pass,87,97,69.0,92.0
6,Huskies,Huskies_M3,Huskies_M1,1H,254.604928,Simple pass,72,93,70.0,84.0
6,Huskies,Huskies_M1,Huskies_F2,1H,255.64948000000004,Simple pass,70,84,70.0,72.0
6,Huskies,Huskies_F2,Huskies_M6,1H,257.301663,Simple pass,70,72,75.0,73.0
6,Huskies,Huskies_M6,Huskies_D5,1H,259.51708699999995,Simple pass,75,73,81.0,99.0
6,Huskies,Huskies_D5,Huskies_F2,1H,319.770178,Simple pass,69,49,70.0,42.0
6,Huskies,Huskies_F2,Huskies_D6,1H,321.387941,Simple pass,70,42,51.0,54.0
6,Huskies,Huskies_M6,Huskies_M3,1H,329.49925,Simple pass,81,10,67.0,8.0
6,Huskies,Huskies_M3,Huskies_M1,1H,331.82320400000003,Simple pass,67,8,67.0,40.0
6,Huskies,Huskies_M1,Huskies_D6,1H,334.02880700000003,Simple pass,67,40,62.0,75.0
6,Huskies,Huskies_D6,Huskies_M1,1H,337.95751,Simple pass,62,75,66.0,61.0
6,Huskies,Huskies_M1,Huskies_F2,1H,339.857748,Simple pass,66,61,76.0,61.0
6,Huskies,Huskies_F2,Huskies_M2,1H,340.542632,Simple pass,76,61,77.0,42.0
6,Huskies,Huskies_M2,Huskies_M3,1H,342.861637,Simple pass,79,37,72.0,25.0
6,Huskies,Huskies_D4,Huskies_F1,1H,348.95428100000004,Cross,89,7,93.0,56.0
6,Opponent6,Opponent6_M1,Opponent6_M2,1H,393.111344,Head pass,33,14,42.0,3.0
6,Huskies,Huskies_M1,Huskies_D5,1H,401.48708,Simple pass,70,89,61.0,98.0
6,Huskies,Huskies_D5,Huskies_D6,1H,402.471909,Simple pass,61,98,38.0,88.0
6,Huskies,Huskies_D6,Huskies_D2,1H,404.67966,Simple pass,38,88,33.0,44.0
6,Huskies,Huskies_D2,Huskies_D4,1H,406.728481,Simple pass,33,44,46.0,8.0
6,Huskies,Huskies_D4,Huskies_M3,1H,409.315646,Simple pass,46,8,44.0,23.0
6,Huskies,Huskies_M3,Huskies_D4,1H,411.6175500000001,Simple pass,44,23,43.0,3.0
6,Huskies,Huskies_D4,Huskies_M2,1H,412.286517,Simple pass,43,3,61.0,25.0
6,Huskies,Huskies_M2,Huskies_M3,1H,413.763391,Simple pass,61,25,45.0,24.0
6,Huskies,Huskies_M3,Huskies_D5,1H,415.7062590000001,High pass,45,24,66.0,98.0
6,Huskies,Huskies_D5,Huskies_M1,1H,420.137642,Simple pass,66,98,72.0,79.0
6,Huskies,Huskies_M1,Huskies_F2,1H,423.489422,Simple pass,72,79,75.0,63.0
6,Huskies,Huskies_F2,Huskies_D5,1H,424.313864,Simple pass,75,63,91.0,95.0
6,Huskies,Huskies_D2,Huskies_G1,1H,447.303012,Simple pass,17,84,7.0,53.0
6,Huskies,Huskies_M6,Huskies_M2,1H,458.17338400000006,Simple pass,75,50,75.0,38.0
6,Huskies,Huskies_M2,Huskies_D4,1H,459.003291,Simple pass,75,38,90.0,13.0
6,Opponent6,Opponent6_D3,Opponent6_M3,1H,462.112388,Simple pass,7,56,12.0,55.0
6,Opponent6,Opponent6_M3,Opponent6_M4,1H,464.275339,Simple pass,12,55,22.0,68.0
6,Opponent6,Opponent6_M4,Opponent6_F2,1H,469.247961,Simple pass,47,73,69.0,71.0
6,Opponent6,Opponent6_F2,Opponent6_F1,1H,473.912021,Smart pass,69,71,90.0,54.0
6,Opponent6,Opponent6_D4,Opponent6_D3,1H,481.43405,Head pass,43,50,49.0,69.0
6,Opponent6,Opponent6_D3,Opponent6_M3,1H,483.8271600000001,Simple pass,49,69,68.0,60.0
6,Opponent6,Opponent6_M3,Opponent6_D3,1H,484.594733,Simple pass,68,60,48.0,73.0
6,Opponent6,Opponent6_D3,Opponent6_D2,1H,486.708407,Simple pass,48,73,63.0,77.0
6,Opponent6,Opponent6_D2,Opponent6_D3,1H,491.220992,Simple pass,63,77,47.0,92.0
6,Huskies,Huskies_D2,Huskies_D6,1H,522.654827,Simple pass,29,23,29.0,79.0
6,Huskies,Huskies_D6,Huskies_M3,1H,527.353658,Simple pass,29,79,32.0,53.0
6,Huskies,Huskies_M3,Huskies_M1,1H,529.81348,Simple pass,32,53,36.0,76.0
6,Huskies,Huskies_M1,Huskies_D6,1H,531.111479,Simple pass,36,76,27.0,77.0
6,Huskies,Huskies_D6,Huskies_M3,1H,533.531571,Simple pass,27,77,30.0,53.0
6,Huskies,Huskies_M1,Huskies_M6,1H,554.370403,Simple pass,68,10,72.0,20.0
6,Huskies,Huskies_M6,Huskies_D4,1H,558.097657,Simple pass,77,14,71.0,5.0
6,Huskies,Huskies_D4,Huskies_M2,1H,559.746629,Simple pass,71,5,68.0,18.0
6,Huskies,Huskies_M2,Huskies_M6,1H,561.371392,Simple pass,68,18,74.0,16.0
6,Huskies,Huskies_M6,Huskies_M1,1H,562.270336,Simple pass,74,16,67.0,32.0
6,Huskies,Huskies_M1,Huskies_F1,1H,564.518595,Simple pass,67,32,78.0,44.0
6,Opponent6,Opponent6_D4,Opponent6_M2,1H,621.248933,Head pass,35,8,46.0,5.0
6,Opponent6,Opponent6_M2,Opponent6_D1,1H,622.767309,Head pass,46,5,34.0,5.0
6,Opponent6,Opponent6_D1,Opponent6_F1,1H,623.933527,High pass,34,5,62.0,21.0
6,Huskies,Huskies_F2,Huskies_F1,1H,634.835815,Simple pass,71,87,74.0,87.0
6,Huskies,Huskies_M2,Huskies_D6,1H,725.183432,Head pass,75,71,90.0,51.0
6,Huskies,Huskies_D6,Huskies_F1,1H,728.298659,Head pass,90,51,87.0,63.0
6,Huskies,Huskies_F1,Huskies_D2,1H,729.697339,Simple pass,87,63,86.0,46.0
6,Huskies,Huskies_M1,Huskies_F2,1H,757.89102,Simple pass,29,60,42.0,72.0
6,Opponent6,Opponent6_M1,Opponent6_M3,1H,763.558949,Simple pass,50,39,47.0,48.0
6,Huskies,Huskies_M2,Huskies_M1,1H,769.976762,Simple pass,43,58,38.0,68.0
6,Huskies,Huskies_M1,Huskies_D2,1H,770.905467,Simple pass,38,68,35.0,24.0
6,Huskies,Huskies_D2,Huskies_M3,1H,776.624589,Simple pass,35,24,32.0,53.0
6,Huskies,Huskies_M3,Huskies_M1,1H,778.904968,Simple pass,32,53,46.0,52.0
6,Huskies,Huskies_M1,Huskies_M3,1H,779.5752500000001,Simple pass,46,52,38.0,58.0
6,Opponent6,Opponent6_D2,Opponent6_M3,1H,793.5810819999999,Simple pass,24,86,28.0,90.0
6,Huskies,Huskies_D4,Huskies_D2,1H,825.1539909999999,Simple pass,45,6,30.0,27.0
6,Huskies,Huskies_D2,Huskies_D6,1H,827.2987029999999,Simple pass,30,27,29.0,82.0
6,Huskies,Huskies_D6,Huskies_G1,1H,831.6061500000001,Simple pass,29,82,9.0,34.0
6,Huskies,Huskies_G1,Huskies_M3,1H,837.2276360000001,Simple pass,9,34,30.0,49.0
6,Huskies,Huskies_M3,Huskies_D2,1H,843.336822,Simple pass,30,49,36.0,20.0
6,Huskies,Huskies_D2,Huskies_D6,1H,847.861062,Simple pass,36,20,34.0,82.0
6,Huskies,Huskies_D6,Huskies_D5,1H,850.6652180000001,Simple pass,34,82,32.0,97.0
6,Huskies,Huskies_D5,Huskies_D6,1H,855.4270260000001,Simple pass,32,97,25.0,95.0
6,Huskies,Huskies_D6,Huskies_F2,1H,856.2610460000001,High pass,25,95,67.0,89.0
6,Opponent6,Opponent6_D3,Opponent6_G1,1H,861.434381,Simple pass,28,33,5.0,31.0
6,Huskies,Huskies_M3,Huskies_M1,1H,868.3559339999999,Head pass,52,51,56.0,72.0
6,Huskies,Huskies_M1,Huskies_F2,1H,872.7317009999999,Simple pass,56,72,65.0,74.0
6,Huskies,Huskies_F2,Huskies_M2,1H,873.15489,Simple pass,65,74,68.0,64.0
6,Huskies,Huskies_M2,Huskies_D5,1H,873.8087390000001,Smart pass,68,64,98.0,95.0
6,Opponent6,Opponent6_D4,Opponent6_M2,1H,878.8722170000001,Head pass,6,33,19.0,27.0
6,Opponent6,Opponent6_D4,Opponent6_M2,1H,925.304867,Simple pass,35,12,53.0,17.0
6,Opponent6,Opponent6_M2,Opponent6_D1,1H,926.857621,Simple pass,53,17,58.0,4.0
6,Huskies,Huskies_D2,Huskies_D5,1H,931.188922,Simple pass,24,74,34.0,96.0
6,Huskies,Huskies_D5,Huskies_F2,1H,934.939763,Simple pass,34,96,34.0,86.0
6,Huskies,Huskies_F2,Huskies_F2,1H,935.221026,Simple pass,34,86,38.0,86.0
6,Huskies,Huskies_F2,Huskies_M1,1H,935.604318,Simple pass,38,86,37.0,64.0
6,Huskies,Huskies_M1,Huskies_D4,1H,938.003013,Simple pass,37,64,31.0,24.0
6,Huskies,Huskies_D4,Huskies_G1,1H,941.029406,Simple pass,31,24,7.0,43.0
6,Opponent6,Opponent6_F1,Opponent6_M2,1H,954.039785,Simple pass,83,8,80.0,24.0
6,Huskies,Huskies_M3,Huskies_D6,1H,979.221307,Simple pass,35,36,33.0,93.0
6,Huskies,Huskies_D6,Huskies_F1,1H,984.466762,High pass,33,93,95.0,89.0
6,Opponent6,Opponent6_F2,Opponent6_M3,1H,1034.62643,Simple pass,69,17,64.0,27.0
6,Opponent6,Opponent6_M3,Opponent6_F2,1H,1035.573406,Simple pass,64,27,67.0,12.0
6,Huskies,Huskies_M3,Huskies_M1,1H,1044.638322,Simple pass,14,75,20.0,83.0
6,Opponent6,Opponent6_M3,Opponent6_G1,1H,1055.57341,Simple pass,65,29,17.0,63.0
6,Opponent6,Opponent6_G1,Opponent6_D3,1H,1060.331471,Simple pass,17,63,29.0,67.0
6,Opponent6,Opponent6_D3,Opponent6_M1,1H,1064.531152,Simple pass,29,67,31.0,51.0
6,Opponent6,Opponent6_M1,Opponent6_G1,1H,1065.516661,Simple pass,31,51,12.0,67.0
6,Opponent6,Opponent6_M1,Opponent6_D4,1H,1080.460749,Head pass,30,35,26.0,24.0
6,Opponent6,Opponent6_D4,Opponent6_G1,1H,1081.710364,Simple pass,26,24,4.0,29.0
6,Opponent6,Opponent6_G1,Opponent6_F2,1H,1085.682156,Launch,4,29,56.0,22.0
6,Huskies,Huskies_M1,Huskies_M3,1H,1090.152411,Simple pass,56,78,55.0,63.0
6,Huskies,Huskies_M3,Huskies_M6,1H,1091.700231,Simple pass,55,63,64.0,61.0
6,Opponent6,Opponent6_D3,Opponent6_M4,1H,1095.443554,Simple pass,21,54,36.0,61.0
6,Opponent6,Opponent6_M4,Opponent6_F1,1H,1099.854282,Simple pass,36,61,44.0,61.0
6,Opponent6,Opponent6_F1,Opponent6_M3,1H,1101.58654,Simple pass,44,61,32.0,59.0
6,Opponent6,Opponent6_M3,Opponent6_M1,1H,1102.31725,Simple pass,32,59,36.0,34.0
6,Opponent6,Opponent6_M1,Opponent6_D1,1H,1104.958139,Simple pass,36,34,36.0,12.0
6,Opponent6,Opponent6_D1,Opponent6_M2,1H,1108.429868,Simple pass,62,11,69.0,1.0
6,Opponent6,Opponent6_M2,Opponent6_M1,1H,1111.064745,Simple pass,69,1,53.0,12.0
6,Opponent6,Opponent6_M1,Opponent6_M3,1H,1113.21398,Simple pass,53,12,53.0,27.0
6,Opponent6,Opponent6_M3,Opponent6_D4,1H,1115.081811,Simple pass,53,27,37.0,24.0
6,Opponent6,Opponent6_D4,Opponent6_D3,1H,1116.512115,Simple pass,37,24,35.0,54.0
6,Opponent6,Opponent6_D3,Opponent6_D2,1H,1120.098883,Simple pass,35,54,61.0,76.0
6,Opponent6,Opponent6_D2,Opponent6_M3,1H,1123.572541,Simple pass,61,76,54.0,69.0
6,Opponent6,Opponent6_M3,Opponent6_D2,1H,1126.116663,Simple pass,54,69,69.0,66.0
6,Opponent6,Opponent6_D1,Opponent6_M2,1H,1138.842653,Simple pass,76,21,76.0,33.0
6,Opponent6,Opponent6_M2,Opponent6_M1,1H,1140.095066,Simple pass,76,33,71.0,18.0
6,Opponent6,Opponent6_D1,Opponent6_M2,1H,1148.003182,Simple pass,88,5,75.0,19.0
6,Huskies,Huskies_M2,Huskies_F1,1H,1157.060898,Simple pass,42,77,62.0,96.0
6,Huskies,Huskies_M6,Huskies_F1,1H,1163.740329,Simple pass,82,51,84.0,45.0
6,Huskies,Huskies_D5,Huskies_G1,1H,1179.052537,Simple pass,53,93,21.0,72.0
6,Huskies,Huskies_G1,Huskies_M3,1H,1182.953605,Simple pass,21,72,45.0,57.0
6,Huskies,Huskies_M3,Huskies_M6,1H,1186.897999,Simple pass,45,57,54.0,31.0
6,Huskies,Huskies_M6,Huskies_D2,1H,1188.373547,Simple pass,54,31,37.0,15.0
6,Huskies,Huskies_D2,Huskies_M3,1H,1194.053184,Simple pass,37,15,38.0,21.0
6,Huskies,Huskies_M3,Huskies_D2,1H,1197.592913,Simple pass,38,21,39.0,17.0
6,Huskies,Huskies_D2,Huskies_M3,1H,1203.784867,Simple pass,39,17,33.0,31.0
6,Huskies,Huskies_M3,Huskies_M1,1H,1205.299726,Simple pass,33,31,54.0,34.0
6,Huskies,Huskies_M1,Huskies_F2,1H,1208.665217,Simple pass,54,34,58.0,56.0
6,Huskies,Huskies_F2,Huskies_M3,1H,1213.060053,Simple pass,54,59,47.0,50.0
6,Huskies,Huskies_M3,Huskies_D2,1H,1214.848744,Simple pass,47,50,62.0,13.0
6,Huskies,Huskies_D2,Huskies_M1,1H,1220.446179,Simple pass,62,13,55.0,25.0
6,Huskies,Huskies_M1,Huskies_M3,1H,1221.888029,Simple pass,55,25,47.0,50.0
6,Huskies,Huskies_M3,Huskies_D5,1H,1224.975458,High pass,47,50,72.0,95.0
6,Huskies,Huskies_D5,Huskies_M1,1H,1230.115804,Simple pass,72,95,68.0,82.0
6,Huskies,Huskies_M1,Huskies_D5,1H,1232.075366,Simple pass,68,82,92.0,93.0
6,Opponent6,Opponent6_M1,Opponent6_D1,1H,1235.577274,Simple pass,13,42,6.0,20.0
6,Opponent6,Opponent6_D1,Opponent6_M2,1H,1238.676785,Simple pass,6,20,25.0,3.0
6,Opponent6,Opponent6_M2,Opponent6_F1,1H,1240.521905,Simple pass,25,3,33.0,6.0
6,Opponent6,Opponent6_F1,Opponent6_M2,1H,1243.163321,Simple pass,31,6,36.0,5.0
6,Huskies,Huskies_D6,Huskies_F1,1H,1261.85185,High pass,7,88,62.0,94.0
6,Opponent6,Opponent6_D4,Opponent6_M1,1H,1267.790955,Head pass,35,11,28.0,53.0
6,Opponent6,Opponent6_M1,Opponent6_D1,1H,1282.335302,Simple pass,33,19,49.0,1.0
6,Opponent6,Opponent6_D1,Opponent6_M1,1H,1286.350054,Simple pass,46,5,39.0,13.0
6,Opponent6,Opponent6_M1,Opponent6_M3,1H,1288.022212,Simple pass,39,13,38.0,30.0
6,Opponent6,Opponent6_M3,Opponent6_D4,1H,1288.721474,Simple pass,38,30,32.0,22.0
6,Opponent6,Opponent6_D4,Opponent6_G1,1H,1292.848466,Simple pass,32,22,8.0,48.0
6,Opponent6,Opponent6_G1,Opponent6_D3,1H,1295.519584,Simple pass,8,48,18.0,72.0
6,Opponent6,Opponent6_D3,Opponent6_F2,1H,1301.827356,High pass,36,79,85.0,87.0
6,Opponent6,Opponent6_F2,Opponent6_D2,1H,1308.708357,Simple pass,85,87,74.0,74.0
6,Huskies,Huskies_F1,Huskies_M3,1H,1392.19707,Simple pass,64,75,55.0,52.0
6,Huskies,Huskies_M3,Huskies_M1,1H,1397.609171,Simple pass,55,52,61.0,72.0
6,Huskies,Huskies_M1,Huskies_F2,1H,1399.725082,Simple pass,61,72,67.0,73.0
6,Huskies,Huskies_F2,Huskies_M1,1H,1399.976082,Simple pass,67,73,67.0,68.0
6,Huskies,Huskies_M3,Huskies_D4,1H,1405.63968,Simple pass,71,45,80.0,9.0
6,Opponent6,Opponent6_M1,Opponent6_M4,1H,1409.311703,Simple pass,14,59,22.0,69.0
6,Huskies,Huskies_M1,Huskies_D4,1H,1413.000028,Simple pass,68,28,69.0,6.0
6,Huskies,Huskies_D4,Huskies_M1,1H,1416.424581,Simple pass,69,6,66.0,39.0
6,Huskies,Huskies_M1,Huskies_F2,1H,1418.910598,Simple pass,66,39,69.0,72.0
6,Huskies,Huskies_F2,Huskies_D5,1H,1422.102291,Simple pass,69,72,68.0,99.0
6,Huskies,Huskies_D5,Huskies_M1,1H,1424.405646,Simple pass,68,99,65.0,69.0
6,Huskies,Huskies_M1,Huskies_D6,1H,1426.016701,Simple pass,65,69,52.0,63.0
6,Huskies,Huskies_D6,Huskies_M3,1H,1427.920914,Simple pass,52,63,60.0,40.0
6,Huskies,Huskies_M3,Huskies_M1,1H,1431.246334,Simple pass,60,40,65.0,52.0
6,Huskies,Huskies_M1,Huskies_D4,1H,1434.829094,High pass,65,52,78.0,2.0
6,Huskies,Huskies_D4,Huskies_M1,1H,1438.775364,Simple pass,78,2,73.0,24.0
6,Huskies,Huskies_M1,Huskies_M6,1H,1440.867478,Simple pass,73,24,82.0,30.0
6,Huskies,Huskies_M6,Huskies_M1,1H,1442.412476,Simple pass,82,30,78.0,43.0
6,Huskies,Huskies_M1,Huskies_D4,1H,1445.72563,Simple pass,79,36,86.0,4.0
6,Huskies,Huskies_M3,Huskies_F2,1H,1457.647387,Simple pass,70,57,74.0,72.0
6,Huskies,Huskies_F2,Huskies_M1,1H,1458.314776,Simple pass,74,72,71.0,51.0
6,Huskies,Huskies_M1,Huskies_F2,1H,1461.051708,Simple pass,71,51,71.0,69.0
6,Huskies,Huskies_F2,Huskies_M3,1H,1464.169277,Simple pass,71,69,62.0,64.0
6,Huskies,Huskies_M3,Huskies_D2,1H,1466.207711,Simple pass,62,64,58.0,26.0
6,Huskies,Huskies_D2,Huskies_D6,1H,1469.272059,Simple pass,58,26,47.0,58.0
6,Huskies,Huskies_D6,Huskies_M3,1H,1475.096102,Simple pass,47,58,66.0,64.0
6,Opponent6,Opponent6_D2,Opponent6_D1,1H,1482.03626,Simple pass,28,34,20.0,25.0
6,Opponent6,Opponent6_D1,Opponent6_M1,1H,1482.990035,Simple pass,20,25,34.0,34.0
6,Opponent6,Opponent6_M1,Opponent6_M2,1H,1486.902559,Simple pass,34,34,56.0,50.0
6,Opponent6,Opponent6_M4,Opponent6_M3,1H,1493.019732,Simple pass,48,90,49.0,69.0
6,Opponent6,Opponent6_M3,Opponent6_D3,1H,1493.799543,Simple pass,49,69,26.0,76.0
6,Opponent6,Opponent6_D3,Opponent6_M1,1H,1496.780396,Simple pass,26,76,47.0,39.0
6,Opponent6,Opponent6_M1,Opponent6_D1,1H,1501.671477,Simple pass,47,39,52.0,2.0
6,Opponent6,Opponent6_D4,Opponent6_M1,1H,1517.838551,Simple pass,38,25,46.0,9.0
6,Opponent6,Opponent6_M1,Opponent6_D3,1H,1520.912114,Simple pass,46,9,26.0,54.0
6,Opponent6,Opponent6_D3,Opponent6_M3,1H,1523.328479,Simple pass,26,54,37.0,55.0
6,Opponent6,Opponent6_M3,Opponent6_D2,1H,1526.22437,Simple pass,37,55,68.0,92.0
6,Opponent6,Opponent6_M4,Opponent6_D3,1H,1533.013502,Simple pass,55,79,38.0,80.0
6,Opponent6,Opponent6_D3,Opponent6_D1,1H,1537.241417,High pass,38,80,59.0,6.0
6,Opponent6,Opponent6_D1,Opponent6_M2,1H,1544.022448,Simple pass,78,2,70.0,16.0
6,Opponent6,Opponent6_M2,Opponent6_M1,1H,1546.000122,Simple pass,69,22,59.0,27.0
6,Opponent6,Opponent6_M1,Opponent6_D1,1H,1547.088174,Simple pass,59,27,77.0,5.0
6,Opponent6,Opponent6_D1,Opponent6_M2,1H,1551.178806,Simple pass,77,5,72.0,25.0
6,Opponent6,Opponent6_M2,Opponent6_M1,1H,1552.300221,Simple pass,72,25,64.0,9.0
6,Opponent6,Opponent6_M1,Opponent6_M2,1H,1553.258275,Simple pass,64,9,65.0,27.0
6,Opponent6,Opponent6_M2,Opponent6_M3,1H,1555.651145,Simple pass,65,27,66.0,50.0
6,Huskies,Huskies_M3,Huskies_M6,1H,1564.049816,Simple pass,27,46,27.0,38.0
6,Huskies,Huskies_M6,Huskies_M2,1H,1564.488587,Simple pass,27,38,30.0,40.0
6,Huskies,Huskies_M2,Huskies_M1,1H,1565.114069,Simple pass,30,40,30.0,54.0
6,Huskies,Huskies_M1,Huskies_D2,1H,1566.085902,Simple pass,30,54,19.0,36.0
6,Huskies,Huskies_D2,Huskies_D4,1H,1568.029702,Simple pass,19,36,29.0,2.0
6,Opponent6,Opponent6_D4,Opponent6_D2,1H,1574.964247,High pass,27,55,41.0,85.0
6,Huskies,Huskies_M3,Huskies_D2,1H,1604.353985,Simple pass,44,33,38.0,18.0
6,Huskies,Huskies_D2,Huskies_D6,1H,1605.901499,Simple pass,38,18,36.0,82.0
6,Huskies,Huskies_D6,Huskies_G1,1H,1610.409292,Simple pass,36,82,19.0,61.0
6,Huskies,Huskies_G1,Huskies_M3,1H,1614.421254,Simple pass,19,61,34.0,56.0
6,Huskies,Huskies_M3,Huskies_G1,1H,1615.806646,Simple pass,34,56,15.0,51.0
6,Huskies,Huskies_G1,Huskies_D5,1H,1618.324599,High pass,15,51,35.0,99.0
6,Huskies,Huskies_D6,Huskies_D2,1H,1629.640935,Simple pass,21,75,19.0,72.0
6,Opponent6,Opponent6_M3,Opponent6_F2,1H,1632.538294,Simple pass,71,32,77.0,40.0
6,Opponent6,Opponent6_M2,Opponent6_M1,1H,1673.937339,Simple pass,26,5,26.0,19.0
6,Opponent6,Opponent6_M1,Opponent6_M2,1H,1680.685879,Simple pass,47,9,49.0,6.0
6,Opponent6,Opponent6_M1,Opponent6_D2,1H,1700.391264,Simple pass,61,63,69.0,81.0
6,Opponent6,Opponent6_D2,Opponent6_M3,1H,1706.132624,Simple pass,69,81,67.0,55.0
6,Opponent6,Opponent6_M3,Opponent6_M4,1H,1709.590063,Simple pass,67,55,69.0,93.0
6,Huskies,Huskies_M6,Huskies_F1,1H,1713.790064,Simple pass,36,26,59.0,33.0
6,Huskies,Huskies_F1,Huskies_F2,1H,1720.25339,Simple pass,59,38,55.0,41.0
6,Huskies,Huskies_F2,Huskies_M3,1H,1722.665159,Simple pass,57,36,45.0,35.0
6,Huskies,Huskies_M3,Huskies_M1,1H,1724.229883,Simple pass,45,35,55.0,36.0
6,Huskies,Huskies_M1,Huskies_F2,1H,1726.759051,Simple pass,55,36,61.0,23.0
6,Huskies,Huskies_F2,Huskies_M1,1H,1728.902645,Simple pass,61,23,51.0,25.0
6,Huskies,Huskies_M1,Huskies_D5,1H,1731.062795,High pass,51,25,87.0,99.0
6,Huskies,Huskies_D5,Huskies_M2,1H,1737.303208,Simple pass,87,99,73.0,87.0
6,Huskies,Huskies_M2,Huskies_M3,1H,1741.228285,Simple pass,73,87,67.0,91.0
6,Huskies,Huskies_M3,Huskies_D2,1H,1746.785098,Simple pass,68,84,57.0,41.0
6,Huskies,Huskies_D2,Huskies_D4,1H,1749.182884,Simple pass,57,41,63.0,2.0
6,Huskies,Huskies_D4,Huskies_D2,1H,1752.860707,Simple pass,63,2,54.0,26.0
6,Huskies,Huskies_D2,Huskies_D6,1H,1757.949733,Simple pass,54,26,41.0,51.0
6,Huskies,Huskies_D6,Huskies_G1,1H,1760.932226,Simple pass,41,51,15.0,31.0
6,Opponent6,Opponent6_G1,Opponent6_D2,1H,1784.2734300000002,Hand pass,9,46,32.0,86.0
6,Opponent6,Opponent6_D2,Opponent6_M3,1H,1790.134036,Simple pass,32,86,35.0,55.0
6,Opponent6,Opponent6_M3,Opponent6_M1,1H,1793.189976,Simple pass,35,55,31.0,34.0
6,Opponent6,Opponent6_M1,Opponent6_D3,1H,1794.6647870000002,Simple pass,31,34,28.0,75.0
6,Opponent6,Opponent6_D3,Opponent6_M4,1H,1799.07796,Simple pass,28,75,45.0,74.0
6,Opponent6,Opponent6_M4,Opponent6_D3,1H,1799.915646,Simple pass,45,74,33.0,74.0
6,Opponent6,Opponent6_D3,Opponent6_M1,1H,1801.927565,Simple pass,33,74,27.0,58.0
6,Opponent6,Opponent6_M1,Opponent6_D4,1H,1805.459418,Simple pass,27,58,25.0,20.0
6,Opponent6,Opponent6_D4,Opponent6_G1,1H,1808.50461,Simple pass,25,20,8.0,41.0
6,Opponent6,Opponent6_G1,Opponent6_D3,1H,1812.481517,Simple pass,8,41,16.0,77.0
6,Opponent6,Opponent6_D3,Opponent6_M1,1H,1815.513742,Simple pass,16,77,24.0,61.0
6,Opponent6,Opponent6_M1,Opponent6_M3,1H,1817.145176,Simple pass,24,61,29.0,72.0
6,Opponent6,Opponent6_M3,Opponent6_D3,1H,1818.323695,Simple pass,29,72,26.0,74.0
6,Opponent6,Opponent6_D3,Opponent6_D1,1H,1822.579764,High pass,26,74,46.0,10.0
6,Opponent6,Opponent6_D1,Opponent6_M2,1H,1828.300561,Simple pass,46,10,47.0,7.0
6,Opponent6,Opponent6_M2,Opponent6_D4,1H,1831.559777,Simple pass,47,7,32.0,20.0
6,Opponent6,Opponent6_D4,Opponent6_D3,1H,1834.546692,Simple pass,32,20,35.0,74.0
6,Opponent6,Opponent6_M3,Opponent6_D3,1H,1863.44175,Head pass,59,92,33.0,89.0
6,Opponent6,Opponent6_D3,Opponent6_G1,1H,1866.705548,Simple pass,33,89,14.0,61.0
6,Opponent6,Opponent6_G1,Opponent6_D4,1H,1871.039885,Simple pass,14,61,26.0,31.0
6,Opponent6,Opponent6_D4,Opponent6_M1,1H,1876.134201,Simple pass,26,31,33.0,40.0
6,Opponent6,Opponent6_M1,Opponent6_D4,1H,1878.623068,Simple pass,33,40,26.0,30.0
6,Opponent6,Opponent6_D4,Opponent6_M2,1H,1917.170865,Simple pass,34,12,62.0,18.0
6,Opponent6,Opponent6_M2,Opponent6_D1,1H,1918.143411,Simple pass,62,18,64.0,3.0
6,Huskies,Huskies_D4,Huskies_G1,1H,1923.532284,Simple pass,22,36,4.0,44.0
6,Huskies,Huskies_F1,Huskies_F2,1H,1930.166637,Simple pass,66,67,63.0,69.0
6,Huskies,Huskies_D5,Huskies_F2,1H,1934.448971,Simple pass,42,91,62.0,97.0
6,Huskies,Huskies_F2,Huskies_M3,1H,1939.198288,Simple pass,62,97,59.0,77.0
6,Huskies,Huskies_M3,Huskies_D5,1H,1944.746797,Simple pass,68,80,75.0,97.0
6,Huskies,Huskies_D5,Huskies_F1,1H,1947.244449,Cross,75,97,87.0,54.0
6,Opponent6,Opponent6_D4,Opponent6_M4,1H,1950.880396,Head pass,8,49,21.0,71.0
6,Opponent6,Opponent6_D3,Opponent6_D2,1H,1963.225789,Simple pass,8,84,11.0,94.0
6,Opponent6,Opponent6_D2,Opponent6_F2,1H,1965.037355,High pass,11,94,35.0,71.0
6,Huskies,Huskies_M3,Huskies_M1,1H,1992.272055,Simple pass,41,37,54.0,13.0
6,Huskies,Huskies_M1,Huskies_M6,1H,1993.935243,Simple pass,54,13,64.0,18.0
6,Huskies,Huskies_M6,Huskies_M1,1H,1994.350946,Simple pass,64,18,53.0,8.0
6,Huskies,Huskies_M1,Huskies_D2,1H,1996.790628,Simple pass,53,8,36.0,33.0
6,Huskies,Huskies_D2,Huskies_M1,1H,2003.955127,Simple pass,36,33,37.0,31.0
6,Huskies,Huskies_M1,Huskies_M6,1H,2006.436554,Simple pass,37,31,58.0,52.0
6,Huskies,Huskies_F2,Huskies_D5,1H,2009.56277,Simple pass,68,74,100.0,94.0
6,Huskies,Huskies_D5,Huskies_F2,1H,2013.09627,Cross,100,94,91.0,50.0
6,Opponent6,Opponent6_M3,Opponent6_D4,1H,2144.558025,Simple pass,36,62,47.0,15.0
6,Huskies,Huskies_M1,Huskies_M3,1H,2151.115311,Simple pass,31,55,34.0,63.0
6,Huskies,Huskies_M3,Huskies_M2,1H,2152.94228,Simple pass,34,63,34.0,82.0
6,Huskies,Huskies_M1,Huskies_D4,1H,2186.320768,Simple pass,66,53,69.0,43.0
6,Huskies,Huskies_D4,Huskies_M2,1H,2189.882142,Simple pass,69,43,70.0,76.0
6,Huskies,Huskies_M2,Huskies_M6,1H,2191.107951,Simple pass,70,76,77.0,71.0
6,Opponent6,Opponent6_D4,Opponent6_M1,1H,2286.604191,Simple pass,39,18,38.0,28.0
6,Opponent6,Opponent6_M1,Opponent6_D2,1H,2288.925941,High pass,38,28,63.0,84.0
6,Opponent6,Opponent6_D2,Opponent6_D3,1H,2294.647491,Simple pass,63,84,27.0,71.0
6,Opponent6,Opponent6_D3,Opponent6_D4,1H,2297.643123,Simple pass,27,71,37.0,33.0
6,Opponent6,Opponent6_D4,Opponent6_M1,1H,2301.044532,Simple pass,37,33,46.0,46.0
6,Opponent6,Opponent6_M1,Opponent6_M4,1H,2303.39481,Simple pass,46,46,66.0,68.0
6,Opponent6,Opponent6_M4,Opponent6_M3,1H,2304.442202,Simple pass,66,68,66.0,61.0
6,Opponent6,Opponent6_M3,Opponent6_F2,1H,2309.327798,Simple pass,66,61,72.0,47.0
6,Opponent6,Opponent6_F2,Opponent6_M4,1H,2310.927299,Simple pass,72,47,58.0,72.0
6,Opponent6,Opponent6_M4,Opponent6_M3,1H,2314.565316,Simple pass,78,66,79.0,57.0
6,Opponent6,Opponent6_M3,Opponent6_F2,1H,2314.806146,Simple pass,79,57,97.0,95.0
6,Opponent6,Opponent6_F2,Opponent6_D2,1H,2321.101812,Simple pass,97,95,77.0,85.0
6,Opponent6,Opponent6_D2,Opponent6_M4,1H,2323.410534,Simple pass,77,85,80.0,77.0
6,Opponent6,Opponent6_M4,Opponent6_F2,1H,2324.408015,Smart pass,80,77,87.0,70.0
6,Opponent6,Opponent6_F2,Opponent6_M2,1H,2327.89852,Cross,89,69,93.0,25.0
6,Huskies,Huskies_M2,Huskies_F2,1H,2334.357906,Simple pass,14,98,40.0,99.0
6,Opponent6,Opponent6_D3,Opponent6_D2,1H,2341.729075,Simple pass,33,44,37.0,72.0
6,Opponent6,Opponent6_D2,Opponent6_M3,1H,2344.006701,Simple pass,37,72,47.0,62.0
6,Opponent6,Opponent6_M3,Opponent6_D2,1H,2345.894006,Simple pass,47,62,33.0,75.0
6,Opponent6,Opponent6_D2,Opponent6_M1,1H,2347.242449,Simple pass,33,75,47.0,54.0
6,Huskies,Huskies_M1,Huskies_D5,1H,2376.129401,Simple pass,61,86,62.0,98.0
6,Huskies,Huskies_D5,Huskies_D6,1H,2376.8589,Simple pass,62,98,41.0,85.0
6,Huskies,Huskies_D6,Huskies_M3,1H,2378.993044,Simple pass,41,85,58.0,70.0
6,Huskies,Huskies_M3,Huskies_M1,1H,2379.964352,Simple pass,58,70,60.0,86.0
6,Huskies,Huskies_M1,Huskies_M2,1H,2381.65282,Simple pass,60,86,67.0,64.0
6,Huskies,Huskies_M2,Huskies_F1,1H,2383.59908,Simple pass,67,64,79.0,72.0
6,Opponent6,Opponent6_M1,Opponent6_D1,1H,2386.234798,Simple pass,28,36,16.0,26.0
6,Opponent6,Opponent6_D1,Opponent6_M2,1H,2387.136099,Simple pass,16,26,31.0,15.0
6,Huskies,Huskies_M1,Huskies_M6,1H,2393.947825,Smart pass,72,76,90.0,75.0
6,Huskies,Huskies_G1,Huskies_D2,1H,2429.752863,Simple pass,27,53,37.0,47.0
6,Huskies,Huskies_D2,Huskies_M3,1H,2432.66117,Simple pass,37,47,43.0,27.0
6,Huskies,Huskies_M3,Huskies_D5,1H,2436.751095,High pass,43,27,98.0,98.0
6,Huskies,Huskies_M1,Huskies_M3,1H,2461.457136,Simple pass,69,99,55.0,52.0
6,Huskies,Huskies_M3,Huskies_D2,1H,2464.766129,Simple pass,55,52,45.0,25.0
6,Huskies,Huskies_D2,Huskies_M3,1H,2467.568628,Simple pass,45,25,46.0,45.0
6,Huskies,Huskies_M3,Huskies_F1,1H,2470.224137,High pass,46,45,73.0,50.0
6,Opponent6,Opponent6_G1,Opponent6_D3,1H,2475.572605,Hand pass,9,47,25.0,71.0
6,Opponent6,Opponent6_D2,Opponent6_F1,1H,2488.694543,Simple pass,76,66,92.0,65.0
6,Opponent6,Opponent6_F1,Opponent6_M2,1H,2492.143399,Cross,97,75,98.0,39.0
6,Huskies,Huskies_D2,Huskies_M1,1H,2530.344041,Head pass,6,51,15.0,53.0
6,Opponent6,Opponent6_D1,Opponent6_M1,1H,2591.695775,Simple pass,69,3,54.0,26.0
6,Opponent6,Opponent6_M1,Opponent6_D3,1H,2593.899366,Simple pass,54,26,46.0,64.0
6,Opponent6,Opponent6_D3,Opponent6_D2,1H,2597.159509,Simple pass,46,64,70.0,89.0
6,Opponent6,Opponent6_D2,Opponent6_M3,1H,2599.826035,Simple pass,70,89,61.0,72.0
6,Opponent6,Opponent6_M3,Opponent6_D3,1H,2604.084255,Simple pass,61,72,32.0,77.0
6,Opponent6,Opponent6_D3,Opponent6_G1,1H,2606.765656,Simple pass,32,77,13.0,54.0
6,Opponent6,Opponent6_G1,Opponent6_D3,1H,2611.316109,Simple pass,13,54,33.0,67.0
6,Opponent6,Opponent6_D3,Opponent6_D4,1H,2614.660846,Simple pass,33,67,30.0,23.0
6,Huskies,Huskies_D6,Huskies_M2,1H,2623.603955,Simple pass,14,78,25.0,89.0
6,Huskies,Huskies_M3,Huskies_M1,1H,2631.421854,Simple pass,32,67,38.0,69.0
6,Huskies,Huskies_M1,Huskies_M2,1H,2632.377495,Simple pass,38,69,33.0,93.0
6,Opponent6,Opponent6_M3,Opponent6_M4,1H,2637.439758,Simple pass,55,28,68.0,35.0
6,Opponent6,Opponent6_M4,Opponent6_F2,1H,2640.421014,Smart pass,68,35,89.0,28.0
6,Opponent6,Opponent6_M4,Opponent6_M2,1H,2683.663386,Cross,97,83,90.0,10.0
6,Opponent6,Opponent6_M2,Opponent6_D1,1H,2688.041226,Simple pass,90,10,75.0,4.0
6,Opponent6,Opponent6_D1,Opponent6_M1,1H,2693.944947,Simple pass,75,4,62.0,18.0
6,Opponent6,Opponent6_M1,Opponent6_D2,1H,2696.780082,Simple pass,62,18,46.0,44.0
6,Opponent6,Opponent6_D2,Opponent6_D3,1H,2698.743508,Simple pass,46,44,60.0,70.0
6,Opponent6,Opponent6_D3,Opponent6_M4,1H,2701.572104,Simple pass,60,70,80.0,91.0
6,Opponent6,Opponent6_D1,Opponent6_M2,1H,2744.246388,Simple pass,82,14,78.0,8.0
6,Huskies,Huskies_M2,Huskies_D2,2H,3601.677766,Simple pass,50,49,30.0,29.0
6,Huskies,Huskies_M1,Huskies_D5,2H,3624.586048,Simple pass,91,88,79.0,93.0
6,Huskies,Huskies_D5,Huskies_M3,2H,3627.40125,Simple pass,79,93,56.0,49.0
6,Huskies,Huskies_M3,Huskies_D2,2H,3631.320329,Simple pass,56,49,59.0,27.0
6,Huskies,Huskies_D2,Huskies_M3,2H,3634.278148,Simple pass,59,27,45.0,49.0
6,Huskies,Huskies_M3,Huskies_M1,2H,3636.343284,Simple pass,45,49,59.0,58.0
6,Huskies,Huskies_M1,Huskies_M3,2H,3637.654226,Simple pass,59,58,53.0,48.0
6,Huskies,Huskies_M3,Huskies_D2,2H,3642.05615,Simple pass,53,48,43.0,31.0
6,Huskies,Huskies_D2,Huskies_D5,2H,3645.62993,High pass,43,31,75.0,97.0
6,Huskies,Huskies_D5,Huskies_M2,2H,3650.598294,Simple pass,75,97,70.0,86.0
6,Huskies,Huskies_D6,Huskies_D5,2H,3679.824858,Head pass,35,88,34.0,92.0
6,Opponent6,Opponent6_D4,Opponent6_D3,2H,3700.435147,Simple pass,53,18,46.0,53.0
6,Opponent6,Opponent6_D3,Opponent6_D2,2H,3705.196325,Simple pass,46,53,61.0,95.0
6,Opponent6,Opponent6_D2,Opponent6_M1,2H,3709.707013,Simple pass,61,95,57.0,83.0
6,Opponent6,Opponent6_M1,Opponent6_D3,2H,3712.251208,Simple pass,57,83,45.0,87.0
6,Opponent6,Opponent6_D3,Opponent6_D2,2H,3715.186409,High pass,45,87,98.0,98.0
6,Opponent6,Opponent6_M4,Opponent6_D2,2H,3736.33545,Simple pass,87,92,90.0,97.0
6,Opponent6,Opponent6_D2,Opponent6_M3,2H,3738.245045,Simple pass,90,97,72.0,85.0
6,Huskies,Huskies_M1,Huskies_M2,2H,3742.439927,Simple pass,26,18,24.0,36.0
6,Huskies,Huskies_M2,Huskies_F2,2H,3743.843317,Simple pass,24,36,34.0,60.0
6,Huskies,Huskies_F2,Huskies_D5,2H,3746.884416,Simple pass,34,60,43.0,95.0
6,Huskies,Huskies_D5,Huskies_F1,2H,3750.58057,Smart pass,43,95,80.0,89.0
6,Huskies,Huskies_F1,Huskies_M3,2H,3757.883829,Simple pass,71,95,63.0,67.0
6,Huskies,Huskies_M3,Huskies_M1,2H,3761.354955,Simple pass,63,67,61.0,30.0
6,Huskies,Huskies_M1,Huskies_D4,2H,3763.976735,Simple pass,61,30,64.0,4.0
6,Huskies,Huskies_D4,Huskies_D2,2H,3766.496935,Simple pass,64,4,35.0,29.0
6,Huskies,Huskies_D2,Huskies_D6,2H,3769.735784,Simple pass,35,29,35.0,82.0
6,Opponent6,Opponent6_D1,Opponent6_M2,2H,3779.358788,Simple pass,45,26,54.0,6.0
6,Opponent6,Opponent6_M2,Opponent6_D1,2H,3786.018173,Simple pass,31,8,65.0,15.0
6,Opponent6,Opponent6_D1,Opponent6_F2,2H,3788.238193,Simple pass,65,15,68.0,28.0
6,Huskies,Huskies_D4,Huskies_D2,2H,3888.473232,Simple pass,51,1,32.0,2.0
6,Opponent6,Opponent6_D3,Opponent6_M3,2H,3895.872456,High pass,13,92,31.0,92.0
6,Opponent6,Opponent6_M3,Opponent6_M3,2H,3899.651943,Simple pass,31,92,34.0,99.0
6,Huskies,Huskies_M3,Huskies_D2,2H,3908.122556,Simple pass,59,3,34.0,3.0
6,Huskies,Huskies_D6,Huskies_F2,2H,3918.853432,Simple pass,45,44,55.0,54.0
6,Opponent6,Opponent6_M2,Opponent6_F2,2H,3921.09457,Simple pass,49,42,62.0,36.0
6,Opponent6,Opponent6_F2,Opponent6_F1,2H,3924.389693,Simple pass,74,42,91.0,66.0
6,Huskies,Huskies_D4,Huskies_M1,2H,3929.198022,Simple pass,28,21,30.0,50.0
6,Huskies,Huskies_M1,Huskies_F2,2H,3932.234234,High pass,30,50,90.0,11.0
6,Opponent6,Opponent6_D3,Opponent6_M2,2H,3964.546593,Head pass,3,74,18.0,51.0
6,Opponent6,Opponent6_M2,Opponent6_D1,2H,3965.711267,Head pass,18,51,11.0,10.0
6,Opponent6,Opponent6_D1,Opponent6_F2,2H,3969.524171,High pass,11,10,37.0,7.0
6,Opponent6,Opponent6_M4,Opponent6_M1,2H,3990.798107,Simple pass,30,76,32.0,58.0
6,Opponent6,Opponent6_M1,Opponent6_D1,2H,3992.312279,Simple pass,32,58,21.0,14.0
6,Opponent6,Opponent6_D3,Opponent6_D4,2H,4030.483054,Simple pass,25,70,33.0,33.0
6,Opponent6,Opponent6_D4,Opponent6_D1,2H,4036.163589,Simple pass,33,33,65.0,4.0
6,Huskies,Huskies_D5,Huskies_G1,2H,4041.009705,Simple pass,12,83,6.0,56.0
6,Opponent6,Opponent6_D4,Opponent6_F2,2H,4101.984227,High pass,4,6,38.0,12.0
6,Huskies,Huskies_D2,Huskies_G1,2H,4261.622069,Simple pass,19,23,7.0,49.0
6,Huskies,Huskies_G1,Huskies_D5,2H,4264.627426,High pass,7,49,44.0,99.0
6,Huskies,Huskies_D5,Huskies_F4,2H,4299.161793,High pass,23,90,64.0,80.0
6,Opponent6,Opponent6_D1,Opponent6_M3,2H,4305.340865,Simple pass,31,27,46.0,32.0
6,Opponent6,Opponent6_M3,Opponent6_F2,2H,4306.776911,Simple pass,46,32,65.0,28.0
6,Opponent6,Opponent6_F2,Opponent6_M1,2H,4307.629078,Simple pass,65,28,60.0,8.0
6,Opponent6,Opponent6_M1,Opponent6_F2,2H,4309.831372000001,High pass,60,8,97.0,9.0
6,Opponent6,Opponent6_F2,Opponent6_M1,2H,4318.357615,Simple pass,94,28,88.0,33.0
6,Opponent6,Opponent6_M2,Opponent6_M1,2H,4327.949946000001,Simple pass,72,21,65.0,33.0
6,Huskies,Huskies_M3,Huskies_M1,2H,4334.138468,Simple pass,23,69,30.0,80.0
6,Huskies,Huskies_M1,Huskies_D5,2H,4335.393495,Simple pass,30,80,20.0,89.0
6,Huskies,Huskies_D5,Huskies_F1,2H,4336.861034,High pass,20,89,40.0,100.0
6,Opponent6,Opponent6_D4,Opponent6_M1,2H,4397.6235209999995,Simple pass,46,24,62.0,12.0
6,Huskies,Huskies_M4,Huskies_D5,2H,4407.348585,Simple pass,5,90,6.0,98.0
6,Opponent6,Opponent6_M1,Opponent6_M2,2H,4414.263218,Head pass,73,13,75.0,32.0
6,Opponent6,Opponent6_M2,Opponent6_M3,2H,4415.663007,Simple pass,75,32,67.0,24.0
6,Opponent6,Opponent6_M3,Opponent6_M1,2H,4416.163119,Simple pass,67,24,70.0,14.0
6,Opponent6,Opponent6_M3,Opponent6_M4,2H,4426.810179,Simple pass,74,49,78.0,69.0
6,Opponent6,Opponent6_M4,Opponent6_M1,2H,4444.700035,Simple pass,90,90,77.0,76.0
6,Opponent6,Opponent6_D2,Opponent6_D3,2H,4450.65023,Simple pass,71,94,59.0,82.0
6,Opponent6,Opponent6_D3,Opponent6_D4,2H,4453.031835,Simple pass,59,82,55.0,47.0
6,Opponent6,Opponent6_D4,Opponent6_D1,2H,4456.142868999999,Simple pass,55,47,77.0,4.0
6,Opponent6,Opponent6_D1,Opponent6_M1,2H,4500.955461,Simple pass,53,12,67.0,33.0
6,Opponent6,Opponent6_M1,Opponent6_D2,2H,4503.319983,High pass,67,33,68.0,96.0
6,Opponent6,Opponent6_D2,Opponent6_M4,2H,4510.025074,Simple pass,68,96,66.0,82.0
6,Opponent6,Opponent6_M4,Opponent6_M3,2H,4511.298238,Simple pass,66,82,69.0,66.0
6,Huskies,Huskies_M1,Huskies_M4,2H,4530.786437000001,Simple pass,44,47,58.0,69.0
6,Huskies,Huskies_M4,Huskies_F1,2H,4533.633639,Simple pass,58,69,95.0,95.0
6,Huskies,Huskies_F1,Huskies_M4,2H,4537.6368999999995,Cross,95,95,86.0,64.0
6,Huskies,Huskies_M3,Huskies_M6,2H,4544.217471,Simple pass,75,38,74.0,55.0
6,Huskies,Huskies_D2,Huskies_D6,2H,4588.747886,Simple pass,31,13,28.0,56.0
6,Huskies,Huskies_D6,Huskies_M3,2H,4592.273201,Simple pass,28,56,36.0,48.0
6,Huskies,Huskies_M3,Huskies_D6,2H,4593.286737,Simple pass,36,48,28.0,53.0
6,Huskies,Huskies_D6,Huskies_D2,2H,4594.702505,Simple pass,28,53,34.0,7.0
6,Huskies,Huskies_F4,Huskies_D4,2H,4605.751483,Simple pass,97,25,94.0,4.0
6,Huskies,Huskies_D4,Huskies_M6,2H,4606.666265,Cross,94,4,93.0,38.0
6,Huskies,Huskies_M4,Huskies_D5,2H,4635.467187,Head pass,70,92,63.0,95.0
6,Huskies,Huskies_D5,Huskies_M3,2H,4637.578334,Simple pass,63,95,53.0,56.0
6,Huskies,Huskies_M3,Huskies_D4,2H,4640.141746,Simple pass,53,56,63.0,2.0
6,Huskies,Huskies_D4,Huskies_D2,2H,4644.084528,Simple pass,63,2,39.0,20.0
6,Huskies,Huskies_D2,Huskies_D6,2H,4647.008394,Simple pass,39,20,30.0,61.0
6,Huskies,Huskies_D6,Huskies_G1,2H,4650.152879,Simple pass,30,61,12.0,35.0
6,Huskies,Huskies_G1,Huskies_M4,2H,4661.232756,High pass,12,35,70.0,90.0
6,Huskies,Huskies_D5,Huskies_M1,2H,4684.1031,Head pass,58,88,72.0,80.0
6,Huskies,Huskies_M1,Huskies_M3,2H,4686.357519,Simple pass,72,80,64.0,68.0
6,Opponent6,Opponent6_D2,Opponent6_M4,2H,4692.329767,Simple pass,48,86,53.0,80.0
6,Opponent6,Opponent6_M4,Opponent6_M1,2H,4695.692086,Simple pass,53,80,57.0,62.0
6,Opponent6,Opponent6_M1,Opponent6_D1,2H,4699.13288,Simple pass,57,62,60.0,22.0
6,Opponent6,Opponent6_D1,Opponent6_M2,2H,4701.769397,Simple pass,60,22,69.0,3.0
6,Opponent6,Opponent6_M2,Opponent6_F1,2H,4707.874206,Smart pass,69,37,77.0,50.0
6,Opponent6,Opponent6_D2,Opponent6_M4,2H,4712.883129,Simple pass,74,94,71.0,75.0
6,Huskies,Huskies_M3,Huskies_M6,2H,4718.31984,Simple pass,17,33,28.0,36.0
6,Huskies,Huskies_D2,Huskies_D6,2H,4740.278513,Simple pass,24,28,27.0,54.0
6,Huskies,Huskies_D6,Huskies_M1,2H,4742.697312,Simple pass,27,54,39.0,42.0
6,Opponent6,Opponent6_M3,Opponent6_F2,2H,4745.955467,Simple pass,47,52,57.0,60.0
6,Opponent6,Opponent6_M3,Opponent6_F2,2H,4751.646876,Simple pass,65,55,81.0,78.0
6,Opponent6,Opponent6_M4,Opponent6_F2,2H,4757.480222,Simple pass,75,74,94.0,80.0
6,Huskies,Huskies_M3,Huskies_M1,2H,4764.266245,Simple pass,10,41,10.0,25.0
6,Opponent6,Opponent6_D3,Opponent6_M1,2H,4768.958343,Head pass,44,73,49.0,59.0
6,Opponent6,Opponent6_M1,Opponent6_D1,2H,4771.960467,Simple pass,49,59,48.0,21.0
6,Huskies,Huskies_G1,Huskies_M1,2H,4784.448768,High pass,11,55,71.0,100.0
6,Huskies,Huskies_M6,Huskies_G1,2H,4823.48535,Simple pass,49,65,0.0,0.0
6,Huskies,Huskies_G1,Huskies_D6,2H,4882.314867,Simple pass,15,65,31.0,75.0
6,Huskies,Huskies_D6,Huskies_M3,2H,4885.594175,Simple pass,31,75,44.0,78.0
6,Huskies,Huskies_M3,Huskies_D4,2H,4887.820543,High pass,44,78,68.0,1.0
6,Huskies,Huskies_D4,Huskies_M6,2H,4891.225947,Simple pass,68,1,71.0,18.0
6,Huskies,Huskies_M6,Huskies_D4,2H,4894.411336,Simple pass,71,18,78.0,1.0
6,Huskies,Huskies_D4,Huskies_M1,2H,4895.560538,Simple pass,78,1,63.0,21.0
6,Huskies,Huskies_M1,Huskies_M4,2H,4898.297998,Simple pass,63,21,70.0,50.0
6,Huskies,Huskies_M4,Huskies_D5,2H,4900.183344,Simple pass,70,50,86.0,92.0
6,Huskies,Huskies_M1,Huskies_D5,2H,4946.880531,Simple pass,40,70,42.0,90.0
6,Huskies,Huskies_D5,Huskies_F1,2H,4948.513998,High pass,42,90,77.0,82.0
6,Opponent6,Opponent6_M3,Opponent6_D2,2H,4986.554534,Simple pass,54,49,58.0,93.0
6,Opponent6,Opponent6_D2,Opponent6_M4,2H,4989.598667,Simple pass,58,93,68.0,81.0
6,Opponent6,Opponent6_M4,Opponent6_M3,2H,4990.64555,Simple pass,68,81,56.0,83.0
6,Opponent6,Opponent6_M3,Opponent6_M4,2H,4993.81593,Simple pass,56,83,67.0,72.0
6,Opponent6,Opponent6_M4,Opponent6_M1,2H,4994.775054,Simple pass,67,72,67.0,40.0
6,Opponent6,Opponent6_M1,Opponent6_D1,2H,4997.747431,Simple pass,67,40,70.0,10.0
6,Opponent6,Opponent6_M1,Opponent6_D1,2H,5015.568605,Simple pass,64,33,76.0,9.0
6,Opponent6,Opponent6_D1,Opponent6_M1,2H,5019.048214,Simple pass,76,9,64.0,5.0
6,Huskies,Huskies_M3,Huskies_M1,2H,5036.67686,Simple pass,25,52,27.0,68.0
6,Huskies,Huskies_M1,Huskies_D6,2H,5038.157662,Simple pass,27,68,22.0,73.0
6,Huskies,Huskies_D6,Huskies_D2,2H,5041.419982,Simple pass,22,73,26.0,27.0
6,Huskies,Huskies_D5,Huskies_M1,2H,5049.396471,Simple pass,51,95,49.0,78.0
6,Huskies,Huskies_M1,Huskies_M4,2H,5051.299567,Simple pass,49,78,62.0,76.0
6,Huskies,Huskies_M4,Huskies_M1,2H,5052.283007,Simple pass,62,76,56.0,84.0
6,Huskies,Huskies_F1,Huskies_M4,2H,5058.437105,Simple pass,69,80,59.0,86.0
6,Opponent6,Opponent6_M2,Opponent6_F2,2H,5119.516074,Simple pass,44,29,58.0,16.0
6,Opponent6,Opponent6_F2,Opponent6_M2,2H,5123.085921,Simple pass,67,19,86.0,30.0
6,Opponent6,Opponent6_M2,Opponent6_F2,2H,5126.466652,Simple pass,86,30,87.0,48.0
6,Opponent6,Opponent6_F2,Opponent6_M4,2H,5127.501478,Simple pass,87,48,93.0,73.0
6,Huskies,Huskies_D5,Huskies_M6,2H,5130.189846,Simple pass,9,43,23.0,22.0
6,Opponent6,Opponent6_M3,Opponent6_M4,2H,5137.417449,Simple pass,62,96,70.0,96.0
6,Opponent6,Opponent6_M4,Opponent6_D2,2H,5140.370318,Simple pass,70,96,80.0,89.0
6,Opponent6,Opponent6_D2,Opponent6_M4,2H,5142.862668,Simple pass,80,89,79.0,99.0
6,Opponent6,Opponent6_M2,Opponent6_D3,2H,5188.220447,Simple pass,54,66,46.0,60.0
6,Opponent6,Opponent6_D3,Opponent6_D4,2H,5189.658615,Simple pass,46,60,54.0,43.0
6,Opponent6,Opponent6_D4,Opponent6_D1,2H,5191.38524,Simple pass,54,43,57.0,15.0
6,Opponent6,Opponent6_D1,Opponent6_D4,2H,5193.957497,Simple pass,57,15,47.0,32.0
6,Opponent6,Opponent6_D4,Opponent6_M1,2H,5195.986487,Simple pass,47,32,53.0,50.0
6,Opponent6,Opponent6_M1,Opponent6_M3,2H,5197.098653,Simple pass,53,50,57.0,71.0
6,Huskies,Huskies_M6,Huskies_M1,2H,5199.954625,Simple pass,36,25,38.0,36.0
6,Opponent6,Opponent6_D4,Opponent6_M2,2H,5215.027065,Simple pass,24,22,43.0,26.0
6,Opponent6,Opponent6_M2,Opponent6_M1,2H,5216.787759,Simple pass,43,26,37.0,45.0
6,Huskies,Huskies_M1,Huskies_M3,2H,5218.456104,Simple pass,61,56,59.0,67.0
6,Huskies,Huskies_M3,Huskies_D5,2H,5224.088484,Simple pass,59,67,62.0,92.0
6,Huskies,Huskies_D5,Huskies_M4,2H,5225.82446,Simple pass,62,92,66.0,98.0
6,Huskies,Huskies_M4,Huskies_D5,2H,5227.332567,Simple pass,66,98,98.0,97.0
6,Opponent6,Opponent6_D3,Opponent6_M3,2H,5238.963465,Simple pass,25,64,27.0,40.0
6,Huskies,Huskies_D4,Huskies_M1,2H,5247.320251,Simple pass,37,18,42.0,34.0
6,Huskies,Huskies_M1,Huskies_M3,2H,5250.66854,Simple pass,42,34,48.0,54.0
6,Huskies,Huskies_M3,Huskies_M6,2H,5251.946816,Simple pass,48,54,68.0,54.0
6,Huskies,Huskies_M6,Huskies_D5,2H,5254.665669,Simple pass,68,54,86.0,96.0
6,Huskies,Huskies_M1,Huskies_M4,2H,5293.152814,Simple pass,61,17,66.0,34.0
6,Huskies,Huskies_M4,Huskies_M1,2H,5295.053529,Simple pass,66,34,64.0,25.0
6,Huskies,Huskies_M1,Huskies_M4,2H,5298.209918,Simple pass,64,25,72.0,14.0
6,Huskies,Huskies_M4,Huskies_M1,2H,5302.653523,Simple pass,72,14,73.0,24.0
6,Opponent6,Opponent6_M2,Opponent6_M4,2H,5312.763728,Simple pass,56,79,52.0,90.0
6,Opponent6,Opponent6_M4,Opponent6_F2,2H,5314.581113,Simple pass,52,90,68.0,97.0
6,Huskies,Huskies_F1,Huskies_M4,2H,5436.480427,Head pass,66,83,71.0,83.0
6,Huskies,Huskies_M4,Huskies_D2,2H,5454.888376,Simple pass,62,80,45.0,49.0
6,Huskies,Huskies_D2,Huskies_D4,2H,5461.489888,Simple pass,65,22,67.0,1.0
6,Opponent6,Opponent6_D2,Opponent6_M3,2H,5464.782146,Simple pass,25,87,32.0,91.0
6,Huskies,Huskies_F4,Huskies_D4,2H,5470.082222,Simple pass,62,2,70.0,4.0
6,Huskies,Huskies_D4,Huskies_F4,2H,5471.892613,Simple pass,70,4,69.0,23.0
6,Huskies,Huskies_F4,Huskies_F1,2H,5473.6493740000005,Simple pass,69,23,72.0,47.0
6,Huskies,Huskies_F1,Huskies_M4,2H,5474.445334,Simple pass,72,47,70.0,47.0
6,Huskies,Huskies_M4,Huskies_F4,2H,5476.081494,Smart pass,70,47,90.0,61.0
6,Opponent6,Opponent6_F2,Opponent6_M3,2H,5559.422399,Simple pass,55,24,32.0,44.0
6,Opponent6,Opponent6_M3,Opponent6_D2,2H,5562.921928,High pass,32,44,42.0,91.0
6,Opponent6,Opponent6_G1,Opponent6_M1,2H,5585.521425,Hand pass,10,58,29.0,66.0
6,Opponent6,Opponent6_M1,Opponent6_D2,2H,5588.035484,Simple pass,29,66,38.0,97.0
6,Opponent6,Opponent6_D2,Opponent6_M1,2H,5593.095673,Simple pass,38,97,33.0,90.0
6,Opponent6,Opponent6_M1,Opponent6_F3,2H,5594.312971,High pass,33,90,69.0,90.0
6,Huskies,Huskies_G1,Huskies_D4,2H,5602.996727,Hand pass,11,26,33.0,2.0
6,Huskies,Huskies_D4,Huskies_F4,2H,5606.410036,Smart pass,33,2,72.0,19.0
6,Opponent6,Opponent6_D3,Opponent6_D5,2H,5665.715617,Simple pass,30,78,23.0,52.0
6,Huskies,Huskies_M1,Huskies_M3,2H,5669.906553,Simple pass,45,33,47.0,43.0
6,Huskies,Huskies_M3,Huskies_M4,2H,5670.898652,Simple pass,47,43,63.0,29.0
6,Huskies,Huskies_M4,Huskies_M1,2H,5672.660368,Simple pass,63,29,51.0,22.0
6,Huskies,Huskies_M1,Huskies_F4,2H,5674.557575,Simple pass,51,22,66.0,22.0
6,Opponent6,Opponent6_D5,Opponent6_D2,2H,5738.932537000001,Simple pass,55,38,61.0,86.0
6,Opponent6,Opponent6_D2,Opponent6_M1,2H,5743.043511,Simple pass,61,86,69.0,68.0
6,Huskies,Huskies_M3,Huskies_D7,2H,5749.028534,Simple pass,37,48,41.0,91.0
6,Huskies,Huskies_D7,Huskies_F1,2H,5755.289906,Smart pass,66,88,88.0,55.0
6,Huskies,Huskies_F1,Huskies_M4,2H,5757.665334,Simple pass,87,57,93.0,70.0
6,Opponent6,Opponent6_D2,Opponent6_D5,2H,5866.228952,Simple pass,40,90,25.0,35.0
6,Opponent6,Opponent6_D5,Opponent6_D1,2H,5871.240505,Simple pass,41,22,65.0,12.0
6,Opponent6,Opponent6_D1,Opponent6_D5,2H,5874.374751,Simple pass,65,12,46.0,27.0
6,Opponent6,Opponent6_D5,Opponent6_D3,2H,5877.98765,Simple pass,46,27,31.0,70.0
6,Opponent6,Opponent6_D3,Opponent6_D2,2H,5881.696137999999,Simple pass,31,70,43.0,91.0
6,Opponent6,Opponent6_D2,Opponent6_D5,2H,5885.517055,Simple pass,43,91,29.0,53.0
6,Opponent6,Opponent6_D5,Opponent6_G1,2H,5888.340179,Simple pass,29,53,13.0,52.0
6,Opponent6,Opponent6_M3,Opponent6_D5,2H,5903.706513,Simple pass,63,27,47.0,48.0
6,Opponent6,Opponent6_M4,Opponent6_F4,2H,5912.277855,Simple pass,72,61,78.0,60.0
6,Opponent6,Opponent6_F4,Opponent6_M4,2H,5913.132339,Simple pass,78,60,77.0,34.0
6,Opponent6,Opponent6_M4,Opponent6_D1,2H,5916.122328,Simple pass,77,34,96.0,17.0
6,Huskies,Huskies_D6,Huskies_M3,2H,6012.434862,Head pass,36,91,46.0,72.0
6,Huskies,Huskies_M4,Huskies_F1,2H,6018.181772,Head pass,61,87,96.0,75.0
6,Huskies,Huskies_D6,Huskies_F4,2H,6063.111596000001,High pass,63,95,82.0,89.0
6,Huskies,Huskies_F4,Huskies_M4,2H,6065.092724,Simple pass,82,89,77.0,96.0
6,Huskies,Huskies_M6,Huskies_D4,2H,6088.244941,Simple pass,74,28,79.0,15.0
6,Huskies,Huskies_D4,Huskies_F4,2H,6089.322552,Simple pass,79,15,87.0,34.0
6,Huskies,Huskies_M1,Huskies_D7,2H,6094.539181,Simple pass,70,40,66.0,82.0
6,Huskies,Huskies_D7,Huskies_M4,2H,6096.222506,Simple pass,66,82,75.0,72.0
6,Huskies,Huskies_D7,Huskies_F1,2H,6099.655071,Cross,95,81,96.0,51.0
6,Opponent6,Opponent6_F3,Opponent6_F4,2H,6127.560673,Simple pass,70,54,68.0,67.0
6,Huskies,Huskies_M4,Huskies_D7,2H,6180.697215,Simple pass,91,86,87.0,93.0
6,Huskies,Huskies_D7,Huskies_M1,2H,6184.421813,Simple pass,87,93,67.0,80.0
6,Huskies,Huskies_M1,Huskies_M3,2H,6187.363833,Simple pass,67,80,70.0,68.0
6,Huskies,Huskies_M3,Huskies_F4,2H,6189.647185,Simple pass,70,68,78.0,68.0
6,Opponent6,Opponent6_D1,Opponent6_D5,2H,6219.205243,Simple pass,56,18,36.0,52.0
6,Opponent6,Opponent6_D5,Opponent6_D2,2H,6223.2186,Simple pass,36,52,44.0,93.0
6,Huskies,Huskies_M6,Huskies_D4,2H,6230.508262,Simple pass,53,11,43.0,2.0
6,Huskies,Huskies_D4,Huskies_F1,2H,6231.674141,Smart pass,43,2,73.0,10.0
6,Opponent6,Opponent6_D3,Opponent6_D2,2H,6249.390428000001,Simple pass,11,91,27.0,96.0
6,Opponent6,Opponent6_D2,Opponent6_F3,2H,6253.974819,High pass,27,96,66.0,85.0
6,Huskies,Huskies_M3,Huskies_M6,2H,6257.414363,Head pass,37,22,40.0,2.0
6,Huskies,Huskies_M6,Huskies_D4,2H,6259.758533,Simple pass,40,2,33.0,3.0
6,Opponent6,Opponent6_D3,Opponent6_G1,2H,6265.047976,Head pass,14,71,13.0,55.0
6,Opponent6,Opponent6_G1,Opponent6_D5,2H,6267.034377,Hand pass,13,55,16.0,37.0
6,Opponent6,Opponent6_D5,Opponent6_D1,2H,6272.548564000001,Simple pass,42,20,62.0,9.0
6,Opponent6,Opponent6_D1,Opponent6_D5,2H,6275.918689,Simple pass,62,9,43.0,24.0
6,Opponent6,Opponent6_D5,Opponent6_M1,2H,6277.666946,Simple pass,43,24,55.0,32.0
6,Opponent6,Opponent6_M1,Opponent6_M3,2H,6279.16634,Simple pass,55,32,64.0,48.0
6,Opponent6,Opponent6_M3,Opponent6_M2,2H,6283.068396000001,Simple pass,64,48,73.0,55.0
6,Opponent6,Opponent6_M2,Opponent6_F4,2H,6283.792804000001,Simple pass,73,55,73.0,65.0
6,Huskies,Huskies_G1,Huskies_F1,2H,6310.348973,High pass,14,36,61.0,36.0
6,Opponent6,Opponent6_D5,Opponent6_D1,2H,6340.1802,Head pass,23,24,42.0,23.0
6,Opponent6,Opponent6_D1,Opponent6_M1,2H,6342.163185,Simple pass,42,23,34.0,36.0
6,Opponent6,Opponent6_M1,Opponent6_D1,2H,6349.107233000001,Simple pass,73,34,65.0,9.0
6,Opponent6,Opponent6_D1,Opponent6_F4,2H,6350.862230000001,Simple pass,65,9,74.0,10.0
6,Opponent6,Opponent6_F4,Opponent6_D2,2H,6361.408945,Simple pass,66,64,68.0,92.0
6,Huskies,Huskies_D6,Huskies_M1,2H,6564.281541,Head pass,33,83,54.0,79.0
6,Huskies,Huskies_M1,Huskies_D7,2H,6565.721906000001,Head pass,54,79,41.0,87.0
6,Opponent6,Opponent6_D5,Opponent6_D1,2H,6569.396018,Head pass,19,34,20.0,8.0
