MatchID,TeamID,OriginPlayerID,DestinationPlayerID,MatchPeriod,EventTime,EventSubType,EventOrigin_x,EventOrigin_y,EventDestination_x,EventDestination_y
1,Huskies,Huskies_D1,Huskies_F1,1H,46.32350099999999,Head pass,34,97,59.0,95.0
1,Huskies,Huskies_M1,Huskies_F2,1H,51.022546000000006,Simple pass,53,89,69.0,91.0
1,Opponent1,Opponent1_D2,Opponent1_G1,1H,89.00872099999998,Simple pass,19,16,5.0,50.0
1,Opponent1,Opponent1_G1,Opponent1_F1,1H,92.21616,Launch,5,50,67.0,44.0
1,Huskies,Huskies_M2,Huskies_M3,1H,98.26519100000002,Simple pass,42,55,36.0,54.0
1,Opponent1,Opponent1_D1,Opponent1_F2,1H,109.02554500000002,Simple pass,30,11,31.0,22.0
1,Opponent1,Opponent1_F2,Opponent1_D2,1H,111.02599700000002,Simple pass,31,22,27.0,23.0
1,Opponent1,Opponent1_D2,Opponent1_M1,1H,112.85614800000002,High pass,27,23,36.0,6.0
1,Huskies,Huskies_D1,Huskies_F1,1H,130.65652999999998,Head pass,34,91,52.0,97.0
1,Opponent1,Opponent1_F2,Opponent1_D3,1H,151.85275,Simple pass,48,12,46.0,56.0
1,Opponent1,Opponent1_D3,Opponent1_M2,1H,154.63611600000002,Simple pass,46,56,56.0,68.0
1,Huskies,Huskies_D1,Huskies_G1,1H,161.22147,Simple pass,14,65,11.0,50.0
1,Huskies,Huskies_G1,Huskies_G1,1H,164.626056,Hand pass,11,50,5.0,45.0
1,Huskies,Huskies_D1,Huskies_D2,1H,247.469049,Simple pass,17,92,22.0,62.0
1,Huskies,Huskies_D2,Huskies_D3,1H,249.694665,Simple pass,22,62,19.0,24.0
1,Huskies,Huskies_D3,Huskies_G1,1H,251.513079,Simple pass,19,24,8.0,45.0
1,Huskies,Huskies_G1,Huskies_D3,1H,257.295203,Simple pass,8,45,19.0,13.0
1,Huskies,Huskies_D3,Huskies_G1,1H,259.614989,Simple pass,19,13,12.0,38.0
1,Huskies,Huskies_D2,Huskies_D3,1H,286.49734,Simple pass,48,50,55.0,24.0
1,Huskies,Huskies_D3,Huskies_D4,1H,288.281009,Simple pass,55,24,60.0,5.0
1,Huskies,Huskies_D4,Huskies_D3,1H,291.122151,Simple pass,60,5,33.0,21.0
1,Huskies,Huskies_D3,Huskies_G1,1H,294.666496,Simple pass,33,21,15.0,70.0
1,Huskies,Huskies_G1,Huskies_F1,1H,298.519487,High pass,15,70,60.0,99.0
1,Opponent1,Opponent1_M1,Opponent1_D1,1H,318.875721,Simple pass,55,12,62.0,9.0
1,Huskies,Huskies_D1,Huskies_M3,1H,325.77883,Simple pass,19,98,35.0,86.0
1,Huskies,Huskies_M3,Huskies_M1,1H,329.565823,Simple pass,35,86,30.0,97.0
1,Huskies,Huskies_M2,Huskies_D3,1H,349.651805,Simple pass,47,59,47.0,27.0
1,Huskies,Huskies_D3,Huskies_M3,1H,352.602839,Simple pass,47,27,45.0,40.0
1,Huskies,Huskies_M3,Huskies_D3,1H,354.424746,Simple pass,45,40,47.0,12.0
1,Opponent1,Opponent1_D4,Opponent1_M3,1H,380.02212,Simple pass,19,68,27.0,65.0
1,Opponent1,Opponent1_M3,Opponent1_D3,1H,380.840808,Simple pass,27,65,27.0,90.0
1,Huskies,Huskies_G1,Huskies_D1,1H,390.709116,Hand pass,8,55,25.0,94.0
1,Huskies,Huskies_D1,Huskies_D2,1H,395.609802,Simple pass,25,94,24.0,55.0
1,Huskies,Huskies_D2,Huskies_D3,1H,398.392099,Simple pass,24,55,24.0,20.0
1,Huskies,Huskies_D3,Huskies_M2,1H,401.473688,Simple pass,24,20,33.0,20.0
1,Huskies,Huskies_M2,Huskies_M3,1H,402.505899,Simple pass,33,20,33.0,35.0
1,Huskies,Huskies_M3,Huskies_D3,1H,403.23103,Simple pass,33,35,24.0,24.0
1,Huskies,Huskies_D3,Huskies_D2,1H,405.513278,Simple pass,24,24,29.0,68.0
1,Huskies,Huskies_D2,Huskies_D1,1H,409.39515100000006,Simple pass,29,68,25.0,88.0
1,Huskies,Huskies_D1,Huskies_M1,1H,411.012684,Simple pass,25,88,31.0,99.0
1,Huskies,Huskies_M1,Huskies_D1,1H,413.899208,Simple pass,31,99,27.0,88.0
1,Huskies,Huskies_D1,Huskies_D2,1H,415.523873,Simple pass,27,88,29.0,53.0
1,Huskies,Huskies_D2,Huskies_D3,1H,417.778381,Simple pass,29,53,37.0,14.0
1,Huskies,Huskies_D3,Huskies_M2,1H,421.153644,Simple pass,37,14,42.0,16.0
1,Huskies,Huskies_M2,Huskies_D2,1H,423.251583,Simple pass,42,16,36.0,54.0
1,Huskies,Huskies_D2,Huskies_D1,1H,426.777238,Simple pass,36,54,32.0,85.0
1,Huskies,Huskies_D1,Huskies_F2,1H,429.550573,Simple pass,32,85,59.0,67.0
1,Opponent1,Opponent1_M3,Opponent1_F2,1H,432.039458,Simple pass,42,30,47.0,50.0
1,Opponent1,Opponent1_F2,Opponent1_D3,1H,435.131832,Simple pass,47,50,41.0,54.0
1,Opponent1,Opponent1_D3,Opponent1_G1,1H,437.284701,Simple pass,41,54,14.0,55.0
1,Opponent1,Opponent1_G1,Opponent1_D3,1H,440.931405,Simple pass,14,55,36.0,85.0
1,Opponent1,Opponent1_D3,Opponent1_M3,1H,446.42999,Simple pass,36,85,41.0,70.0
1,Opponent1,Opponent1_M3,Opponent1_D2,1H,448.823337,Simple pass,41,70,51.0,13.0
1,Opponent1,Opponent1_D2,Opponent1_D1,1H,452.249359,High pass,51,13,84.0,12.0
1,Huskies,Huskies_M3,Huskies_D1,1H,470.526751,Simple pass,38,74,23.0,81.0
1,Huskies,Huskies_D1,Huskies_D2,1H,472.345004,Simple pass,23,81,33.0,56.0
1,Huskies,Huskies_D2,Huskies_D3,1H,475.81912,Simple pass,33,56,31.0,16.0
1,Huskies,Huskies_D3,Huskies_D2,1H,478.063252,Simple pass,31,16,35.0,59.0
1,Huskies,Huskies_D2,Huskies_M3,1H,483.459683,Simple pass,35,59,37.0,42.0
1,Huskies,Huskies_M3,Huskies_D2,1H,486.904146,Simple pass,37,42,41.0,84.0
1,Huskies,Huskies_D2,Huskies_M1,1H,488.6420460000001,Simple pass,41,84,49.0,97.0
1,Huskies,Huskies_M1,Huskies_D1,1H,492.913649,Simple pass,49,97,40.0,86.0
1,Huskies,Huskies_D1,Huskies_D2,1H,495.203497,Simple pass,40,86,43.0,46.0
1,Huskies,Huskies_D2,Huskies_D3,1H,499.177369,Simple pass,43,46,44.0,13.0
1,Opponent1,Opponent1_F3,Opponent1_F2,1H,504.396917,Simple pass,54,84,55.0,48.0
1,Opponent1,Opponent1_F2,Opponent1_M2,1H,506.680864,Simple pass,55,48,55.0,32.0
1,Opponent1,Opponent1_M2,Opponent1_D1,1H,510.874655,Simple pass,55,32,43.0,28.0
1,Opponent1,Opponent1_D1,Opponent1_D2,1H,512.290179,Simple pass,43,28,41.0,38.0
1,Opponent1,Opponent1_D2,Opponent1_M3,1H,516.923641,Simple pass,61,52,57.0,86.0
1,Opponent1,Opponent1_M3,Opponent1_F3,1H,520.306956,Smart pass,57,86,99.0,72.0
1,Opponent1,Opponent1_M3,Opponent1_D1,1H,605.781783,Simple pass,62,68,55.0,29.0
1,Opponent1,Opponent1_D1,Opponent1_M1,1H,607.665948,Simple pass,55,29,60.0,27.0
1,Opponent1,Opponent1_M1,Opponent1_M2,1H,609.742066,Simple pass,60,27,71.0,8.0
1,Opponent1,Opponent1_M2,Opponent1_F2,1H,611.626465,Simple pass,71,8,67.0,14.0
1,Opponent1,Opponent1_F2,Opponent1_M2,1H,614.115182,Smart pass,67,14,90.0,7.0
1,Opponent1,Opponent1_D2,Opponent1_F2,1H,628.545296,Head pass,53,15,75.0,10.0
1,Huskies,Huskies_D2,Huskies_F2,1H,634.315811,Simple pass,35,61,32.0,72.0
1,Huskies,Huskies_D1,Huskies_D3,1H,638.716336,Simple pass,20,67,22.0,37.0
1,Huskies,Huskies_D3,Huskies_M3,1H,644.849345,Simple pass,41,42,44.0,35.0
1,Huskies,Huskies_M3,Huskies_M2,1H,648.45343,Simple pass,44,35,58.0,25.0
1,Huskies,Huskies_M2,Huskies_M3,1H,648.788178,Simple pass,58,25,44.0,45.0
1,Huskies,Huskies_M3,Huskies_D1,1H,654.272547,Simple pass,44,45,45.0,88.0
1,Huskies,Huskies_D1,Huskies_M1,1H,656.786591,Simple pass,45,88,46.0,66.0
1,Huskies,Huskies_M1,Huskies_D2,1H,658.984182,Simple pass,46,66,35.0,53.0
1,Huskies,Huskies_D2,Huskies_D3,1H,660.927154,Simple pass,35,53,36.0,26.0
1,Huskies,Huskies_D3,Huskies_D4,1H,662.816659,Simple pass,36,26,44.0,9.0
1,Huskies,Huskies_D4,Huskies_D3,1H,664.192536,Simple pass,44,9,29.0,28.0
1,Huskies,Huskies_D3,Huskies_D1,1H,666.398299,Simple pass,29,28,30.0,88.0
1,Huskies,Huskies_D1,Huskies_M1,1H,670.794207,Simple pass,30,88,54.0,98.0
1,Huskies,Huskies_M1,Huskies_D1,1H,672.485389,Simple pass,54,98,40.0,88.0
1,Huskies,Huskies_D1,Huskies_D2,1H,677.030895,Simple pass,40,88,39.0,58.0
1,Huskies,Huskies_D2,Huskies_D3,1H,679.627443,Simple pass,39,58,42.0,22.0
1,Huskies,Huskies_D3,Huskies_D4,1H,681.346038,Simple pass,42,22,45.0,7.0
1,Opponent1,Opponent1_G1,Opponent1_D3,1H,694.414732,Hand pass,13,69,28.0,96.0
1,Opponent1,Opponent1_D3,Opponent1_M2,1H,698.002619,Simple pass,28,96,32.0,91.0
1,Opponent1,Opponent1_M2,Opponent1_G1,1H,699.267219,Simple pass,32,91,9.0,64.0
1,Huskies,Huskies_M2,Huskies_D4,1H,717.476578,Simple pass,88,10,94.0,5.0
1,Huskies,Huskies_D4,Huskies_M2,1H,719.441687,Simple pass,94,5,82.0,5.0
1,Huskies,Huskies_M3,Huskies_D3,1H,763.935874,Simple pass,31,4,26.0,15.0
1,Huskies,Huskies_D3,Huskies_D2,1H,766.375013,Simple pass,26,15,28.0,46.0
1,Huskies,Huskies_D2,Huskies_D1,1H,768.959506,Simple pass,28,46,27.0,75.0
1,Huskies,Huskies_M1,Huskies_F2,1H,831.334785,Simple pass,20,54,23.0,63.0
1,Huskies,Huskies_F2,Huskies_F1,1H,833.172272,Head pass,23,63,31.0,97.0
1,Huskies,Huskies_F3,Huskies_M2,1H,876.588559,Simple pass,41,13,37.0,25.0
1,Huskies,Huskies_M2,Huskies_F3,1H,877.617215,Simple pass,37,25,44.0,11.0
1,Huskies,Huskies_D3,Huskies_F3,1H,888.4075290000001,High pass,43,40,76.0,8.0
1,Opponent1,Opponent1_G1,Opponent1_D2,1H,907.768956,Simple pass,19,61,42.0,16.0
1,Opponent1,Opponent1_D2,Opponent1_F1,1H,911.123578,High pass,42,16,85.0,48.0
1,Huskies,Huskies_D1,Huskies_F3,1H,918.981968,Simple pass,29,79,54.0,51.0
1,Huskies,Huskies_D2,Huskies_D1,1H,940.147302,Simple pass,28,49,27.0,80.0
1,Opponent1,Opponent1_F2,Opponent1_M1,1H,948.626794,Simple pass,30,16,37.0,33.0
1,Opponent1,Opponent1_M1,Opponent1_M2,1H,952.727927,Simple pass,37,33,47.0,54.0
1,Opponent1,Opponent1_M1,Opponent1_F1,1H,974.161228,Simple pass,58,10,73.0,15.0
1,Huskies,Huskies_M2,Huskies_D2,1H,977.642684,Simple pass,36,73,27.0,85.0
1,Opponent1,Opponent1_F1,Opponent1_M1,1H,978.084482,Simple pass,71,20,56.0,26.0
1,Opponent1,Opponent1_M1,Opponent1_D3,1H,978.887699,Simple pass,56,26,63.0,60.0
1,Opponent1,Opponent1_D3,Opponent1_M1,1H,983.654621,Simple pass,63,60,60.0,36.0
1,Opponent1,Opponent1_M1,Opponent1_M2,1H,987.186874,Simple pass,60,36,71.0,67.0
1,Opponent1,Opponent1_M2,Opponent1_D3,1H,989.23669,Simple pass,71,67,57.0,71.0
1,Opponent1,Opponent1_D3,Opponent1_M1,1H,991.232253,Simple pass,57,71,55.0,52.0
1,Opponent1,Opponent1_M1,Opponent1_D2,1H,995.008376,Simple pass,55,52,58.0,32.0
1,Opponent1,Opponent1_D2,Opponent1_M3,1H,997.713151,Simple pass,58,32,65.0,40.0
1,Opponent1,Opponent1_M3,Opponent1_M1,1H,999.236592,Simple pass,65,40,64.0,56.0
1,Opponent1,Opponent1_M1,Opponent1_D2,1H,1002.00926,Simple pass,64,56,75.0,30.0
1,Opponent1,Opponent1_D2,Opponent1_F2,1H,1003.705746,Simple pass,75,30,72.0,59.0
1,Opponent1,Opponent1_M2,Opponent1_M2,1H,1017.845967,Simple pass,78,18,74.0,8.0
1,Opponent1,Opponent1_M2,Opponent1_M1,1H,1018.977244,Simple pass,74,8,64.0,40.0
1,Opponent1,Opponent1_M1,Opponent1_F2,1H,1024.129555,Simple pass,64,40,69.0,58.0
1,Opponent1,Opponent1_F2,Opponent1_M1,1H,1025.488721,Simple pass,69,58,64.0,53.0
1,Opponent1,Opponent1_M1,Opponent1_D3,1H,1026.600096,Simple pass,64,53,74.0,83.0
1,Opponent1,Opponent1_D3,Opponent1_F2,1H,1032.126828,Simple pass,74,83,66.0,67.0
1,Opponent1,Opponent1_M3,Opponent1_D3,1H,1048.457823,Simple pass,80,79,80.0,84.0
1,Huskies,Huskies_D3,Huskies_G1,1H,1080.525643,Simple pass,15,18,13.0,45.0
1,Huskies,Huskies_G1,Huskies_M1,1H,1083.673768,High pass,13,45,39.0,97.0
1,Huskies,Huskies_M1,Huskies_D1,1H,1086.548868,Head pass,39,97,31.0,77.0
1,Huskies,Huskies_D1,Huskies_M3,1H,1088.3517,Simple pass,31,77,33.0,47.0
1,Huskies,Huskies_M3,Huskies_D3,1H,1092.134846,Simple pass,33,47,29.0,12.0
1,Huskies,Huskies_D3,Huskies_D4,1H,1098.1089,Simple pass,71,8,72.0,7.0
1,Huskies,Huskies_D3,Huskies_D1,1H,1114.347374,Simple pass,58,8,41.0,73.0
1,Huskies,Huskies_M3,Huskies_M1,1H,1124.056621,Simple pass,62,62,62.0,72.0
1,Huskies,Huskies_M1,Huskies_F2,1H,1128.904817,Simple pass,62,72,70.0,78.0
1,Huskies,Huskies_F2,Huskies_M1,1H,1129.81297,Simple pass,70,78,74.0,60.0
1,Huskies,Huskies_M1,Huskies_F1,1H,1145.628269,Simple pass,65,96,70.0,98.0
1,Huskies,Huskies_F1,Huskies_F2,1H,1148.496105,Simple pass,70,98,68.0,83.0
1,Huskies,Huskies_F2,Huskies_D3,1H,1150.556157,Simple pass,68,83,66.0,38.0
1,Huskies,Huskies_D3,Huskies_D4,1H,1154.053777,Simple pass,66,38,79.0,4.0
1,Huskies,Huskies_M2,Huskies_M1,1H,1184.199743,Simple pass,70,8,65.0,61.0
1,Opponent1,Opponent1_D2,Opponent1_G1,1H,1212.753315,Simple pass,33,14,18.0,55.0
1,Opponent1,Opponent1_G1,Opponent1_F3,1H,1228.919596,Launch,18,55,76.0,88.0
1,Huskies,Huskies_M3,Huskies_D4,1H,1234.888756,Simple pass,28,19,19.0,5.0
1,Huskies,Huskies_D4,Huskies_D2,1H,1237.056443,Simple pass,19,5,21.0,39.0
1,Huskies,Huskies_D2,Huskies_D1,1H,1240.195071,Simple pass,21,39,27.0,76.0
1,Huskies,Huskies_D1,Huskies_M1,1H,1243.277878,Simple pass,27,76,40.0,96.0
1,Huskies,Huskies_M1,Huskies_F1,1H,1246.983038,High pass,40,96,74.0,98.0
1,Huskies,Huskies_M2,Huskies_G1,1H,1285.762328,Head pass,29,52,12.0,43.0
1,Huskies,Huskies_G1,Huskies_M1,1H,1299.229819,High pass,12,43,44.0,81.0
1,Huskies,Huskies_M1,Huskies_F2,1H,1304.927402,Simple pass,44,81,49.0,75.0
1,Huskies,Huskies_F2,Huskies_D1,1H,1306.588143,Simple pass,49,75,34.0,80.0
1,Huskies,Huskies_D1,Huskies_D2,1H,1308.752362,Simple pass,34,80,28.0,51.0
1,Huskies,Huskies_D2,Huskies_D3,1H,1311.029947,Simple pass,28,51,38.0,24.0
1,Huskies,Huskies_D3,Huskies_M1,1H,1314.932615,Simple pass,38,24,42.0,67.0
1,Huskies,Huskies_M1,Huskies_F2,1H,1317.250553,Simple pass,42,67,54.0,92.0
1,Huskies,Huskies_F2,Huskies_M1,1H,1318.781728,Simple pass,54,92,61.0,79.0
1,Huskies,Huskies_F1,Huskies_F2,1H,1323.783423,Simple pass,70,98,72.0,100.0
1,Huskies,Huskies_F3,Huskies_D2,1H,1336.828397,Simple pass,60,92,53.0,78.0
1,Huskies,Huskies_D2,Huskies_D3,1H,1338.621719,Simple pass,53,78,61.0,18.0
1,Huskies,Huskies_D3,Huskies_M3,1H,1342.78861,Simple pass,61,18,55.0,51.0
1,Huskies,Huskies_M3,Huskies_M1,1H,1347.364783,Simple pass,55,51,51.0,68.0
1,Huskies,Huskies_M1,Huskies_D1,1H,1351.186662,Simple pass,51,68,62.0,99.0
1,Huskies,Huskies_D1,Huskies_M1,1H,1355.635433,Simple pass,62,99,58.0,93.0
1,Huskies,Huskies_M1,Huskies_D2,1H,1357.802034,Simple pass,58,93,45.0,60.0
1,Huskies,Huskies_D2,Huskies_D3,1H,1360.51092,Simple pass,45,60,53.0,29.0
1,Huskies,Huskies_D3,Huskies_M2,1H,1364.552237,Simple pass,53,29,65.0,22.0
1,Huskies,Huskies_M2,Huskies_M3,1H,1365.514369,Simple pass,65,22,59.0,37.0
1,Huskies,Huskies_M3,Huskies_M2,1H,1367.816744,Simple pass,60,33,57.0,23.0
1,Huskies,Huskies_M2,Huskies_M3,1H,1368.148627,Simple pass,57,23,68.0,7.0
1,Huskies,Huskies_M3,Huskies_D3,1H,1371.360714,Simple pass,68,7,51.0,20.0
1,Huskies,Huskies_D3,Huskies_D2,1H,1373.937659,Simple pass,51,20,47.0,56.0
1,Huskies,Huskies_D2,Huskies_D1,1H,1377.038876,Simple pass,47,56,60.0,87.0
1,Huskies,Huskies_D1,Huskies_F1,1H,1380.185092,Simple pass,60,87,68.0,97.0
1,Huskies,Huskies_F1,Huskies_D1,1H,1382.378471,Simple pass,68,97,89.0,96.0
1,Huskies,Huskies_D1,Huskies_D4,1H,1384.757142,Cross,89,96,98.0,3.0
1,Huskies,Huskies_M2,Huskies_D4,1H,1480.756475,Simple pass,50,13,50.0,7.0
1,Huskies,Huskies_D4,Huskies_D3,1H,1482.471513,Simple pass,50,7,39.0,15.0
1,Huskies,Huskies_F3,Huskies_D3,1H,1497.018515,Simple pass,57,10,53.0,5.0
1,Huskies,Huskies_D3,Huskies_G1,1H,1539.323848,Simple pass,11,18,3.0,33.0
1,Huskies,Huskies_G1,Huskies_F1,1H,1542.460396,High pass,3,33,39.0,98.0
1,Huskies,Huskies_F2,Huskies_M3,1H,1563.565089,Simple pass,53,75,41.0,75.0
1,Huskies,Huskies_M3,Huskies_D1,1H,1565.577677,Simple pass,41,75,35.0,79.0
1,Huskies,Huskies_D1,Huskies_D2,1H,1566.797006,Simple pass,35,79,31.0,47.0
1,Huskies,Huskies_D2,Huskies_D3,1H,1569.287655,Simple pass,31,47,43.0,12.0
1,Huskies,Huskies_D3,Huskies_M2,1H,1573.214242,Simple pass,43,12,61.0,17.0
1,Huskies,Huskies_M2,Huskies_D3,1H,1574.779483,Simple pass,61,17,58.0,39.0
1,Huskies,Huskies_D3,Huskies_M1,1H,1577.213654,Simple pass,58,39,47.0,71.0
1,Huskies,Huskies_M1,Huskies_M3,1H,1587.209976,Simple pass,47,71,40.0,81.0
1,Huskies,Huskies_M3,Huskies_D2,1H,1589.202639,Simple pass,40,81,48.0,31.0
1,Huskies,Huskies_D2,Huskies_F2,1H,1591.554177,Simple pass,48,31,48.0,26.0
1,Huskies,Huskies_F2,Huskies_D3,1H,1598.02757,Simple pass,48,26,66.0,7.0
1,Huskies,Huskies_M1,Huskies_F2,1H,1633.128835,Simple pass,47,42,56.0,34.0
1,Huskies,Huskies_F2,Huskies_D4,1H,1637.294235,Simple pass,71,25,80.0,5.0
1,Huskies,Huskies_D4,Huskies_F2,1H,1640.147845,Simple pass,80,5,74.0,25.0
1,Huskies,Huskies_G1,Huskies_D1,1H,1657.171668,Hand pass,9,27,38.0,81.0
1,Huskies,Huskies_D1,Huskies_D2,1H,1665.270361,Simple pass,38,81,33.0,54.0
1,Huskies,Huskies_D2,Huskies_D1,1H,1669.642262,Simple pass,33,54,39.0,80.0
1,Huskies,Huskies_D1,Huskies_F2,1H,1671.45486,Simple pass,39,80,51.0,93.0
1,Huskies,Huskies_F2,Huskies_D1,1H,1673.213406,Simple pass,51,93,42.0,85.0
1,Huskies,Huskies_D1,Huskies_D2,1H,1677.421522,Simple pass,42,85,35.0,57.0
1,Huskies,Huskies_D2,Huskies_D3,1H,1679.747834,Simple pass,35,57,46.0,19.0
1,Huskies,Huskies_D3,Huskies_D4,1H,1683.925207,Simple pass,46,19,49.0,5.0
1,Huskies,Huskies_D4,Huskies_M3,1H,1685.592344,Simple pass,49,5,55.0,18.0
1,Huskies,Huskies_M3,Huskies_M2,1H,1687.033235,Simple pass,55,18,57.0,13.0
1,Huskies,Huskies_M2,Huskies_D4,1H,1688.522032,Simple pass,57,13,50.0,6.0
1,Opponent1,Opponent1_M1,Opponent1_M2,1H,1693.228444,Simple pass,38,72,62.0,67.0
1,Huskies,Huskies_M2,Huskies_F1,1H,1704.03903,Simple pass,23,76,47.0,96.0
1,Huskies,Huskies_M1,Huskies_M3,1H,1746.903336,Simple pass,56,75,54.0,40.0
1,Huskies,Huskies_M3,Huskies_D3,1H,1750.189462,Simple pass,54,40,59.0,13.0
1,Huskies,Huskies_D3,Huskies_D2,1H,1754.896087,Simple pass,59,13,59.0,52.0
1,Huskies,Huskies_D2,Huskies_F2,1H,1757.479116,Simple pass,59,52,63.0,87.0
1,Opponent1,Opponent1_F1,Opponent1_F2,1H,1791.104249,Simple pass,79,14,68.0,18.0
1,Opponent1,Opponent1_F2,Opponent1_D4,1H,1794.176617,Simple pass,68,18,51.0,49.0
1,Opponent1,Opponent1_D4,Opponent1_M1,1H,1797.149069,Simple pass,51,49,54.0,57.0
1,Opponent1,Opponent1_M1,Opponent1_F1,1H,1799.09619,High pass,54,57,90.0,15.0
1,Opponent1,Opponent1_F1,Opponent1_D1,1H,1804.670882,Simple pass,90,15,73.0,8.0
1,Opponent1,Opponent1_D1,Opponent1_F2,1H,1808.428454,Simple pass,73,8,82.0,23.0
1,Huskies,Huskies_D2,Huskies_G1,1H,1812.953534,Simple pass,9,76,8.0,51.0
1,Huskies,Huskies_G1,Huskies_M1,1H,1822.710938,High pass,8,51,37.0,97.0
1,Huskies,Huskies_M1,Huskies_D1,1H,1826.660725,Simple pass,37,97,23.0,88.0
1,Huskies,Huskies_D1,Huskies_D2,1H,1829.697402,Simple pass,23,88,30.0,56.0
1,Huskies,Huskies_D2,Huskies_D3,1H,1832.538832,Simple pass,30,56,32.0,15.0
1,Huskies,Huskies_D3,Huskies_M3,1H,1836.667946,Simple pass,32,15,31.0,30.0
1,Huskies,Huskies_M3,Huskies_D2,1H,1838.558993,Simple pass,31,30,24.0,66.0
1,Huskies,Huskies_D2,Huskies_D1,1H,1841.354526,Simple pass,24,66,29.0,87.0
1,Huskies,Huskies_D1,Huskies_M1,1H,1846.845569,Simple pass,49,89,60.0,96.0
1,Huskies,Huskies_M1,Huskies_D1,1H,1848.000515,Simple pass,60,96,59.0,88.0
1,Huskies,Huskies_D1,Huskies_M1,1H,1851.737334,Simple pass,59,88,59.0,96.0
1,Huskies,Huskies_M1,Huskies_F1,1H,1855.768635,Simple pass,59,96,65.0,97.0
1,Huskies,Huskies_F1,Huskies_M1,1H,1857.827687,Simple pass,65,97,35.0,98.0
1,Huskies,Huskies_M1,Huskies_D1,1H,1860.404204,Simple pass,35,98,42.0,75.0
1,Huskies,Huskies_D1,Huskies_D2,1H,1863.162182,Simple pass,42,75,36.0,49.0
1,Huskies,Huskies_D2,Huskies_D3,1H,1867.026749,Simple pass,36,49,43.0,7.0
1,Huskies,Huskies_D3,Huskies_F2,1H,1871.077439,Simple pass,43,7,62.0,15.0
1,Huskies,Huskies_F2,Huskies_D3,1H,1877.423511,Simple pass,62,15,46.0,15.0
1,Huskies,Huskies_D3,Huskies_M1,1H,1880.031284,Simple pass,46,15,52.0,50.0
1,Huskies,Huskies_M3,Huskies_D1,1H,1888.719293,Simple pass,58,56,58.0,90.0
1,Huskies,Huskies_D1,Huskies_M3,1H,1893.355778,Simple pass,58,90,59.0,71.0
1,Huskies,Huskies_M3,Huskies_D1,1H,1897.04089,Simple pass,59,71,59.0,97.0
1,Opponent1,Opponent1_M2,Opponent1_M1,1H,1999.175661,Simple pass,91,93,84.0,92.0
1,Opponent1,Opponent1_F2,Opponent1_D1,1H,2033.788496,Simple pass,78,81,53.0,54.0
1,Opponent1,Opponent1_D1,Opponent1_M3,1H,2037.291987,Simple pass,53,54,58.0,34.0
1,Opponent1,Opponent1_M3,Opponent1_D2,1H,2078.86416,Simple pass,30,16,14.0,25.0
1,Opponent1,Opponent1_D2,Opponent1_F1,1H,2080.274576,High pass,14,25,54.0,28.0
1,Huskies,Huskies_M1,Huskies_M3,1H,2118.764274,Simple pass,39,96,43.0,88.0
1,Huskies,Huskies_M3,Huskies_M1,1H,2119.149915,Simple pass,43,88,38.0,91.0
1,Huskies,Huskies_M1,Huskies_D2,1H,2120.051016,Simple pass,38,91,27.0,57.0
1,Huskies,Huskies_D2,Huskies_D1,1H,2121.197577,Simple pass,27,57,27.0,90.0
1,Huskies,Huskies_D1,Huskies_D3,1H,2123.417423,High pass,27,90,31.0,13.0
1,Huskies,Huskies_M2,Huskies_M3,1H,2156.892131,Simple pass,42,18,44.0,23.0
1,Opponent1,Opponent1_D3,Opponent1_D2,1H,2160.647917,Simple pass,30,78,31.0,30.0
1,Opponent1,Opponent1_D2,Opponent1_D1,1H,2164.441078,Simple pass,31,30,34.0,14.0
1,Opponent1,Opponent1_D1,Opponent1_F2,1H,2169.746612,Simple pass,34,14,42.0,9.0
1,Opponent1,Opponent1_F2,Opponent1_D2,1H,2171.979814,Simple pass,42,9,43.0,6.0
1,Huskies,Huskies_D2,Huskies_F1,1H,2179.707154,Head pass,34,95,26.0,99.0
1,Huskies,Huskies_F1,Huskies_D1,1H,2183.016682,Simple pass,26,99,27.0,90.0
1,Huskies,Huskies_D1,Huskies_D2,1H,2184.710294,Simple pass,27,90,19.0,73.0
1,Huskies,Huskies_D2,Huskies_D3,1H,2187.707719,Simple pass,19,73,20.0,24.0
1,Huskies,Huskies_D3,Huskies_M3,1H,2190.098122,Simple pass,20,24,33.0,53.0
1,Huskies,Huskies_M3,Huskies_M2,1H,2198.159963,Simple pass,59,28,55.0,12.0
1,Opponent1,Opponent1_M3,Opponent1_F2,1H,2203.708633,Simple pass,34,63,42.0,37.0
1,Opponent1,Opponent1_F2,Opponent1_M1,1H,2207.635025,Simple pass,47,53,47.0,64.0
1,Opponent1,Opponent1_M1,Opponent1_D1,1H,2210.236728,High pass,47,64,99.0,16.0
1,Huskies,Huskies_D1,Huskies_M2,1H,2218.92057,Simple pass,4,72,21.0,69.0
1,Huskies,Huskies_M2,Huskies_M3,1H,2223.951002,Simple pass,44,65,36.0,54.0
1,Huskies,Huskies_M3,Huskies_F2,1H,2226.609406,Simple pass,36,54,44.0,52.0
1,Huskies,Huskies_D2,Huskies_D3,1H,2259.099422,Simple pass,47,56,59.0,27.0
1,Huskies,Huskies_D3,Huskies_D2,1H,2263.265102,Simple pass,59,27,45.0,54.0
1,Huskies,Huskies_D2,Huskies_D1,1H,2265.891061,Simple pass,45,54,59.0,87.0
1,Huskies,Huskies_D1,Huskies_M1,1H,2268.48019,Simple pass,59,87,58.0,97.0
1,Huskies,Huskies_M1,Huskies_F1,1H,2270.659114,Simple pass,58,97,70.0,97.0
1,Huskies,Huskies_F1,Huskies_F2,1H,2271.209893,Simple pass,70,97,64.0,86.0
1,Huskies,Huskies_F2,Huskies_M1,1H,2273.203025,Simple pass,64,86,74.0,84.0
1,Huskies,Huskies_M1,Huskies_F3,1H,2275.340976,Simple pass,74,84,79.0,78.0
1,Huskies,Huskies_F3,Huskies_F2,1H,2276.34669,Simple pass,79,78,84.0,77.0
1,Opponent1,Opponent1_D2,Opponent1_M2,1H,2281.555748,Simple pass,35,35,48.0,56.0
1,Opponent1,Opponent1_M2,Opponent1_D3,1H,2285.971589,Simple pass,48,56,59.0,88.0
1,Opponent1,Opponent1_D3,Opponent1_F3,1H,2288.089607,Smart pass,59,88,80.0,82.0
1,Huskies,Huskies_D4,Huskies_M2,1H,2300.892312,Simple pass,58,50,69.0,42.0
1,Huskies,Huskies_M2,Huskies_F3,1H,2301.739324,Simple pass,69,42,75.0,19.0
1,Opponent1,Opponent1_M1,Opponent1_M3,1H,2308.140323,Simple pass,22,63,25.0,70.0
1,Opponent1,Opponent1_M3,Opponent1_M2,1H,2309.186807,Simple pass,25,70,40.0,83.0
1,Opponent1,Opponent1_M2,Opponent1_F3,1H,2313.458965,Simple pass,40,83,76.0,85.0
1,Opponent1,Opponent1_F3,Opponent1_M3,1H,2321.862986,Simple pass,76,85,89.0,89.0
1,Huskies,Huskies_D4,Huskies_D3,1H,2373.696063,Simple pass,26,5,18.0,7.0
1,Huskies,Huskies_D3,Huskies_F2,1H,2375.289301,High pass,18,7,55.0,16.0
1,Huskies,Huskies_F2,Huskies_M1,1H,2381.21504,Simple pass,48,29,50.0,79.0
1,Opponent1,Opponent1_D3,Opponent1_F2,1H,2444.350446,Simple pass,20,71,40.0,7.0
1,Opponent1,Opponent1_F2,Opponent1_M1,1H,2457.132799,Simple pass,40,7,41.0,19.0
1,Opponent1,Opponent1_G1,Opponent1_D2,1H,2477.697656,Simple pass,13,43,42.0,12.0
1,Opponent1,Opponent1_D2,Opponent1_F1,1H,2485.539002,High pass,42,12,64.0,17.0
1,Opponent1,Opponent1_M1,Opponent1_M3,1H,2608.514427,Head pass,78,40,77.0,66.0
1,Opponent1,Opponent1_M3,Opponent1_D4,1H,2610.753257,Cross,77,66,88.0,45.0
1,Huskies,Huskies_D2,Huskies_D1,1H,2636.524196,Simple pass,31,53,28.0,78.0
1,Huskies,Huskies_D1,Huskies_D2,1H,2642.004348,Simple pass,28,78,30.0,50.0
1,Huskies,Huskies_D2,Huskies_D3,1H,2644.939386,Simple pass,30,50,40.0,13.0
1,Huskies,Huskies_D3,Huskies_D4,1H,2646.727592,Simple pass,40,13,58.0,4.0
1,Opponent1,Opponent1_M2,Opponent1_F2,1H,2652.505927,Simple pass,53,65,61.0,50.0
1,Opponent1,Opponent1_F2,Opponent1_M3,1H,2654.492203,Simple pass,61,50,70.0,53.0
1,Opponent1,Opponent1_M3,Opponent1_F2,1H,2658.929429,Simple pass,70,53,77.0,80.0
1,Huskies,Huskies_F2,Huskies_M1,1H,2694.677345,Simple pass,35,26,33.0,43.0
1,Huskies,Huskies_M1,Huskies_D1,1H,2696.280214,Simple pass,33,43,31.0,81.0
1,Huskies,Huskies_D1,Huskies_M1,1H,2702.421652,Simple pass,47,82,50.0,73.0
1,Huskies,Huskies_M1,Huskies_F2,1H,2705.450085,Simple pass,59,65,69.0,68.0
1,Huskies,Huskies_F2,Huskies_M1,1H,2706.442088,Simple pass,69,68,66.0,76.0
1,Huskies,Huskies_F3,Huskies_F1,1H,2710.221447,Simple pass,79,80,89.0,96.0
1,Huskies,Huskies_F1,Huskies_F2,1H,2712.240837,Cross,89,96,94.0,49.0
1,Opponent1,Opponent1_M3,Opponent1_D2,1H,2789.997921,Simple pass,43,62,38.0,30.0
1,Opponent1,Opponent1_D2,Opponent1_M1,1H,2792.948355,Simple pass,38,30,43.0,36.0
1,Opponent1,Opponent1_M1,Opponent1_D3,1H,2794.58112,Simple pass,43,36,41.0,83.0
1,Opponent1,Opponent1_D3,Opponent1_D3,1H,2799.115514,Simple pass,41,83,43.0,76.0
1,Opponent1,Opponent1_D3,Opponent1_D1,1H,2805.262144,High pass,43,76,89.0,17.0
1,Huskies,Huskies_F2,Huskies_D3,2H,3601.615425,Simple pass,50,51,27.0,30.0
1,Huskies,Huskies_D3,Huskies_D1,2H,3604.001623,High pass,27,30,41.0,76.0
1,Opponent1,Opponent1_F1,Opponent1_D1,2H,3615.24109,Simple pass,89,14,89.0,7.0
1,Huskies,Huskies_D1,Huskies_G1,2H,3652.268391,Simple pass,18,74,9.0,49.0
1,Huskies,Huskies_D5,Huskies_F2,2H,3666.975385,Simple pass,55,94,65.0,90.0
1,Huskies,Huskies_F2,Huskies_M1,2H,3668.594718,Simple pass,65,90,48.0,72.0
1,Huskies,Huskies_M1,Huskies_D1,2H,3670.876394,Simple pass,48,72,34.0,68.0
1,Huskies,Huskies_D1,Huskies_D3,2H,3673.753211,Simple pass,34,68,35.0,43.0
1,Huskies,Huskies_D3,Huskies_D4,2H,3676.401219,Simple pass,35,43,47.0,3.0
1,Huskies,Huskies_D4,Huskies_F1,2H,3680.501137,High pass,47,3,65.0,27.0
1,Huskies,Huskies_F3,Huskies_M3,2H,3687.391663,Simple pass,57,22,47.0,27.0
1,Huskies,Huskies_M3,Huskies_D4,2H,3688.006317,Simple pass,47,27,44.0,2.0
1,Huskies,Huskies_D4,Huskies_F3,2H,3689.303862,Simple pass,44,2,50.0,4.0
1,Opponent1,Opponent1_F3,Opponent1_M2,2H,3722.751734,Simple pass,77,88,74.0,77.0
1,Opponent1,Opponent1_M2,Opponent1_F2,2H,3724.625131,High pass,74,77,88.0,61.0
1,Opponent1,Opponent1_D3,Opponent1_M1,2H,3754.362109,Head pass,46,67,56.0,37.0
1,Opponent1,Opponent1_D1,Opponent1_D1,2H,3758.834162,Simple pass,55,19,61.0,10.0
1,Huskies,Huskies_D5,Huskies_D5,2H,3762.301683,Simple pass,23,84,40.0,100.0
1,Huskies,Huskies_F2,Huskies_D5,2H,3777.101773,Simple pass,57,97,40.0,95.0
1,Huskies,Huskies_D5,Huskies_M1,2H,3779.470501,Simple pass,40,95,37.0,80.0
1,Huskies,Huskies_M1,Huskies_D1,2H,3782.303842,Simple pass,37,80,24.0,62.0
1,Huskies,Huskies_D1,Huskies_D3,2H,3785.432927,Simple pass,24,62,22.0,24.0
1,Huskies,Huskies_D3,Huskies_G1,2H,3787.652341,Simple pass,22,24,8.0,35.0
1,Huskies,Huskies_G1,Huskies_D3,2H,3792.431224,Simple pass,8,35,30.0,5.0
1,Opponent1,Opponent1_D3,Opponent1_M2,2H,3796.658049,High pass,35,91,74.0,93.0
1,Opponent1,Opponent1_M2,Opponent1_D2,2H,3807.29064,Simple pass,54,80,56.0,37.0
1,Opponent1,Opponent1_D2,Opponent1_D1,2H,3809.872102,Simple pass,56,37,80.0,9.0
1,Opponent1,Opponent1_D1,Opponent1_G1,2H,3869.977885,Simple pass,19,9,8.0,41.0
1,Opponent1,Opponent1_G1,Opponent1_M1,2H,3871.989763,Launch,8,41,38.0,17.0
1,Huskies,Huskies_D1,Huskies_D3,2H,3902.835564,Simple pass,40,77,47.0,41.0
1,Huskies,Huskies_D3,Huskies_D1,2H,3905.536274,Simple pass,47,41,49.0,68.0
1,Huskies,Huskies_D1,Huskies_D5,2H,3908.670203,Simple pass,49,68,58.0,97.0
1,Huskies,Huskies_F1,Huskies_D5,2H,3930.469631,Simple pass,98,85,93.0,95.0
1,Huskies,Huskies_D3,Huskies_F1,2H,3945.134328,High pass,42,81,89.0,60.0
1,Huskies,Huskies_M1,Huskies_D4,2H,3989.130656,Simple pass,67,64,45.0,22.0
1,Opponent1,Opponent1_F2,Opponent1_D1,2H,4004.367526,High pass,9,8,23.0,5.0
1,Huskies,Huskies_D1,Huskies_D5,2H,4029.094173,Simple pass,22,73,24.0,95.0
1,Huskies,Huskies_D5,Huskies_F2,2H,4032.095011,Simple pass,24,95,28.0,88.0
1,Opponent1,Opponent1_D1,Opponent1_F2,2H,4033.152098,Simple pass,65,6,71.0,2.0
1,Opponent1,Opponent1_M1,Opponent1_G1,2H,4040.655901,Simple pass,48,5,24.0,58.0
1,Opponent1,Opponent1_G1,Opponent1_F3,2H,4047.990079,Launch,24,58,67.0,91.0
1,Huskies,Huskies_D3,Huskies_M2,2H,4052.846524,Simple pass,18,12,41.0,12.0
1,Opponent1,Opponent1_F3,Opponent1_M3,2H,4054.985297,Simple pass,65,87,73.0,87.0
1,Opponent1,Opponent1_M3,Opponent1_M2,2H,4056.453433,Simple pass,73,87,92.0,90.0
1,Huskies,Huskies_F3,Huskies_M3,2H,4078.974084,Simple pass,8,28,26.0,32.0
1,Huskies,Huskies_M3,Huskies_M1,2H,4081.97129,Simple pass,26,32,28.0,51.0
1,Huskies,Huskies_M1,Huskies_D1,2H,4083.630588,Simple pass,28,51,19.0,67.0
1,Opponent1,Opponent1_F2,Opponent1_D2,2H,4093.589767,Simple pass,73,9,80.0,7.0
1,Opponent1,Opponent1_D2,Opponent1_F1,2H,4095.348465,High pass,80,7,84.0,37.0
1,Huskies,Huskies_F2,Huskies_F1,2H,4104.403972,Smart pass,56,68,89.0,63.0
1,Huskies,Huskies_M3,Huskies_D5,2H,4129.236781,Simple pass,71,78,75.0,93.0
1,Huskies,Huskies_D5,Huskies_D5,2H,4129.651303000001,Simple pass,75,93,81.0,94.0
1,Huskies,Huskies_M1,Huskies_M2,2H,4168.72827,Head pass,72,68,52.0,24.0
1,Huskies,Huskies_M2,Huskies_D4,2H,4171.589185,Simple pass,52,24,43.0,42.0
1,Huskies,Huskies_D4,Huskies_M1,2H,4175.1637599999995,Simple pass,43,42,46.0,66.0
1,Huskies,Huskies_M3,Huskies_M1,2H,4198.946931,Simple pass,60,18,56.0,14.0
1,Huskies,Huskies_M1,Huskies_D4,2H,4200.13529,Simple pass,56,14,66.0,1.0
1,Huskies,Huskies_D4,Huskies_M3,2H,4202.700935,Simple pass,66,1,52.0,36.0
1,Huskies,Huskies_M3,Huskies_F2,2H,4206.442922,Simple pass,52,36,56.0,61.0
1,Huskies,Huskies_F2,Huskies_D5,2H,4208.782481,Simple pass,56,61,76.0,93.0
1,Huskies,Huskies_D5,Huskies_F2,2H,4211.567972,Simple pass,76,93,70.0,81.0
1,Huskies,Huskies_F2,Huskies_D4,2H,4214.1992,High pass,70,81,97.0,17.0
1,Huskies,Huskies_D4,Huskies_M2,2H,4218.09998,Simple pass,97,17,86.0,30.0
1,Opponent1,Opponent1_M1,Opponent1_F2,2H,4246.094856,Head pass,58,65,66.0,71.0
1,Opponent1,Opponent1_M2,Opponent1_F2,2H,4253.282757999999,Simple pass,77,84,94.0,84.0
1,Opponent1,Opponent1_F2,Opponent1_F3,2H,4263.6279159999995,Simple pass,90,85,73.0,88.0
1,Opponent1,Opponent1_F3,Opponent1_M1,2H,4265.165795,Simple pass,73,88,65.0,74.0
1,Opponent1,Opponent1_M1,Opponent1_F3,2H,4266.69208,Simple pass,65,74,67.0,92.0
1,Opponent1,Opponent1_F3,Opponent1_M2,2H,4269.084618,Simple pass,67,92,81.0,80.0
1,Opponent1,Opponent1_M1,Opponent1_D4,2H,4344.610369,High pass,61,61,92.0,30.0
1,Huskies,Huskies_F2,Huskies_D5,2H,4354.959661,Simple pass,10,93,7.0,87.0
1,Huskies,Huskies_D1,Huskies_M1,2H,4359.643754000001,Simple pass,11,65,16.0,71.0
1,Opponent1,Opponent1_M3,Opponent1_M1,2H,4363.1956549999995,Simple pass,81,29,75.0,35.0
1,Opponent1,Opponent1_M3,Opponent1_M1,2H,4403.993605,Simple pass,68,75,67.0,93.0
1,Opponent1,Opponent1_M1,Opponent1_D3,2H,4406.663012999999,Simple pass,67,93,55.0,81.0
1,Opponent1,Opponent1_D4,Opponent1_D2,2H,4420.556751,Head pass,26,30,36.0,20.0
1,Huskies,Huskies_M1,Huskies_F2,2H,4424.621822,Simple pass,49,87,47.0,79.0
1,Huskies,Huskies_F2,Huskies_M1,2H,4437.879573,Simple pass,81,85,70.0,81.0
1,Huskies,Huskies_M1,Huskies_F2,2H,4440.321763,Simple pass,70,81,74.0,89.0
1,Opponent1,Opponent1_F2,Opponent1_M1,2H,4447.901958,Simple pass,17,5,24.0,17.0
1,Opponent1,Opponent1_M1,Opponent1_D2,2H,4450.568294000001,Simple pass,24,17,19.0,21.0
1,Huskies,Huskies_M1,Huskies_D1,2H,4515.375191,Simple pass,80,88,48.0,82.0
1,Huskies,Huskies_D1,Huskies_D3,2H,4518.515048,Simple pass,48,82,36.0,35.0
1,Huskies,Huskies_D3,Huskies_D1,2H,4522.742494,Simple pass,36,35,35.0,55.0
1,Huskies,Huskies_D1,Huskies_M1,2H,4525.538962,Simple pass,35,55,55.0,87.0
1,Huskies,Huskies_M1,Huskies_M1,2H,4530.993169,Simple pass,69,94,74.0,71.0
1,Opponent1,Opponent1_D2,Opponent1_F3,2H,4534.164116,Simple pass,24,31,39.0,75.0
1,Huskies,Huskies_M4,Huskies_F3,2H,4551.292096,Simple pass,73,5,72.0,12.0
1,Huskies,Huskies_F3,Huskies_F2,2H,4553.107303,Simple pass,72,12,75.0,24.0
1,Huskies,Huskies_F2,Huskies_M3,2H,4553.781885,Simple pass,75,24,62.0,24.0
1,Huskies,Huskies_M3,Huskies_F2,2H,4555.217222,Simple pass,62,24,62.0,28.0
1,Huskies,Huskies_D5,Huskies_M1,2H,4562.923698,Simple pass,76,89,72.0,71.0
1,Huskies,Huskies_M1,Huskies_F3,2H,4567.082794,Simple pass,72,71,81.0,76.0
1,Huskies,Huskies_D5,Huskies_F1,2H,4571.510516,Cross,78,94,88.0,55.0
1,Opponent1,Opponent1_M3,Opponent1_M2,2H,4610.356484,Simple pass,61,81,75.0,86.0
1,Huskies,Huskies_M3,Huskies_F2,2H,4620.36477,Simple pass,24,21,40.0,38.0
1,Huskies,Huskies_F2,Huskies_F1,2H,4621.41301,Smart pass,40,38,93.0,27.0
1,Huskies,Huskies_F1,Huskies_F3,2H,4631.261362,Simple pass,93,27,89.0,25.0
1,Huskies,Huskies_D3,Huskies_M4,2H,4637.66873,Simple pass,52,12,56.0,25.0
1,Huskies,Huskies_M4,Huskies_M3,2H,4640.818067,Simple pass,56,25,54.0,52.0
1,Huskies,Huskies_M3,Huskies_F2,2H,4642.850419,Simple pass,54,52,63.0,66.0
1,Huskies,Huskies_F2,Huskies_M1,2H,4646.449144,Simple pass,63,66,78.0,85.0
1,Huskies,Huskies_D3,Huskies_D1,2H,4655.571282,Head pass,45,43,47.0,69.0
1,Huskies,Huskies_D1,Huskies_F2,2H,4657.982562,Simple pass,47,69,51.0,90.0
1,Huskies,Huskies_F2,Huskies_D1,2H,4660.046212,Simple pass,51,90,34.0,69.0
1,Huskies,Huskies_D1,Huskies_M3,2H,4662.227838,Simple pass,34,69,44.0,45.0
1,Huskies,Huskies_M3,Huskies_M1,2H,4665.895743,Simple pass,44,45,45.0,77.0
1,Huskies,Huskies_M1,Huskies_F2,2H,4668.509604,Simple pass,45,77,56.0,93.0
1,Huskies,Huskies_F2,Huskies_M1,2H,4671.229253,Simple pass,56,93,53.0,84.0
1,Huskies,Huskies_M1,Huskies_M3,2H,4673.260675,Simple pass,53,84,42.0,65.0
1,Huskies,Huskies_M3,Huskies_D1,2H,4674.615463,Simple pass,42,65,30.0,62.0
1,Huskies,Huskies_D1,Huskies_D3,2H,4676.887466,Simple pass,30,62,28.0,30.0
1,Huskies,Huskies_D3,Huskies_M1,2H,4679.487261,Simple pass,28,30,43.0,43.0
1,Huskies,Huskies_M1,Huskies_M3,2H,4682.434383,Simple pass,43,43,38.0,66.0
1,Huskies,Huskies_M3,Huskies_D5,2H,4685.072635,Simple pass,38,66,50.0,94.0
1,Huskies,Huskies_D5,Huskies_M3,2H,4687.289312,Simple pass,50,94,50.0,78.0
1,Huskies,Huskies_M3,Huskies_M1,2H,4689.568527,Simple pass,50,78,58.0,67.0
1,Huskies,Huskies_M1,Huskies_M3,2H,4691.116871,Simple pass,58,67,45.0,60.0
1,Huskies,Huskies_M3,Huskies_D3,2H,4692.507219,Simple pass,45,60,33.0,24.0
1,Huskies,Huskies_M3,Huskies_F3,2H,4702.447769,Simple pass,58,16,76.0,1.0
1,Huskies,Huskies_D1,Huskies_D3,2H,4771.145917,Simple pass,23,24,5.0,9.0
1,Opponent1,Opponent1_M1,Opponent1_M3,2H,4776.546885,Simple pass,64,80,72.0,85.0
1,Huskies,Huskies_G1,Huskies_D5,2H,4845.571047,Hand pass,13,47,22.0,93.0
1,Huskies,Huskies_D5,Huskies_F2,2H,4851.928415,Simple pass,56,91,54.0,65.0
1,Huskies,Huskies_F2,Huskies_M3,2H,4852.958884,Simple pass,54,65,46.0,72.0
1,Huskies,Huskies_M3,Huskies_D5,2H,4854.663161,Simple pass,46,72,54.0,88.0
1,Opponent1,Opponent1_M3,Opponent1_M2,2H,4861.759886,Simple pass,47,35,47.0,53.0
1,Opponent1,Opponent1_M2,Opponent1_D3,2H,4863.766747,Simple pass,47,53,38.0,61.0
1,Opponent1,Opponent1_D3,Opponent1_M1,2H,4866.303767,Simple pass,38,61,54.0,27.0
1,Opponent1,Opponent1_D2,Opponent1_M3,2H,4910.454189,Simple pass,63,8,58.0,45.0
1,Huskies,Huskies_D5,Huskies_F2,2H,4918.89876,Head pass,11,73,16.0,85.0
1,Huskies,Huskies_M3,Huskies_M1,2H,4926.668976,Simple pass,37,56,41.0,68.0
1,Huskies,Huskies_M1,Huskies_M4,2H,4927.147553,Simple pass,41,68,55.0,32.0
1,Huskies,Huskies_M4,Huskies_F3,2H,4929.621772,Simple pass,55,32,86.0,24.0
1,Huskies,Huskies_M4,Huskies_D4,2H,4936.978528,Simple pass,80,26,81.0,3.0
1,Huskies,Huskies_D4,Huskies_M4,2H,4938.723962,Simple pass,81,3,79.0,25.0
1,Huskies,Huskies_M4,Huskies_F2,2H,4942.496119,Simple pass,79,25,77.0,35.0
1,Huskies,Huskies_F2,Huskies_M3,2H,4943.918952,Simple pass,77,35,71.0,47.0
1,Huskies,Huskies_M3,Huskies_D5,2H,4944.93907,Simple pass,71,47,85.0,89.0
1,Huskies,Huskies_M3,Huskies_D5,2H,4956.266718,Simple pass,64,62,73.0,93.0
1,Huskies,Huskies_D5,Huskies_M1,2H,4957.648369,Simple pass,73,93,71.0,82.0
1,Huskies,Huskies_M1,Huskies_M4,2H,4959.699345,Simple pass,71,82,66.0,51.0
1,Huskies,Huskies_M4,Huskies_D4,2H,4961.609558,Simple pass,66,51,74.0,2.0
1,Huskies,Huskies_D4,Huskies_F3,2H,4964.821532,Simple pass,74,2,74.0,28.0
1,Huskies,Huskies_F3,Huskies_F2,2H,4967.286777,Simple pass,74,28,80.0,54.0
1,Huskies,Huskies_D3,Huskies_M3,2H,4973.30164,Head pass,34,28,34.0,47.0
1,Huskies,Huskies_M3,Huskies_D5,2H,4977.195662,Simple pass,34,47,40.0,87.0
1,Huskies,Huskies_D5,Huskies_F2,2H,4979.858899,Simple pass,40,87,56.0,68.0
1,Opponent1,Opponent1_D3,Opponent1_F3,2H,4984.880132,Head pass,19,67,21.0,94.0
1,Opponent1,Opponent1_F3,Opponent1_D3,2H,4990.374886,Simple pass,21,94,19.0,81.0
1,Huskies,Huskies_M1,Huskies_D5,2H,5061.348584,Simple pass,90,90,87.0,92.0
1,Huskies,Huskies_M1,Huskies_D5,2H,5205.238108,Simple pass,91,89,92.0,95.0
1,Opponent1,Opponent1_F5,Opponent1_D2,2H,5221.179891,Simple pass,29,8,15.0,9.0
1,Huskies,Huskies_F1,Huskies_F2,2H,5226.708755,Simple pass,94,84,90.0,72.0
1,Huskies,Huskies_F2,Huskies_F3,2H,5228.174331,Cross,90,72,89.0,36.0
1,Opponent1,Opponent1_M3,Opponent1_F3,2H,5231.804489,Simple pass,19,57,24.0,70.0
1,Opponent1,Opponent1_D1,Opponent1_F5,2H,5246.833241,Simple pass,51,8,70.0,12.0
1,Opponent1,Opponent1_M3,Opponent1_M1,2H,5266.580187,Head pass,71,56,65.0,46.0
1,Huskies,Huskies_M4,Huskies_M1,2H,5272.840747,Simple pass,25,46,42.0,59.0
1,Huskies,Huskies_M1,Huskies_F1,2H,5275.06092,Simple pass,42,59,76.0,85.0
1,Huskies,Huskies_F2,Huskies_M4,2H,5288.245981,Simple pass,75,55,70.0,44.0
1,Huskies,Huskies_M4,Huskies_M3,2H,5289.809021,Simple pass,70,44,57.0,48.0
1,Huskies,Huskies_D3,Huskies_D4,2H,5293.546302,Simple pass,54,39,60.0,2.0
1,Opponent1,Opponent1_M2,Opponent1_D4,2H,5301.413948,Simple pass,12,70,21.0,55.0
1,Opponent1,Opponent1_D4,Opponent1_D1,2H,5305.07884,Simple pass,21,55,32.0,11.0
1,Opponent1,Opponent1_D1,Opponent1_F5,2H,5310.235266,Simple pass,63,8,85.0,16.0
1,Opponent1,Opponent1_F5,Opponent1_M3,2H,5313.769076,Simple pass,85,16,81.0,41.0
1,Huskies,Huskies_F2,Huskies_M1,2H,5334.206188,Cross,97,78,81.0,65.0
1,Opponent1,Opponent1_D3,Opponent1_G1,2H,5340.294651,Simple pass,9,65,12.0,71.0
1,Opponent1,Opponent1_G1,Opponent1_D3,2H,5343.636046,Hand pass,12,71,37.0,72.0
1,Opponent1,Opponent1_D3,Opponent1_M3,2H,5349.216461,Simple pass,37,72,43.0,50.0
1,Opponent1,Opponent1_M3,Opponent1_F5,2H,5352.089132,Simple pass,43,50,70.0,31.0
1,Opponent1,Opponent1_F5,Opponent1_M3,2H,5357.845487,Simple pass,70,31,68.0,17.0
1,Opponent1,Opponent1_M3,Opponent1_F4,2H,5359.868828,High pass,68,17,88.0,59.0
1,Huskies,Huskies_D1,Huskies_D5,2H,5408.533596,Simple pass,27,48,39.0,89.0
1,Huskies,Huskies_D5,Huskies_D1,2H,5409.876091,Simple pass,39,89,25.0,67.0
1,Opponent1,Opponent1_M2,Opponent1_M3,2H,5506.809485,Head pass,67,65,63.0,74.0
1,Opponent1,Opponent1_M1,Opponent1_D2,2H,5524.3000680000005,Simple pass,70,87,69.0,95.0
1,Opponent1,Opponent1_D2,Opponent1_M1,2H,5526.115473,Simple pass,69,95,68.0,77.0
1,Huskies,Huskies_M4,Huskies_F2,2H,5535.372806,Head pass,26,48,34.0,57.0
1,Opponent1,Opponent1_D1,Opponent1_G1,2H,5539.918471,Simple pass,61,52,20.0,73.0
1,Opponent1,Opponent1_G1,Opponent1_D3,2H,5541.74158,Simple pass,20,73,35.0,77.0
1,Opponent1,Opponent1_D3,Opponent1_D4,2H,5546.517076,Simple pass,35,77,38.0,29.0
1,Opponent1,Opponent1_D4,Opponent1_M1,2H,5551.031806,Simple pass,38,29,47.0,64.0
1,Opponent1,Opponent1_M1,Opponent1_D3,2H,5553.630255,Simple pass,47,64,58.0,83.0
1,Opponent1,Opponent1_D3,Opponent1_F4,2H,5558.776591,High pass,58,83,89.0,30.0
1,Opponent1,Opponent1_F4,Opponent1_M3,2H,5609.140908,Head pass,75,93,74.0,84.0
1,Opponent1,Opponent1_M1,Opponent1_F5,2H,5614.378497,Simple pass,64,80,73.0,67.0
1,Opponent1,Opponent1_M3,Opponent1_M2,2H,5619.294202,Simple pass,74,64,82.0,76.0
1,Opponent1,Opponent1_M2,Opponent1_F5,2H,5622.829485,Cross,83,74,89.0,37.0
1,Opponent1,Opponent1_F5,Opponent1_M3,2H,5625.652997,Simple pass,89,40,86.0,39.0
1,Opponent1,Opponent1_M1,Opponent1_F5,2H,5628.613623,High pass,74,32,90.0,52.0
1,Huskies,Huskies_F1,Huskies_M5,2H,5669.322348,Head pass,75,13,90.0,20.0
1,Huskies,Huskies_M5,Huskies_M4,2H,5707.081579,Simple pass,89,12,73.0,10.0
1,Huskies,Huskies_M1,Huskies_D4,2H,5715.609607,Simple pass,47,22,42.0,43.0
1,Huskies,Huskies_D4,Huskies_F2,2H,5717.801423,Simple pass,42,43,35.0,30.0
1,Opponent1,Opponent1_G1,Opponent1_D4,2H,5732.119925,Hand pass,14,36,18.0,26.0
1,Opponent1,Opponent1_D4,Opponent1_G1,2H,5734.977775,Simple pass,18,26,18.0,66.0
1,Opponent1,Opponent1_G1,Opponent1_F4,2H,5741.280256,Launch,18,66,70.0,82.0
1,Opponent1,Opponent1_D2,Opponent1_M1,2H,5746.055651000001,Simple pass,53,85,64.0,71.0
1,Opponent1,Opponent1_M1,Opponent1_D1,2H,5748.420067,Simple pass,65,70,72.0,7.0
1,Opponent1,Opponent1_D1,Opponent1_F4,2H,5751.271824,Cross,72,7,88.0,66.0
1,Opponent1,Opponent1_D2,Opponent1_D3,2H,5776.666512,Head pass,72,92,56.0,83.0
1,Opponent1,Opponent1_D3,Opponent1_D4,2H,5778.788128,Simple pass,56,83,55.0,48.0
1,Opponent1,Opponent1_D4,Opponent1_F5,2H,5781.954054,Simple pass,55,48,66.0,59.0
1,Opponent1,Opponent1_F5,Opponent1_M1,2H,5785.344996,Simple pass,66,59,57.0,69.0
1,Opponent1,Opponent1_D2,Opponent1_D1,2H,5833.278526,Simple pass,30,78,27.0,55.0
1,Opponent1,Opponent1_D1,Opponent1_G1,2H,5835.214672,Simple pass,27,55,8.0,55.0
1,Opponent1,Opponent1_G1,Opponent1_F5,2H,5837.802599000001,Simple pass,8,55,56.0,46.0
1,Opponent1,Opponent1_D4,Opponent1_M1,2H,5847.778172,Head pass,29,42,45.0,45.0
1,Opponent1,Opponent1_M1,Opponent1_D3,2H,5849.209318,Simple pass,45,45,31.0,71.0
1,Opponent1,Opponent1_D3,Opponent1_G1,2H,5853.440379,Simple pass,31,71,14.0,45.0
1,Opponent1,Opponent1_G1,Opponent1_F4,2H,5856.752315,High pass,14,45,66.0,69.0
1,Opponent1,Opponent1_M3,Opponent1_D3,2H,5915.159178,Simple pass,23,19,27.0,60.0
1,Opponent1,Opponent1_D3,Opponent1_D2,2H,5917.525278,Simple pass,27,60,42.0,86.0
1,Huskies,Huskies_D1,Huskies_M4,2H,5928.012463,Head pass,9,47,25.0,26.0
1,Opponent1,Opponent1_M1,Opponent1_D3,2H,5932.05328,Cross,79,84,25.0,66.0
1,Huskies,Huskies_F2,Huskies_D5,2H,5958.690794,Simple pass,62,57,76.0,92.0
1,Huskies,Huskies_D5,Huskies_F2,2H,5963.090611,Simple pass,76,92,97.0,84.0
1,Opponent1,Opponent1_M3,Opponent1_M1,2H,5999.250431,Simple pass,64,69,60.0,57.0
1,Opponent1,Opponent1_M1,Opponent1_F3,2H,6000.15592,Simple pass,60,57,82.0,60.0
1,Opponent1,Opponent1_F3,Opponent1_F4,2H,6002.328456,Simple pass,82,60,87.0,61.0
1,Opponent1,Opponent1_M1,Opponent1_D1,2H,6035.886787,Simple pass,77,63,60.0,49.0
1,Huskies,Huskies_M1,Huskies_G1,2H,6047.345218,Launch,13,47,0.0,0.0
1,Huskies,Huskies_G1,Huskies_D5,2H,6069.32509,High pass,11,31,60.0,86.0
1,Huskies,Huskies_D5,Huskies_M1,2H,6076.280656,Simple pass,60,86,46.0,77.0
1,Huskies,Huskies_M1,Huskies_M3,2H,6077.899924,Simple pass,46,77,40.0,66.0
1,Huskies,Huskies_M3,Huskies_F2,2H,6079.5251370000005,Simple pass,40,66,50.0,65.0
1,Huskies,Huskies_F2,Huskies_M1,2H,6080.267144,Simple pass,50,65,40.0,78.0
1,Huskies,Huskies_M1,Huskies_M3,2H,6081.651804,Simple pass,40,78,43.0,61.0
1,Huskies,Huskies_M3,Huskies_D3,2H,6083.583914,Simple pass,43,61,32.0,34.0
1,Opponent1,Opponent1_F4,Opponent1_D3,2H,6116.721312,Head pass,60,75,45.0,67.0
1,Huskies,Huskies_F2,Huskies_M4,2H,6120.441817,Simple pass,45,39,47.0,32.0
1,Huskies,Huskies_D5,Huskies_F2,2H,6168.518518,Simple pass,81,91,71.0,87.0
1,Huskies,Huskies_F2,Huskies_M1,2H,6169.398667,Simple pass,71,87,74.0,73.0
1,Opponent1,Opponent1_D3,Opponent1_F3,2H,6277.0251960000005,Head pass,34,83,56.0,85.0
1,Opponent1,Opponent1_F4,Opponent1_F5,2H,6364.056502,Head pass,83,11,92.0,11.0
1,Opponent1,Opponent1_D1,Opponent1_F4,2H,6370.159385,Cross,84,6,87.0,41.0
1,Opponent1,Opponent1_M3,Opponent1_M1,2H,6374.864546,Simple pass,86,30,79.0,34.0
1,Huskies,Huskies_D3,Huskies_M5,2H,6379.151338,Simple pass,30,47,38.0,34.0
1,Huskies,Huskies_M5,Huskies_F2,2H,6382.117478,Simple pass,38,34,47.0,86.0
1,Opponent1,Opponent1_M3,Opponent1_F4,2H,6398.008146,High pass,15,29,52.0,40.0
1,Huskies,Huskies_F2,Huskies_M5,2H,6425.780227,High pass,74,61,98.0,72.0
1,Huskies,Huskies_M5,Huskies_F2,2H,6436.145109,Simple pass,88,93,79.0,91.0
1,Huskies,Huskies_F2,Huskies_M1,2H,6441.121956,Simple pass,79,91,84.0,86.0
1,Huskies,Huskies_M1,Huskies_M5,2H,6442.8362130000005,Simple pass,84,86,85.0,95.0
1,Opponent1,Opponent1_F5,Opponent1_M2,2H,6453.861735,Simple pass,62,57,62.0,57.0
