MatchID,TeamID,OriginPlayerID,DestinationPlayerID,MatchPeriod,EventTime,EventSubType,EventOrigin_x,EventOrigin_y,EventDestination_x,EventDestination_y
3,Huskies,Huskies_F3,Huskies_D3,1H,1.7733619999999917,Simple pass,50,51,32.0,33.0
3,Opponent3,Opponent3_M1,Opponent3_D2,1H,10.563213999999988,Head pass,27,51,25.0,67.0
3,Huskies,Huskies_M6,Huskies_D4,1H,34.890187,Simple pass,40,21,23.0,4.0
3,Huskies,Huskies_D4,Huskies_D3,1H,36.343962000000005,Simple pass,23,4,7.0,24.0
3,Huskies,Huskies_D3,Huskies_G1,1H,38.98431199999999,Simple pass,7,24,4.0,33.0
3,Opponent3,Opponent3_M3,Opponent3_F1,1H,57.217806,Simple pass,70,72,79.0,69.0
3,Opponent3,Opponent3_F1,Opponent3_M4,1H,59.033784,Simple pass,79,69,77.0,76.0
3,Opponent3,Opponent3_M4,Opponent3_M1,1H,59.38640899999999,Simple pass,77,76,67.0,68.0
3,Opponent3,Opponent3_M1,Opponent3_D1,1H,61.346836,Simple pass,67,68,64.0,22.0
3,Opponent3,Opponent3_D1,Opponent3_M3,1H,65.01377400000001,Simple pass,64,22,46.0,30.0
3,Opponent3,Opponent3_M3,Opponent3_F2,1H,72.02963,Simple pass,46,30,65.0,10.0
3,Opponent3,Opponent3_F2,Opponent3_D1,1H,72.20718099999999,Simple pass,65,10,43.0,17.0
3,Opponent3,Opponent3_D1,Opponent3_D3,1H,72.707918,Simple pass,43,17,35.0,37.0
3,Opponent3,Opponent3_D3,Opponent3_D1,1H,75.997186,Simple pass,35,37,39.0,11.0
3,Opponent3,Opponent3_D1,Opponent3_F2,1H,80.13901600000003,Simple pass,39,11,63.0,20.0
3,Opponent3,Opponent3_F2,Opponent3_M3,1H,80.283255,Simple pass,63,20,62.0,28.0
3,Huskies,Huskies_D2,Huskies_D3,1H,96.210598,Simple pass,29,45,31.0,24.0
3,Huskies,Huskies_D3,Huskies_D4,1H,98.21878199999998,Simple pass,31,24,42.0,9.0
3,Huskies,Huskies_D4,Huskies_D3,1H,100.243488,Simple pass,42,9,25.0,22.0
3,Huskies,Huskies_D3,Huskies_D2,1H,103.67591499999996,Simple pass,25,22,28.0,43.0
3,Opponent3,Opponent3_D3,Opponent3_D4,1H,126.338329,Simple pass,15,15,11.0,3.0
3,Huskies,Huskies_D2,Huskies_D1,1H,131.308969,Simple pass,53,77,59.0,86.0
3,Opponent3,Opponent3_D4,Opponent3_F1,1H,156.81411000000003,Simple pass,94,11,44.0,6.0
3,Huskies,Huskies_D3,Huskies_D4,1H,218.103953,Simple pass,28,37,25.0,5.0
3,Opponent3,Opponent3_M1,Opponent3_D1,1H,227.750978,Simple pass,44,64,47.0,35.0
3,Opponent3,Opponent3_D1,Opponent3_F2,1H,231.427349,Simple pass,47,35,72.0,27.0
3,Opponent3,Opponent3_D1,Opponent3_G1,1H,261.904681,Simple pass,33,17,13.0,44.0
3,Opponent3,Opponent3_G1,Opponent3_F1,1H,266.590994,Launch,13,44,66.0,36.0
3,Opponent3,Opponent3_G1,Opponent3_D2,1H,298.225853,Simple pass,5,53,12.0,94.0
3,Huskies,Huskies_D3,Huskies_D4,1H,305.027638,Head pass,58,19,71.0,7.0
3,Huskies,Huskies_D1,Huskies_G1,1H,366.900923,Simple pass,27,82,18.0,49.0
3,Huskies,Huskies_G1,Huskies_D3,1H,371.073228,Simple pass,18,49,27.0,19.0
3,Huskies,Huskies_D3,Huskies_M4,1H,373.869546,Simple pass,27,19,36.0,32.0
3,Huskies,Huskies_M4,Huskies_D6,1H,376.446266,High pass,36,32,38.0,78.0
3,Huskies,Huskies_D6,Huskies_D1,1H,380.211474,Simple pass,38,78,9.0,75.0
3,Huskies,Huskies_D1,Huskies_G1,1H,383.539902,Simple pass,9,75,9.0,54.0
3,Opponent3,Opponent3_D1,Opponent3_D4,1H,392.471762,Simple pass,32,12,39.0,6.0
3,Opponent3,Opponent3_D4,Opponent3_D3,1H,394.857477,Simple pass,39,6,29.0,25.0
3,Huskies,Huskies_G1,Huskies_D3,1H,404.145195,Hand pass,12,53,23.0,20.0
3,Huskies,Huskies_D3,Huskies_D4,1H,408.237954,Simple pass,23,20,31.0,6.0
3,Huskies,Huskies_D4,Huskies_D3,1H,409.785723,Simple pass,31,6,20.0,17.0
3,Huskies,Huskies_D3,Huskies_M1,1H,411.810126,Simple pass,20,17,40.0,32.0
3,Huskies,Huskies_M1,Huskies_F2,1H,415.27428,Simple pass,40,32,59.0,24.0
3,Huskies,Huskies_F2,Huskies_M1,1H,416.381278,Simple pass,59,24,48.0,30.0
3,Huskies,Huskies_M1,Huskies_F2,1H,419.117945,Simple pass,48,30,65.0,17.0
3,Huskies,Huskies_F2,Huskies_M6,1H,421.126339,Simple pass,65,17,63.0,9.0
3,Huskies,Huskies_M6,Huskies_D4,1H,422.891735,Simple pass,63,9,51.0,6.0
3,Huskies,Huskies_D4,Huskies_M1,1H,424.655967,Simple pass,51,6,50.0,18.0
3,Huskies,Huskies_M1,Huskies_D1,1H,427.504647,Simple pass,50,18,47.0,73.0
3,Huskies,Huskies_D1,Huskies_D6,1H,430.3605260000001,Simple pass,47,73,58.0,88.0
3,Opponent3,Opponent3_D1,Opponent3_G1,1H,438.274996,Simple pass,6,14,10.0,55.0
3,Opponent3,Opponent3_G1,Opponent3_F1,1H,442.579465,Launch,10,55,54.0,50.0
3,Opponent3,Opponent3_M4,Opponent3_D2,1H,451.626392,Simple pass,54,67,54.0,84.0
3,Opponent3,Opponent3_D2,Opponent3_M1,1H,457.739582,Simple pass,54,84,58.0,65.0
3,Opponent3,Opponent3_D4,Opponent3_M3,1H,477.902138,Simple pass,1,10,23.0,21.0
3,Opponent3,Opponent3_D1,Opponent3_D2,1H,556.283763,Simple pass,48,11,38.0,67.0
3,Opponent3,Opponent3_D2,Opponent3_M1,1H,559.809016,Simple pass,38,67,47.0,58.0
3,Opponent3,Opponent3_M1,Opponent3_M4,1H,561.38547,Simple pass,47,58,60.0,66.0
3,Opponent3,Opponent3_M4,Opponent3_D2,1H,562.739801,Simple pass,60,66,36.0,70.0
3,Opponent3,Opponent3_D2,Opponent3_M1,1H,564.166689,Simple pass,36,70,46.0,64.0
3,Opponent3,Opponent3_M4,Opponent3_F1,1H,573.076533,Simple pass,76,69,88.0,71.0
3,Opponent3,Opponent3_F1,Opponent3_F2,1H,575.228621,Smart pass,88,71,88.0,41.0
3,Opponent3,Opponent3_M1,Opponent3_D3,1H,619.539116,Simple pass,29,36,27.0,29.0
3,Opponent3,Opponent3_D3,Opponent3_D4,1H,620.283782,Head pass,27,29,27.0,23.0
3,Opponent3,Opponent3_D2,Opponent3_M4,1H,627.131386,Simple pass,31,62,46.0,55.0
3,Huskies,Huskies_D2,Huskies_F2,1H,629.585517,Simple pass,46,47,46.0,77.0
3,Huskies,Huskies_F2,Huskies_D6,1H,631.041923,Simple pass,46,77,55.0,88.0
3,Huskies,Huskies_D6,Huskies_D1,1H,634.675724,Simple pass,55,88,27.0,74.0
3,Huskies,Huskies_D1,Huskies_D2,1H,638.305573,Simple pass,27,74,32.0,51.0
3,Huskies,Huskies_D2,Huskies_D3,1H,640.294184,Simple pass,32,51,32.0,22.0
3,Huskies,Huskies_D3,Huskies_D2,1H,643.066568,Simple pass,32,22,29.0,54.0
3,Huskies,Huskies_D2,Huskies_D1,1H,646.038915,Simple pass,29,54,32.0,81.0
3,Huskies,Huskies_D6,Huskies_D6,1H,649.434529,Simple pass,42,87,48.0,100.0
3,Huskies,Huskies_D6,Huskies_D1,1H,665.101115,Simple pass,34,75,23.0,61.0
3,Huskies,Huskies_D1,Huskies_G1,1H,668.648646,Simple pass,23,61,6.0,54.0
3,Opponent3,Opponent3_F2,Opponent3_M3,1H,678.995532,Simple pass,63,14,67.0,29.0
3,Huskies,Huskies_M4,Huskies_M1,1H,682.8041,Simple pass,37,53,41.0,45.0
3,Huskies,Huskies_M1,Huskies_M6,1H,687.027719,Simple pass,41,45,40.0,43.0
3,Huskies,Huskies_M6,Huskies_M1,1H,687.956985,Simple pass,40,43,27.0,12.0
3,Huskies,Huskies_M1,Huskies_D4,1H,691.639161,Simple pass,27,12,26.0,9.0
3,Huskies,Huskies_D4,Huskies_G1,1H,694.649218,Simple pass,26,9,8.0,33.0
3,Huskies,Huskies_G1,Huskies_F2,1H,696.721719,Launch,8,33,51.0,50.0
3,Opponent3,Opponent3_D1,Opponent3_F2,1H,700.646593,Head pass,49,49,65.0,29.0
3,Opponent3,Opponent3_F2,Opponent3_F1,1H,702.472257,Head pass,65,29,72.0,34.0
3,Opponent3,Opponent3_F1,Opponent3_M4,1H,705.313915,Simple pass,72,34,78.0,65.0
3,Opponent3,Opponent3_M4,Opponent3_D1,1H,742.987011,Cross,96,84,93.0,64.0
3,Opponent3,Opponent3_F2,Opponent3_M1,1H,746.386157,Simple pass,81,55,83.0,68.0
3,Opponent3,Opponent3_M4,Opponent3_M1,1H,757.425016,Simple pass,85,66,79.0,68.0
3,Opponent3,Opponent3_M1,Opponent3_F2,1H,757.425016,Simple pass,79,68,76.0,63.0
3,Opponent3,Opponent3_F2,Opponent3_D3,1H,758.768306,Simple pass,76,63,84.0,34.0
3,Opponent3,Opponent3_D3,Opponent3_D4,1H,772.923533,Simple pass,40,23,66.0,7.0
3,Opponent3,Opponent3_D4,Opponent3_D1,1H,775.738291,Simple pass,66,7,53.0,34.0
3,Opponent3,Opponent3_D1,Opponent3_M1,1H,777.471449,Simple pass,53,34,54.0,33.0
3,Opponent3,Opponent3_M1,Opponent3_F2,1H,779.952315,Simple pass,54,33,73.0,65.0
3,Opponent3,Opponent3_F2,Opponent3_M4,1H,780.070259,Simple pass,73,65,73.0,63.0
3,Opponent3,Opponent3_M4,Opponent3_F2,1H,782.036727,Simple pass,73,63,81.0,61.0
3,Opponent3,Opponent3_F2,Opponent3_M1,1H,820.050507,Simple pass,41,5,38.0,29.0
3,Opponent3,Opponent3_M1,Opponent3_F1,1H,824.198309,Simple pass,38,29,68.0,34.0
3,Opponent3,Opponent3_F1,Opponent3_D4,1H,827.606065,Simple pass,70,32,71.0,6.0
3,Opponent3,Opponent3_D4,Opponent3_F2,1H,829.153013,Simple pass,71,6,59.0,16.0
3,Opponent3,Opponent3_F2,Opponent3_M1,1H,831.968356,Simple pass,59,16,60.0,23.0
3,Opponent3,Opponent3_M1,Opponent3_M4,1H,833.652686,Simple pass,60,23,68.0,32.0
3,Opponent3,Opponent3_M4,Opponent3_M1,1H,833.765951,Simple pass,68,32,55.0,26.0
3,Opponent3,Opponent3_M1,Opponent3_M3,1H,836.521677,Simple pass,55,26,53.0,52.0
3,Opponent3,Opponent3_M3,Opponent3_D3,1H,838.103115,Simple pass,53,52,42.0,37.0
3,Opponent3,Opponent3_D3,Opponent3_D1,1H,841.0700569999999,Simple pass,42,37,44.0,13.0
3,Huskies,Huskies_D1,Huskies_M1,1H,844.6406629999999,Simple pass,32,64,41.0,65.0
3,Huskies,Huskies_F2,Huskies_D2,1H,849.661838,Simple pass,37,59,31.0,48.0
3,Huskies,Huskies_D2,Huskies_D3,1H,851.5023659999999,Simple pass,31,48,25.0,19.0
3,Huskies,Huskies_D3,Huskies_D4,1H,855.1327739999999,Simple pass,25,19,40.0,9.0
3,Huskies,Huskies_D4,Huskies_M4,1H,858.049362,Simple pass,40,9,38.0,21.0
3,Huskies,Huskies_M4,Huskies_F2,1H,866.505545,Simple pass,44,27,56.0,54.0
3,Huskies,Huskies_F2,Huskies_D6,1H,868.5900200000001,Simple pass,56,54,57.0,79.0
3,Huskies,Huskies_D6,Huskies_F2,1H,872.341962,Simple pass,57,79,59.0,66.0
3,Huskies,Huskies_F2,Huskies_M4,1H,874.3548450000001,Simple pass,59,66,54.0,37.0
3,Huskies,Huskies_M4,Huskies_M1,1H,876.4667219999999,Simple pass,54,37,53.0,50.0
3,Huskies,Huskies_M1,Huskies_M4,1H,877.9713549999999,Simple pass,53,50,51.0,32.0
3,Huskies,Huskies_M4,Huskies_D4,1H,879.8566290000001,Simple pass,51,32,52.0,10.0
3,Huskies,Huskies_D4,Huskies_D3,1H,883.0252559999999,Simple pass,52,10,34.0,20.0
3,Huskies,Huskies_D3,Huskies_D1,1H,885.3742,Simple pass,34,20,35.0,80.0
3,Huskies,Huskies_D1,Huskies_D6,1H,890.189288,Simple pass,35,80,47.0,91.0
3,Huskies,Huskies_D6,Huskies_G1,1H,892.1461159999999,Simple pass,47,91,10.0,70.0
3,Huskies,Huskies_D2,Huskies_M4,1H,923.371711,Simple pass,66,64,64.0,59.0
3,Huskies,Huskies_M4,Huskies_M1,1H,924.244874,Simple pass,64,59,55.0,68.0
3,Huskies,Huskies_M1,Huskies_D1,1H,928.364586,Simple pass,55,68,37.0,80.0
3,Huskies,Huskies_D1,Huskies_F3,1H,931.489904,Simple pass,37,80,67.0,72.0
3,Huskies,Huskies_F3,Huskies_D6,1H,931.787674,Simple pass,67,72,58.0,89.0
3,Huskies,Huskies_D6,Huskies_F3,1H,934.384569,Simple pass,58,89,44.0,79.0
3,Huskies,Huskies_F3,Huskies_M1,1H,935.457479,Simple pass,44,79,50.0,49.0
3,Huskies,Huskies_M1,Huskies_D3,1H,939.682142,Simple pass,50,49,38.0,17.0
3,Huskies,Huskies_D3,Huskies_D4,1H,941.991004,Simple pass,38,17,56.0,13.0
3,Huskies,Huskies_D4,Huskies_D3,1H,945.275386,Simple pass,56,13,29.0,18.0
3,Huskies,Huskies_D3,Huskies_D2,1H,947.900511,Simple pass,29,18,22.0,48.0
3,Huskies,Huskies_D2,Huskies_D1,1H,950.393094,Simple pass,22,48,29.0,69.0
3,Huskies,Huskies_D1,Huskies_F2,1H,953.633802,Simple pass,29,69,62.0,66.0
3,Opponent3,Opponent3_F2,Opponent3_M3,1H,964.125477,Simple pass,61,14,55.0,54.0
3,Opponent3,Opponent3_M3,Opponent3_M4,1H,967.037306,Simple pass,55,54,63.0,60.0
3,Opponent3,Opponent3_M4,Opponent3_M3,1H,967.893271,Simple pass,63,60,61.0,68.0
3,Opponent3,Opponent3_M3,Opponent3_M2,1H,970.113124,Simple pass,61,68,69.0,94.0
3,Opponent3,Opponent3_M2,Opponent3_M3,1H,974.656537,Simple pass,69,94,67.0,75.0
3,Opponent3,Opponent3_M3,Opponent3_M1,1H,976.661142,Simple pass,67,75,62.0,52.0
3,Opponent3,Opponent3_M1,Opponent3_D1,1H,978.612645,Simple pass,62,52,55.0,31.0
3,Huskies,Huskies_D1,Huskies_M4,1H,982.240384,Simple pass,35,68,29.0,56.0
3,Huskies,Huskies_M4,Huskies_M1,1H,983.430769,Simple pass,29,56,25.0,41.0
3,Huskies,Huskies_M1,Huskies_F3,1H,984.487516,Simple pass,25,41,33.0,61.0
3,Huskies,Huskies_F3,Huskies_M6,1H,985.973034,Simple pass,33,61,36.0,50.0
3,Huskies,Huskies_M6,Huskies_F2,1H,987.444217,Simple pass,36,50,33.0,60.0
3,Huskies,Huskies_F2,Huskies_D6,1H,989.828914,Simple pass,33,60,39.0,84.0
3,Huskies,Huskies_D6,Huskies_D1,1H,990.741517,Simple pass,39,84,24.0,75.0
3,Huskies,Huskies_D1,Huskies_G1,1H,993.825562,Simple pass,24,75,8.0,32.0
3,Opponent3,Opponent3_M2,Opponent3_M4,1H,1001.715773,Simple pass,54,85,32.0,48.0
3,Opponent3,Opponent3_M4,Opponent3_M1,1H,1007.546789,Simple pass,54,91,46.0,57.0
3,Opponent3,Opponent3_M1,Opponent3_D1,1H,1009.670999,Simple pass,46,57,43.0,37.0
3,Opponent3,Opponent3_D1,Opponent3_D4,1H,1011.494742,Simple pass,43,37,61.0,17.0
3,Opponent3,Opponent3_D4,Opponent3_D1,1H,1012.206953,Simple pass,61,17,42.0,27.0
3,Opponent3,Opponent3_D1,Opponent3_D4,1H,1017.114152,Simple pass,42,27,59.0,14.0
3,Opponent3,Opponent3_D4,Opponent3_F1,1H,1018.999022,Simple pass,59,14,55.0,31.0
3,Opponent3,Opponent3_F1,Opponent3_M1,1H,1022.628493,Simple pass,55,31,46.0,43.0
3,Opponent3,Opponent3_M1,Opponent3_D2,1H,1024.255143,Simple pass,46,43,53.0,87.0
3,Opponent3,Opponent3_M4,Opponent3_M1,1H,1035.135333,Simple pass,82,70,73.0,64.0
3,Opponent3,Opponent3_M1,Opponent3_M3,1H,1035.550491,Simple pass,73,64,70.0,73.0
3,Opponent3,Opponent3_M3,Opponent3_M1,1H,1038.636035,Simple pass,70,73,69.0,61.0
3,Opponent3,Opponent3_M1,Opponent3_D1,1H,1040.483253,Simple pass,69,61,64.0,27.0
3,Opponent3,Opponent3_D1,Opponent3_F2,1H,1042.264282,Simple pass,64,27,74.0,10.0
3,Opponent3,Opponent3_F2,Opponent3_F1,1H,1046.080775,Simple pass,74,10,81.0,39.0
3,Opponent3,Opponent3_M4,Opponent3_M3,1H,1058.091679,Simple pass,74,69,74.0,76.0
3,Opponent3,Opponent3_M3,Opponent3_M1,1H,1059.019043,Simple pass,74,76,62.0,62.0
3,Opponent3,Opponent3_M1,Opponent3_D2,1H,1061.398149,Simple pass,62,62,59.0,78.0
3,Opponent3,Opponent3_D2,Opponent3_M1,1H,1063.772673,Simple pass,59,78,67.0,65.0
3,Opponent3,Opponent3_M1,Opponent3_M3,1H,1067.270038,Simple pass,67,65,66.0,84.0
3,Opponent3,Opponent3_M3,Opponent3_M1,1H,1070.859125,Simple pass,66,84,70.0,75.0
3,Opponent3,Opponent3_M1,Opponent3_M4,1H,1073.681755,Simple pass,70,75,72.0,73.0
3,Opponent3,Opponent3_M4,Opponent3_D3,1H,1074.839435,Simple pass,72,73,44.0,66.0
3,Opponent3,Opponent3_D3,Opponent3_D2,1H,1078.048543,Head pass,44,66,41.0,90.0
3,Opponent3,Opponent3_D2,Opponent3_M1,1H,1081.850008,Simple pass,41,90,51.0,81.0
3,Huskies,Huskies_G1,Huskies_M1,1H,1104.92245,Simple pass,14,37,38.0,35.0
3,Huskies,Huskies_M1,Huskies_D2,1H,1106.939813,Simple pass,38,35,24.0,58.0
3,Huskies,Huskies_D2,Huskies_F2,1H,1110.422466,Simple pass,24,58,41.0,71.0
3,Huskies,Huskies_F2,Huskies_D6,1H,1113.213029,Simple pass,41,71,36.0,89.0
3,Huskies,Huskies_M4,Huskies_D2,1H,1118.843585,Simple pass,28,69,26.0,54.0
3,Huskies,Huskies_D2,Huskies_D1,1H,1119.448284,Simple pass,26,54,22.0,80.0
3,Huskies,Huskies_D1,Huskies_G1,1H,1119.933591,Simple pass,22,80,8.0,42.0
3,Huskies,Huskies_G1,Huskies_M1,1H,1123.734825,Simple pass,8,42,29.0,37.0
3,Huskies,Huskies_M1,Huskies_M4,1H,1131.685369,Simple pass,44,50,37.0,61.0
3,Huskies,Huskies_M4,Huskies_D1,1H,1133.438014,Simple pass,37,61,33.0,80.0
3,Opponent3,Opponent3_D4,Opponent3_M3,1H,1137.805089,Simple pass,31,10,47.0,15.0
3,Opponent3,Opponent3_M3,Opponent3_F2,1H,1142.704135,Simple pass,46,6,54.0,21.0
3,Huskies,Huskies_M4,Huskies_F2,1H,1169.470414,Simple pass,59,74,60.0,85.0
3,Huskies,Huskies_F2,Huskies_D1,1H,1171.006529,Simple pass,60,85,38.0,69.0
3,Huskies,Huskies_D1,Huskies_D2,1H,1172.886903,Simple pass,38,69,43.0,35.0
3,Huskies,Huskies_D2,Huskies_D3,1H,1175.292691,Simple pass,43,35,52.0,9.0
3,Huskies,Huskies_D3,Huskies_D2,1H,1179.933607,Simple pass,52,9,28.0,20.0
3,Huskies,Huskies_D2,Huskies_M1,1H,1182.149902,Simple pass,28,20,49.0,29.0
3,Huskies,Huskies_M1,Huskies_F3,1H,1183.808298,Simple pass,49,29,66.0,37.0
3,Huskies,Huskies_M4,Huskies_G1,1H,1188.915159,Simple pass,57,51,10.0,51.0
3,Huskies,Huskies_G1,Huskies_D3,1H,1263.178545,Simple pass,8,44,27.0,16.0
3,Huskies,Huskies_D3,Huskies_G1,1H,1265.295443,Simple pass,27,16,10.0,37.0
3,Huskies,Huskies_G1,Huskies_F3,1H,1267.207665,Launch,10,37,69.0,37.0
3,Opponent3,Opponent3_D2,Opponent3_G1,1H,1271.789204,Simple pass,35,72,7.0,46.0
3,Opponent3,Opponent3_G1,Opponent3_F2,1H,1275.913373,Launch,7,46,62.0,31.0
3,Huskies,Huskies_D6,Huskies_F2,1H,1281.780731,Simple pass,57,86,64.0,80.0
3,Huskies,Huskies_F2,Huskies_D6,1H,1282.473849,Simple pass,64,80,54.0,87.0
3,Opponent3,Opponent3_D4,Opponent3_D1,1H,1291.607473,Simple pass,17,8,11.0,29.0
3,Opponent3,Opponent3_D1,Opponent3_M1,1H,1292.760994,Simple pass,11,29,27.0,32.0
3,Opponent3,Opponent3_M1,Opponent3_D1,1H,1295.847682,Simple pass,27,32,11.0,41.0
3,Opponent3,Opponent3_D1,Opponent3_D2,1H,1298.358017,Simple pass,11,41,26.0,83.0
3,Opponent3,Opponent3_D2,Opponent3_M1,1H,1304.571942,Simple pass,26,83,40.0,57.0
3,Opponent3,Opponent3_F2,Opponent3_D4,1H,1346.756874,Simple pass,29,5,26.0,18.0
3,Opponent3,Opponent3_D4,Opponent3_M3,1H,1347.10611,Simple pass,26,18,31.0,10.0
3,Opponent3,Opponent3_M3,Opponent3_F2,1H,1348.500122,Simple pass,31,10,24.0,4.0
3,Opponent3,Opponent3_F2,Opponent3_D2,1H,1351.612063,Simple pass,24,4,26.0,75.0
3,Huskies,Huskies_M6,Huskies_D4,1H,1357.162478,Simple pass,67,22,57.0,3.0
3,Huskies,Huskies_D4,Huskies_M1,1H,1359.457329,Simple pass,57,3,60.0,26.0
3,Huskies,Huskies_M1,Huskies_M4,1H,1362.826186,Simple pass,60,26,64.0,38.0
3,Huskies,Huskies_M4,Huskies_F2,1H,1366.945226,Simple pass,64,38,75.0,23.0
3,Huskies,Huskies_F2,Huskies_M6,1H,1368.646764,Simple pass,75,23,67.0,15.0
3,Huskies,Huskies_M6,Huskies_M1,1H,1372.667411,Simple pass,67,15,60.0,35.0
3,Huskies,Huskies_M1,Huskies_M4,1H,1376.903798,Simple pass,60,35,69.0,53.0
3,Huskies,Huskies_D3,Huskies_M4,1H,1384.385291,Simple pass,32,30,37.0,41.0
3,Huskies,Huskies_M4,Huskies_M1,1H,1386.401724,Simple pass,37,41,38.0,32.0
3,Huskies,Huskies_M1,Huskies_F2,1H,1388.057252,Simple pass,38,32,56.0,37.0
3,Huskies,Huskies_F2,Huskies_M6,1H,1391.265929,Simple pass,56,37,62.0,27.0
3,Huskies,Huskies_M6,Huskies_D4,1H,1392.786228,Simple pass,62,27,49.0,7.0
3,Huskies,Huskies_D4,Huskies_D3,1H,1394.993263,Simple pass,49,7,23.0,22.0
3,Huskies,Huskies_D3,Huskies_M4,1H,1397.797992,Simple pass,23,22,39.0,55.0
3,Huskies,Huskies_M4,Huskies_M1,1H,1403.110541,Simple pass,39,55,52.0,42.0
3,Huskies,Huskies_M1,Huskies_F2,1H,1406.296422,Simple pass,52,42,59.0,30.0
3,Huskies,Huskies_F2,Huskies_D6,1H,1409.229665,High pass,59,30,82.0,97.0
3,Opponent3,Opponent3_D1,Opponent3_M3,1H,1416.367642,Simple pass,10,16,26.0,27.0
3,Opponent3,Opponent3_M3,Opponent3_D3,1H,1419.655686,Simple pass,26,27,22.0,55.0
3,Opponent3,Opponent3_D3,Opponent3_D2,1H,1422.314877,Simple pass,22,55,44.0,88.0
3,Opponent3,Opponent3_D2,Opponent3_M1,1H,1426.6731,Simple pass,44,88,45.0,65.0
3,Opponent3,Opponent3_M1,Opponent3_D1,1H,1432.049915,Simple pass,45,65,35.0,19.0
3,Opponent3,Opponent3_D1,Opponent3_M4,1H,1439.229301,Simple pass,67,34,73.0,23.0
3,Opponent3,Opponent3_M4,Opponent3_F1,1H,1441.060257,Simple pass,73,23,46.0,15.0
3,Opponent3,Opponent3_M3,Opponent3_M1,1H,1453.668177,Simple pass,61,8,67.0,33.0
3,Opponent3,Opponent3_M1,Opponent3_D2,1H,1456.668173,Simple pass,67,33,69.0,86.0
3,Opponent3,Opponent3_D2,Opponent3_F2,1H,1460.341566,Simple pass,69,86,71.0,70.0
3,Opponent3,Opponent3_F2,Opponent3_M1,1H,1463.686166,Simple pass,71,70,64.0,63.0
3,Opponent3,Opponent3_M1,Opponent3_D2,1H,1465.913327,Simple pass,64,63,62.0,87.0
3,Opponent3,Opponent3_D2,Opponent3_D3,1H,1468.579004,Simple pass,62,87,45.0,67.0
3,Opponent3,Opponent3_D3,Opponent3_D1,1H,1470.462382,Simple pass,45,67,56.0,39.0
3,Opponent3,Opponent3_D1,Opponent3_M3,1H,1475.119787,Simple pass,56,39,65.0,25.0
3,Opponent3,Opponent3_M3,Opponent3_M1,1H,1482.0214,Simple pass,65,25,65.0,42.0
3,Opponent3,Opponent3_M1,Opponent3_M4,1H,1483.385554,Simple pass,65,42,78.0,33.0
3,Opponent3,Opponent3_D2,Opponent3_M2,1H,1493.98127,Simple pass,80,68,80.0,89.0
3,Opponent3,Opponent3_M2,Opponent3_F1,1H,1495.030909,Cross,80,89,93.0,53.0
3,Opponent3,Opponent3_D2,Opponent3_D1,1H,1538.427467,Simple pass,56,82,60.0,37.0
3,Opponent3,Opponent3_D1,Opponent3_D3,1H,1542.991035,Simple pass,60,37,78.0,13.0
3,Opponent3,Opponent3_D3,Opponent3_M3,1H,1549.73528,Simple pass,78,13,67.0,13.0
3,Opponent3,Opponent3_M3,Opponent3_D2,1H,1552.127868,Simple pass,67,13,55.0,67.0
3,Opponent3,Opponent3_D2,Opponent3_M1,1H,1559.360791,Simple pass,55,67,62.0,63.0
3,Opponent3,Opponent3_M1,Opponent3_M4,1H,1560.381632,Simple pass,62,63,71.0,64.0
3,Opponent3,Opponent3_M4,Opponent3_F1,1H,1561.655557,Simple pass,71,64,71.0,73.0
3,Opponent3,Opponent3_M4,Opponent3_M1,1H,1577.708743,Smart pass,93,90,82.0,69.0
3,Opponent3,Opponent3_M1,Opponent3_F1,1H,1580.274706,Simple pass,82,69,82.0,52.0
3,Opponent3,Opponent3_F1,Opponent3_M1,1H,1582.02359,Head pass,87,60,90.0,60.0
3,Huskies,Huskies_D1,Huskies_D2,1H,1649.157486,Simple pass,22,69,30.0,53.0
3,Huskies,Huskies_D2,Huskies_F2,1H,1652.222285,High pass,30,53,59.0,76.0
3,Opponent3,Opponent3_D3,Opponent3_G1,1H,1665.180405,Simple pass,18,11,6.0,40.0
3,Opponent3,Opponent3_G1,Opponent3_D3,1H,1667.795859,Simple pass,6,40,20.0,46.0
3,Opponent3,Opponent3_D3,Opponent3_F2,1H,1678.313471,Simple pass,54,57,57.0,51.0
3,Opponent3,Opponent3_F2,Opponent3_D3,1H,1682.383737,Simple pass,57,51,46.0,59.0
3,Opponent3,Opponent3_D3,Opponent3_D1,1H,1684.545227,Simple pass,46,59,35.0,17.0
3,Opponent3,Opponent3_D1,Opponent3_M4,1H,1697.07647,Simple pass,35,17,56.0,11.0
3,Huskies,Huskies_D3,Huskies_G1,1H,1706.829417,Simple pass,22,56,11.0,50.0
3,Opponent3,Opponent3_D1,Opponent3_G1,1H,1714.281475,Simple pass,21,34,8.0,42.0
3,Opponent3,Opponent3_G1,Opponent3_D1,1H,1716.468292,Simple pass,8,42,14.0,15.0
3,Opponent3,Opponent3_D1,Opponent3_G1,1H,1721.09079,Simple pass,14,15,11.0,42.0
3,Opponent3,Opponent3_G1,Opponent3_D2,1H,1724.752243,Simple pass,11,42,14.0,88.0
3,Opponent3,Opponent3_D2,Opponent3_M1,1H,1725.6113,Simple pass,14,88,24.0,71.0
3,Opponent3,Opponent3_M1,Opponent3_F2,1H,1727.701738,Simple pass,24,71,45.0,76.0
3,Opponent3,Opponent3_F2,Opponent3_D3,1H,1729.451873,Simple pass,45,76,39.0,56.0
3,Opponent3,Opponent3_D3,Opponent3_F1,1H,1729.80983,Simple pass,39,56,56.0,69.0
3,Huskies,Huskies_G1,Huskies_D2,1H,1735.464243,Simple pass,19,46,26.0,46.0
3,Huskies,Huskies_D2,Huskies_M4,1H,1739.375036,Simple pass,26,46,47.0,46.0
3,Huskies,Huskies_M4,Huskies_D2,1H,1740.062383,Simple pass,47,46,27.0,46.0
3,Huskies,Huskies_D2,Huskies_D3,1H,1745.563073,Simple pass,27,46,33.0,25.0
3,Huskies,Huskies_D3,Huskies_G1,1H,1748.015619,Simple pass,33,25,10.0,51.0
3,Huskies,Huskies_G1,Huskies_D6,1H,1752.436166,High pass,10,51,40.0,95.0
3,Opponent3,Opponent3_D2,Opponent3_G1,1H,1778.357248,Simple pass,19,90,6.0,54.0
3,Huskies,Huskies_D2,Huskies_D3,1H,1789.684558,Head pass,34,34,29.0,19.0
3,Huskies,Huskies_D3,Huskies_G1,1H,1792.249328,Simple pass,29,19,14.0,41.0
3,Opponent3,Opponent3_G1,Opponent3_M1,1H,1799.100783,Hand pass,13,62,28.0,64.0
3,Opponent3,Opponent3_M1,Opponent3_D4,1H,1802.798456,Simple pass,28,64,36.0,17.0
3,Opponent3,Opponent3_D4,Opponent3_D1,1H,1808.858142,Simple pass,36,17,23.0,23.0
3,Opponent3,Opponent3_D1,Opponent3_G1,1H,1812.252268,Simple pass,23,23,14.0,35.0
3,Opponent3,Opponent3_G1,Opponent3_D1,1H,1815.136681,Simple pass,14,35,29.0,22.0
3,Opponent3,Opponent3_D1,Opponent3_M4,1H,1820.685609,Simple pass,29,22,41.0,19.0
3,Opponent3,Opponent3_M4,Opponent3_D4,1H,1824.754975,Simple pass,43,17,28.0,7.0
3,Opponent3,Opponent3_D4,Opponent3_D1,1H,1826.310628,Simple pass,28,7,28.0,23.0
3,Opponent3,Opponent3_D1,Opponent3_F2,1H,1828.659994,High pass,28,23,80.0,5.0
3,Huskies,Huskies_M4,Huskies_D3,1H,1856.154315,Simple pass,27,55,18.0,50.0
3,Huskies,Huskies_D3,Huskies_G1,1H,1857.323262,Simple pass,18,50,12.0,53.0
3,Huskies,Huskies_G1,Huskies_F2,1H,1860.636261,High pass,12,53,37.0,80.0
3,Huskies,Huskies_F2,Huskies_D6,1H,1867.309204,Simple pass,65,86,82.0,100.0
3,Huskies,Huskies_F3,Huskies_F2,1H,1904.704075,Simple pass,82,87,79.0,76.0
3,Huskies,Huskies_F2,Huskies_M4,1H,1905.223062,Simple pass,79,76,75.0,83.0
3,Huskies,Huskies_M4,Huskies_F2,1H,1923.71811,High pass,61,70,85.0,90.0
3,Huskies,Huskies_F2,Huskies_M1,1H,1929.83966,Simple pass,85,90,64.0,59.0
3,Huskies,Huskies_M1,Huskies_M6,1H,1932.320483,Simple pass,64,59,73.0,44.0
3,Huskies,Huskies_M6,Huskies_M1,1H,1934.121326,Simple pass,73,44,68.0,52.0
3,Huskies,Huskies_M1,Huskies_D3,1H,1934.891611,Simple pass,68,52,64.0,25.0
3,Huskies,Huskies_D3,Huskies_D4,1H,1937.003453,Simple pass,64,25,63.0,12.0
3,Huskies,Huskies_D4,Huskies_M1,1H,1939.970549,Simple pass,63,12,67.0,15.0
3,Huskies,Huskies_M1,Huskies_D4,1H,1942.11958,Simple pass,67,15,62.0,9.0
3,Huskies,Huskies_D4,Huskies_D4,1H,1944.06443,Simple pass,62,9,59.0,21.0
3,Huskies,Huskies_D4,Huskies_D1,1H,1947.71256,Simple pass,59,21,33.0,61.0
3,Huskies,Huskies_D1,Huskies_D2,1H,1953.944914,Simple pass,33,61,33.0,45.0
3,Huskies,Huskies_D2,Huskies_M1,1H,1956.621768,Simple pass,33,45,58.0,54.0
3,Huskies,Huskies_M1,Huskies_D6,1H,1964.378687,Simple pass,56,61,58.0,80.0
3,Huskies,Huskies_D6,Huskies_M6,1H,1966.901266,Simple pass,58,80,73.0,48.0
3,Opponent3,Opponent3_M3,Opponent3_D4,1H,2003.616649,Simple pass,54,29,58.0,9.0
3,Opponent3,Opponent3_D4,Opponent3_M3,1H,2007.129735,Simple pass,58,9,52.0,19.0
3,Opponent3,Opponent3_M3,Opponent3_M1,1H,2009.465214,Simple pass,52,19,47.0,45.0
3,Opponent3,Opponent3_M1,Opponent3_M4,1H,2010.879431,Simple pass,47,45,30.0,24.0
3,Opponent3,Opponent3_M4,Opponent3_M3,1H,2015.481885,Simple pass,56,52,60.0,34.0
3,Opponent3,Opponent3_M3,Opponent3_F2,1H,2016.120621,Simple pass,60,34,37.0,22.0
3,Huskies,Huskies_M4,Huskies_D6,1H,2019.052802,Simple pass,30,57,38.0,72.0
3,Huskies,Huskies_D6,Huskies_F2,1H,2019.996724,Simple pass,38,72,46.0,67.0
3,Huskies,Huskies_F2,Huskies_F3,1H,2023.268297,Simple pass,46,67,57.0,68.0
3,Opponent3,Opponent3_M4,Opponent3_G1,1H,2072.725214,Simple pass,25,64,0.0,0.0
3,Opponent3,Opponent3_G1,Opponent3_D1,1H,2149.947255,Simple pass,9,41,24.0,23.0
3,Opponent3,Opponent3_D1,Opponent3_D4,1H,2154.051294,Simple pass,24,23,31.0,6.0
3,Opponent3,Opponent3_D4,Opponent3_D1,1H,2155.236901,Simple pass,31,6,30.0,21.0
3,Huskies,Huskies_M1,Huskies_D4,1H,2177.538875,Simple pass,38,67,38.0,14.0
3,Huskies,Huskies_D4,Huskies_M4,1H,2182.154109,Simple pass,38,14,33.0,37.0
3,Huskies,Huskies_M4,Huskies_D3,1H,2182.963615,Simple pass,33,37,22.0,25.0
3,Huskies,Huskies_D3,Huskies_D1,1H,2184.9566,Simple pass,22,25,22.0,75.0
3,Huskies,Huskies_D1,Huskies_D6,1H,2188.001594,Simple pass,22,75,43.0,90.0
3,Opponent3,Opponent3_D1,Opponent3_G1,1H,2196.6309,Simple pass,12,6,10.0,44.0
3,Opponent3,Opponent3_G1,Opponent3_D3,1H,2199.943897,Simple pass,10,44,36.0,60.0
3,Opponent3,Opponent3_M3,Opponent3_D4,1H,2230.429506,Simple pass,63,24,59.0,32.0
3,Opponent3,Opponent3_D4,Opponent3_M1,1H,2231.796241,Simple pass,59,32,50.0,37.0
3,Opponent3,Opponent3_M1,Opponent3_D2,1H,2235.077495,Simple pass,50,37,38.0,60.0
3,Opponent3,Opponent3_D2,Opponent3_D1,1H,2238.359463,Simple pass,38,60,40.0,31.0
3,Opponent3,Opponent3_D1,Opponent3_M1,1H,2241.89903,Simple pass,40,31,44.0,43.0
3,Opponent3,Opponent3_M1,Opponent3_D1,1H,2242.690286,Simple pass,44,43,41.0,33.0
3,Opponent3,Opponent3_D1,Opponent3_D2,1H,2244.268845,Simple pass,41,33,38.0,77.0
3,Opponent3,Opponent3_D2,Opponent3_M1,1H,2247.761613,Simple pass,38,77,54.0,57.0
3,Opponent3,Opponent3_M4,Opponent3_M1,1H,2257.625532,Simple pass,79,63,69.0,61.0
3,Huskies,Huskies_D1,Huskies_D6,1H,2264.596079,Simple pass,21,76,12.0,70.0
3,Huskies,Huskies_D6,Huskies_M6,1H,2267.809138,High pass,12,70,40.0,38.0
3,Huskies,Huskies_D3,Huskies_D4,1H,2272.336345,Simple pass,25,20,28.0,6.0
3,Opponent3,Opponent3_M2,Opponent3_M1,1H,2281.613582,Head pass,68,95,63.0,69.0
3,Huskies,Huskies_M4,Huskies_D1,1H,2287.814288,Simple pass,35,27,24.0,59.0
3,Huskies,Huskies_D1,Huskies_D2,1H,2293.20937,Simple pass,24,59,22.0,47.0
3,Huskies,Huskies_D2,Huskies_M1,1H,2295.737093,Simple pass,22,47,34.0,41.0
3,Huskies,Huskies_M1,Huskies_M6,1H,2297.922254,Simple pass,34,41,49.0,26.0
3,Huskies,Huskies_M6,Huskies_D4,1H,2300.290211,Simple pass,49,26,43.0,6.0
3,Huskies,Huskies_D4,Huskies_M1,1H,2302.570984,Simple pass,43,6,36.0,34.0
3,Huskies,Huskies_M1,Huskies_M4,1H,2305.78042,Simple pass,36,34,47.0,57.0
3,Huskies,Huskies_M4,Huskies_F3,1H,2308.069743,Simple pass,47,57,69.0,63.0
3,Opponent3,Opponent3_M3,Opponent3_M1,1H,2312.651515,Simple pass,38,28,37.0,49.0
3,Opponent3,Opponent3_M1,Opponent3_M4,1H,2314.145266,Simple pass,37,49,56.0,62.0
3,Opponent3,Opponent3_M4,Opponent3_F1,1H,2319.708467,High pass,76,80,84.0,30.0
3,Opponent3,Opponent3_M1,Opponent3_M4,1H,2346.175111,Simple pass,62,30,76.0,34.0
3,Opponent3,Opponent3_M4,Opponent3_M3,1H,2359.435386,Smart pass,85,52,45.0,30.0
3,Opponent3,Opponent3_M3,Opponent3_M4,1H,2362.632034,Simple pass,86,59,84.0,58.0
3,Opponent3,Opponent3_D2,Opponent3_F1,1H,2367.387248,Cross,75,83,94.0,55.0
3,Huskies,Huskies_M4,Huskies_D1,1H,2432.26093,Simple pass,32,57,27.0,70.0
3,Huskies,Huskies_D1,Huskies_F2,1H,2434.533902,Simple pass,27,70,73.0,77.0
3,Opponent3,Opponent3_M1,Opponent3_D4,1H,2441.424564,Simple pass,29,29,27.0,9.0
3,Opponent3,Opponent3_D4,Opponent3_D1,1H,2441.721486,Simple pass,27,9,19.0,20.0
3,Opponent3,Opponent3_D1,Opponent3_G1,1H,2443.876103,Simple pass,19,20,10.0,40.0
3,Opponent3,Opponent3_G1,Opponent3_D3,1H,2447.011315,Simple pass,10,40,17.0,36.0
3,Opponent3,Opponent3_D3,Opponent3_G1,1H,2449.469707,Simple pass,17,36,8.0,54.0
3,Opponent3,Opponent3_G1,Opponent3_D2,1H,2452.846353,Simple pass,8,54,9.0,92.0
3,Opponent3,Opponent3_D2,Opponent3_M4,1H,2455.589319,High pass,9,92,42.0,87.0
3,Opponent3,Opponent3_D3,Opponent3_D4,1H,2463.362275,Simple pass,10,59,10.0,8.0
3,Opponent3,Opponent3_F2,Opponent3_F1,1H,2473.351765,Head pass,16,8,29.0,12.0
3,Huskies,Huskies_D2,Huskies_D3,1H,2479.422023,Simple pass,63,80,54.0,48.0
3,Huskies,Huskies_D3,Huskies_D4,1H,2483.822995,Simple pass,54,48,53.0,20.0
3,Opponent3,Opponent3_M2,Opponent3_M4,1H,2492.22858,Simple pass,59,87,61.0,76.0
3,Opponent3,Opponent3_M4,Opponent3_M1,1H,2493.056018,Simple pass,61,76,47.0,70.0
3,Opponent3,Opponent3_M1,Opponent3_F2,1H,2495.479707,High pass,47,70,90.0,79.0
3,Huskies,Huskies_G1,Huskies_M1,1H,2514.540477,Hand pass,13,53,43.0,43.0
3,Huskies,Huskies_M1,Huskies_D1,1H,2529.489072,Simple pass,43,43,22.0,72.0
3,Huskies,Huskies_D1,Huskies_D2,1H,2533.786685,Simple pass,22,72,26.0,54.0
3,Huskies,Huskies_D2,Huskies_M4,1H,2535.394269,Simple pass,26,54,40.0,50.0
3,Huskies,Huskies_M4,Huskies_M1,1H,2538.5074,Simple pass,40,50,54.0,30.0
3,Huskies,Huskies_M1,Huskies_D3,1H,2548.305378,Simple pass,54,30,29.0,22.0
3,Huskies,Huskies_D3,Huskies_D2,1H,2551.153049,Simple pass,29,22,43.0,51.0
3,Huskies,Huskies_D2,Huskies_D1,1H,2553.552766,Simple pass,43,51,38.0,72.0
3,Huskies,Huskies_D1,Huskies_D6,1H,2554.977362,Simple pass,38,72,46.0,73.0
3,Huskies,Huskies_D6,Huskies_G1,1H,2558.214447,Simple pass,46,73,7.0,74.0
3,Opponent3,Opponent3_D1,Opponent3_D3,1H,2589.336241,Simple pass,25,36,43.0,5.0
3,Huskies,Huskies_G1,Huskies_D3,1H,2598.892061,Hand pass,9,55,19.0,33.0
3,Huskies,Huskies_D3,Huskies_D4,1H,2605.790206,Simple pass,28,18,31.0,7.0
3,Huskies,Huskies_D4,Huskies_D2,1H,2607.367455,Simple pass,31,7,24.0,40.0
3,Huskies,Huskies_D2,Huskies_D1,1H,2610.700719,Simple pass,24,40,21.0,70.0
3,Huskies,Huskies_D1,Huskies_D2,1H,2612.877526,Simple pass,21,70,22.0,48.0
3,Huskies,Huskies_D2,Huskies_M1,1H,2615.095123,Simple pass,22,48,34.0,28.0
3,Huskies,Huskies_M1,Huskies_D2,1H,2616.396204,Simple pass,34,28,20.0,34.0
3,Huskies,Huskies_D3,Huskies_D3,1H,2619.48663,High pass,26,7,26.0,0.0
3,Huskies,Huskies_M1,Huskies_F2,1H,2656.076351,Simple pass,61,7,66.0,10.0
3,Huskies,Huskies_F2,Huskies_F3,1H,2658.040215,Simple pass,66,10,72.0,9.0
3,Huskies,Huskies_F3,Huskies_F2,1H,2658.335832,Simple pass,72,9,65.0,17.0
3,Huskies,Huskies_F2,Huskies_D3,1H,2661.10713,Simple pass,65,17,46.0,17.0
3,Huskies,Huskies_D3,Huskies_D1,1H,2663.435642,Simple pass,46,17,44.0,66.0
3,Huskies,Huskies_D1,Huskies_M4,1H,2666.89285,Simple pass,44,66,46.0,52.0
3,Huskies,Huskies_M4,Huskies_D2,1H,2672.930764,Simple pass,46,52,42.0,50.0
3,Huskies,Huskies_D2,Huskies_M6,1H,2675.264093,Simple pass,42,50,66.0,69.0
3,Huskies,Huskies_M6,Huskies_F3,1H,2678.292098,Simple pass,66,69,78.0,70.0
3,Huskies,Huskies_F3,Huskies_F2,1H,2679.701526,Simple pass,78,70,73.0,62.0
3,Huskies,Huskies_F2,Huskies_M6,1H,2683.663399,Simple pass,73,62,79.0,78.0
3,Huskies,Huskies_M1,Huskies_D1,1H,2692.614284,Simple pass,52,54,41.0,76.0
3,Opponent3,Opponent3_D3,Opponent3_D2,1H,2768.23735,High pass,32,10,43.0,67.0
3,Opponent3,Opponent3_D2,Opponent3_M1,1H,2773.059709,Simple pass,43,67,53.0,67.0
3,Opponent3,Opponent3_M1,Opponent3_M4,1H,2775.128833,Simple pass,53,67,65.0,66.0
3,Opponent3,Opponent3_M4,Opponent3_D2,1H,2776.335518,Simple pass,65,66,41.0,84.0
3,Opponent3,Opponent3_D2,Opponent3_D1,1H,2778.30121,Simple pass,41,84,37.0,56.0
3,Opponent3,Opponent3_D1,Opponent3_D3,1H,2781.375132,Simple pass,37,56,33.0,15.0
3,Opponent3,Opponent3_D3,Opponent3_F2,1H,2787.801222,Simple pass,65,15,69.0,10.0
3,Opponent3,Opponent3_F2,Opponent3_F1,1H,2788.53649,Simple pass,69,10,70.0,32.0
3,Huskies,Huskies_D2,Huskies_F2,1H,2790.61058,Simple pass,33,60,39.0,75.0
3,Opponent3,Opponent3_D4,Opponent3_D3,1H,2798.458789,Launch,17,7,30.0,25.0
3,Huskies,Huskies_D1,Huskies_G1,1H,2810.849581,Head pass,27,71,9.0,66.0
3,Huskies,Huskies_G1,Huskies_M4,1H,2814.181338,Hand pass,9,66,36.0,34.0
3,Opponent3,Opponent3_F1,Opponent3_M1,2H,3601.506457,Simple pass,51,52,54.0,51.0
3,Opponent3,Opponent3_M1,Opponent3_M4,2H,3602.915055,Simple pass,54,51,69.0,86.0
3,Opponent3,Opponent3_D1,Opponent3_G1,2H,3614.579316,Simple pass,26,22,11.0,49.0
3,Opponent3,Opponent3_G1,Opponent3_D2,2H,3617.128446,Simple pass,11,49,20.0,87.0
3,Opponent3,Opponent3_D2,Opponent3_G1,2H,3621.267547,Simple pass,20,87,13.0,63.0
3,Opponent3,Opponent3_G1,Opponent3_D2,2H,3625.324324,Simple pass,13,63,20.0,94.0
3,Opponent3,Opponent3_D2,Opponent3_G1,2H,3627.800946,Simple pass,20,94,6.0,61.0
3,Opponent3,Opponent3_G1,Opponent3_D1,2H,3629.922626,Simple pass,6,61,13.0,14.0
3,Opponent3,Opponent3_D1,Opponent3_D4,2H,3633.711141,Simple pass,13,14,30.0,9.0
3,Opponent3,Opponent3_D4,Opponent3_D1,2H,3636.756184,Simple pass,30,9,20.0,16.0
3,Opponent3,Opponent3_D1,Opponent3_D3,2H,3639.743141,Simple pass,20,16,26.0,39.0
3,Opponent3,Opponent3_D3,Opponent3_M1,2H,3642.709712,Simple pass,26,39,39.0,48.0
3,Opponent3,Opponent3_M1,Opponent3_F2,2H,3646.654671,Simple pass,39,48,54.0,36.0
3,Opponent3,Opponent3_F2,Opponent3_M3,2H,3647.637152,Simple pass,54,36,45.0,22.0
3,Opponent3,Opponent3_M3,Opponent3_F1,2H,3649.834608,Simple pass,45,22,67.0,30.0
3,Opponent3,Opponent3_F1,Opponent3_M4,2H,3653.677678,Simple pass,67,30,73.0,39.0
3,Opponent3,Opponent3_M4,Opponent3_F2,2H,3655.451333,Smart pass,73,39,82.0,22.0
3,Opponent3,Opponent3_M1,Opponent3_M3,2H,3683.097729,Simple pass,93,6,75.0,15.0
3,Opponent3,Opponent3_D1,Opponent3_G1,2H,3694.867103,Simple pass,46,9,21.0,42.0
3,Opponent3,Opponent3_G1,Opponent3_D2,2H,3698.744278,Simple pass,21,42,26.0,75.0
3,Opponent3,Opponent3_D2,Opponent3_M2,2H,3701.931967,Simple pass,26,75,35.0,92.0
3,Opponent3,Opponent3_M2,Opponent3_D2,2H,3705.172089,Simple pass,35,92,28.0,81.0
3,Opponent3,Opponent3_D2,Opponent3_D3,2H,3706.265804,Simple pass,28,81,29.0,70.0
3,Opponent3,Opponent3_D3,Opponent3_D2,2H,3708.876972,Simple pass,29,70,42.0,85.0
3,Opponent3,Opponent3_M4,Opponent3_F1,2H,3718.632637,Simple pass,79,94,79.0,75.0
3,Opponent3,Opponent3_F1,Opponent3_M2,2H,3718.854261,Simple pass,79,75,77.0,78.0
3,Opponent3,Opponent3_M2,Opponent3_F2,2H,3721.270733,Simple pass,77,78,39.0,25.0
3,Huskies,Huskies_M1,Huskies_M7,2H,3795.055852,Simple pass,73,89,66.0,87.0
3,Huskies,Huskies_M7,Huskies_D2,2H,3796.205592,Simple pass,66,87,55.0,54.0
3,Huskies,Huskies_D2,Huskies_D3,2H,3802.855183,Simple pass,55,54,56.0,31.0
3,Huskies,Huskies_D3,Huskies_D4,2H,3804.968841,Simple pass,56,31,77.0,11.0
3,Opponent3,Opponent3_M1,Opponent3_M4,2H,3810.647667,Simple pass,26,75,33.0,75.0
3,Opponent3,Opponent3_M4,Opponent3_D4,2H,3814.076243,Simple pass,33,75,35.0,26.0
3,Opponent3,Opponent3_D4,Opponent3_D1,2H,3816.838331,Simple pass,35,26,25.0,34.0
3,Opponent3,Opponent3_D1,Opponent3_D2,2H,3821.615175,Simple pass,25,34,25.0,87.0
3,Opponent3,Opponent3_D2,Opponent3_D3,2H,3825.672502,Simple pass,46,86,32.0,60.0
3,Opponent3,Opponent3_D3,Opponent3_D1,2H,3829.513128,Simple pass,32,60,45.0,29.0
3,Opponent3,Opponent3_D1,Opponent3_F2,2H,3834.409436,Simple pass,45,29,64.0,30.0
3,Opponent3,Opponent3_F2,Opponent3_D1,2H,3836.208898,Simple pass,64,30,37.0,24.0
3,Opponent3,Opponent3_D1,Opponent3_D3,2H,3838.601837,Simple pass,37,24,32.0,23.0
3,Opponent3,Opponent3_D3,Opponent3_G1,2H,3841.850939,Simple pass,32,23,13.0,50.0
3,Opponent3,Opponent3_G1,Opponent3_D2,2H,3845.39722,Simple pass,13,50,41.0,88.0
3,Huskies,Huskies_M6,Huskies_F2,2H,3853.453536,Simple pass,43,32,55.0,37.0
3,Huskies,Huskies_F2,Huskies_F3,2H,3857.32052,Simple pass,76,51,91.0,43.0
3,Opponent3,Opponent3_G1,Opponent3_D3,2H,3922.584744,Simple pass,10,52,19.0,67.0
3,Opponent3,Opponent3_D3,Opponent3_D2,2H,3925.985432,Simple pass,19,67,32.0,81.0
3,Opponent3,Opponent3_D2,Opponent3_D3,2H,3929.268674,Simple pass,32,81,36.0,64.0
3,Opponent3,Opponent3_D3,Opponent3_D2,2H,3934.567567,Simple pass,36,64,47.0,87.0
3,Opponent3,Opponent3_D2,Opponent3_D3,2H,3952.882149,Simple pass,70,96,65.0,91.0
3,Opponent3,Opponent3_D3,Opponent3_M3,2H,3959.499824,Simple pass,65,91,55.0,53.0
3,Opponent3,Opponent3_M3,Opponent3_D1,2H,3962.532931,Simple pass,55,53,57.0,35.0
3,Opponent3,Opponent3_D1,Opponent3_F2,2H,3963.769713,Simple pass,57,35,64.0,37.0
3,Opponent3,Opponent3_F2,Opponent3_D1,2H,3964.585016,Simple pass,64,37,54.0,35.0
3,Opponent3,Opponent3_D1,Opponent3_D2,2H,3969.306326,Simple pass,54,35,61.0,80.0
3,Opponent3,Opponent3_D2,Opponent3_D3,2H,3984.202699,Simple pass,57,95,37.0,90.0
3,Opponent3,Opponent3_D3,Opponent3_G1,2H,3986.720108,Simple pass,37,90,19.0,67.0
3,Opponent3,Opponent3_G1,Opponent3_D1,2H,3992.314078,Simple pass,19,67,39.0,22.0
3,Opponent3,Opponent3_F2,Opponent3_D1,2H,3999.078081,Simple pass,45,19,42.0,29.0
3,Opponent3,Opponent3_D1,Opponent3_D3,2H,4003.04568,Simple pass,42,29,28.0,39.0
3,Opponent3,Opponent3_D3,Opponent3_D2,2H,4006.887692,Simple pass,28,39,40.0,79.0
3,Opponent3,Opponent3_D2,Opponent3_M1,2H,4010.682445,Simple pass,40,79,54.0,66.0
3,Opponent3,Opponent3_M1,Opponent3_F2,2H,4013.240599,Simple pass,54,66,64.0,46.0
3,Opponent3,Opponent3_F2,Opponent3_M4,2H,4014.749243,Simple pass,64,46,65.0,54.0
3,Huskies,Huskies_M7,Huskies_D1,2H,4018.357841,Simple pass,39,67,39.0,67.0
3,Huskies,Huskies_D1,Huskies_M7,2H,4019.258156,Simple pass,39,67,34.0,76.0
3,Huskies,Huskies_M7,Huskies_G1,2H,4020.413868,Simple pass,34,76,11.0,60.0
3,Opponent3,Opponent3_F1,Opponent3_M1,2H,4044.399165,Simple pass,57,13,38.0,15.0
3,Opponent3,Opponent3_M1,Opponent3_D2,2H,4048.463794,Simple pass,41,31,33.0,40.0
3,Opponent3,Opponent3_D2,Opponent3_M4,2H,4053.132376,Simple pass,56,65,61.0,70.0
3,Opponent3,Opponent3_M4,Opponent3_M1,2H,4054.263003,Simple pass,61,70,54.0,69.0
3,Opponent3,Opponent3_M1,Opponent3_D2,2H,4057.721181,Simple pass,54,69,56.0,75.0
3,Opponent3,Opponent3_D2,Opponent3_D3,2H,4059.021095,Simple pass,56,75,46.0,63.0
3,Opponent3,Opponent3_D3,Opponent3_M3,2H,4061.861026,Simple pass,46,63,60.0,11.0
3,Opponent3,Opponent3_M3,Opponent3_D4,2H,4064.376292,Simple pass,60,11,67.0,3.0
3,Opponent3,Opponent3_D4,Opponent3_M3,2H,4067.439702,Simple pass,67,3,56.0,13.0
3,Opponent3,Opponent3_M3,Opponent3_D1,2H,4069.699108,Simple pass,56,13,39.0,18.0
3,Opponent3,Opponent3_D1,Opponent3_G1,2H,4072.368196,Simple pass,39,18,20.0,41.0
3,Opponent3,Opponent3_G1,Opponent3_D2,2H,4075.145334,Simple pass,20,41,39.0,78.0
3,Opponent3,Opponent3_D2,Opponent3_M1,2H,4080.935222,Simple pass,39,78,53.0,65.0
3,Opponent3,Opponent3_M1,Opponent3_M4,2H,4082.457298,Simple pass,53,65,72.0,69.0
3,Opponent3,Opponent3_M4,Opponent3_F1,2H,4082.888922,Simple pass,72,69,68.0,54.0
3,Huskies,Huskies_D1,Huskies_G1,2H,4085.459879,Simple pass,31,40,8.0,43.0
3,Huskies,Huskies_G1,Huskies_D3,2H,4089.447904,Simple pass,8,43,30.0,21.0
3,Huskies,Huskies_D3,Huskies_D4,2H,4092.991471,Simple pass,30,21,30.0,16.0
3,Opponent3,Opponent3_M4,Opponent3_M2,2H,4096.817331,Simple pass,78,89,80.0,83.0
3,Huskies,Huskies_D1,Huskies_G1,2H,4126.809472999999,Simple pass,15,76,16.0,61.0
3,Opponent3,Opponent3_D1,Opponent3_G1,2H,4146.703416,Simple pass,8,18,4.0,45.0
3,Opponent3,Opponent3_F1,Opponent3_M4,2H,4152.961008,Simple pass,43,50,49.0,56.0
3,Huskies,Huskies_G1,Huskies_D3,2H,4160.177377,Hand pass,13,42,35.0,27.0
3,Huskies,Huskies_D3,Huskies_M6,2H,4163.57895,Simple pass,35,27,44.0,38.0
3,Huskies,Huskies_M6,Huskies_M7,2H,4165.341804,Simple pass,44,38,41.0,30.0
3,Huskies,Huskies_M7,Huskies_D3,2H,4167.046996,Simple pass,41,30,41.0,25.0
3,Huskies,Huskies_D3,Huskies_M7,2H,4171.822102,Simple pass,41,25,42.0,41.0
3,Huskies,Huskies_M7,Huskies_D1,2H,4175.825534,Simple pass,42,41,39.0,76.0
3,Huskies,Huskies_D1,Huskies_D2,2H,4179.508859,Simple pass,39,76,38.0,56.0
3,Huskies,Huskies_D2,Huskies_M7,2H,4183.100474,Simple pass,38,56,49.0,41.0
3,Huskies,Huskies_M7,Huskies_M1,2H,4189.5836039999995,Simple pass,49,41,56.0,66.0
3,Opponent3,Opponent3_D2,Opponent3_G1,2H,4214.05013,Simple pass,6,85,4.0,51.0
3,Opponent3,Opponent3_G1,Opponent3_M1,2H,4214.144821,Simple pass,4,51,32.0,51.0
3,Opponent3,Opponent3_M1,Opponent3_D3,2H,4219.622486,Simple pass,32,51,28.0,72.0
3,Opponent3,Opponent3_D3,Opponent3_D2,2H,4219.635427,Simple pass,28,72,34.0,88.0
3,Opponent3,Opponent3_D2,Opponent3_M1,2H,4223.027486999999,Simple pass,34,88,40.0,65.0
3,Opponent3,Opponent3_F1,Opponent3_M4,2H,4226.773553999999,Simple pass,56,65,55.0,58.0
3,Opponent3,Opponent3_M3,Opponent3_M4,2H,4235.16155,Head pass,65,22,70.0,26.0
3,Opponent3,Opponent3_M4,Opponent3_M1,2H,4238.748754,Simple pass,70,26,73.0,46.0
3,Opponent3,Opponent3_M1,Opponent3_M2,2H,4240.900735,Simple pass,73,46,86.0,77.0
3,Opponent3,Opponent3_D1,Opponent3_M1,2H,4254.72529,Simple pass,52,42,55.0,72.0
3,Opponent3,Opponent3_M1,Opponent3_D2,2H,4259.382971999999,Simple pass,55,72,58.0,81.0
3,Opponent3,Opponent3_D2,Opponent3_M1,2H,4261.698816,Simple pass,58,81,55.0,69.0
3,Opponent3,Opponent3_M1,Opponent3_D1,2H,4263.393345,Simple pass,55,69,47.0,43.0
3,Opponent3,Opponent3_D1,Opponent3_D3,2H,4266.513301999999,Simple pass,47,43,47.0,57.0
3,Opponent3,Opponent3_D3,Opponent3_M1,2H,4267.5741720000005,Simple pass,47,57,53.0,57.0
3,Opponent3,Opponent3_M1,Opponent3_M4,2H,4270.622719,High pass,53,57,67.0,22.0
3,Opponent3,Opponent3_D2,Opponent3_D3,2H,4299.0983639999995,Simple pass,45,83,32.0,54.0
3,Opponent3,Opponent3_D3,Opponent3_D1,2H,4300.533685,Simple pass,32,54,41.0,25.0
3,Opponent3,Opponent3_D1,Opponent3_G1,2H,4305.961310000001,Simple pass,41,25,13.0,49.0
3,Opponent3,Opponent3_G1,Opponent3_D3,2H,4311.184284,Simple pass,13,49,21.0,47.0
3,Opponent3,Opponent3_D3,Opponent3_D1,2H,4317.087172,Simple pass,21,47,41.0,14.0
3,Opponent3,Opponent3_D1,Opponent3_D4,2H,4322.600996,Simple pass,41,14,61.0,20.0
3,Opponent3,Opponent3_D4,Opponent3_M3,2H,4331.023487,Simple pass,63,29,61.0,8.0
3,Opponent3,Opponent3_M3,Opponent3_M4,2H,4333.107787999999,Simple pass,61,8,75.0,9.0
3,Opponent3,Opponent3_M4,Opponent3_M3,2H,4334.666268999999,Simple pass,75,9,65.0,18.0
3,Opponent3,Opponent3_M3,Opponent3_M4,2H,4335.956937,Simple pass,65,18,70.0,25.0
3,Opponent3,Opponent3_M4,Opponent3_M1,2H,4338.048595,Simple pass,70,25,74.0,63.0
3,Opponent3,Opponent3_F2,Opponent3_M1,2H,4349.361887,Simple pass,82,72,74.0,74.0
3,Opponent3,Opponent3_M1,Opponent3_D1,2H,4351.060645,Simple pass,74,74,71.0,36.0
3,Opponent3,Opponent3_D1,Opponent3_M3,2H,4353.0644250000005,Simple pass,71,36,71.0,24.0
3,Huskies,Huskies_D2,Huskies_F2,2H,4358.206305,Simple pass,32,41,28.0,57.0
3,Huskies,Huskies_F2,Huskies_M6,2H,4359.568588,Simple pass,28,57,28.0,52.0
3,Opponent3,Opponent3_D2,Opponent3_M2,2H,4363.634827,Simple pass,61,74,77.0,71.0
3,Opponent3,Opponent3_M2,Opponent3_D2,2H,4367.805847,Simple pass,77,71,96.0,74.0
3,Huskies,Huskies_M7,Huskies_D3,2H,4442.77425,Simple pass,28,42,23.0,16.0
3,Huskies,Huskies_D3,Huskies_G1,2H,4445.397439,Simple pass,23,16,15.0,45.0
3,Huskies,Huskies_G1,Huskies_D2,2H,4449.584822,Simple pass,15,45,42.0,53.0
3,Huskies,Huskies_D2,Huskies_M6,2H,4453.354584000001,Simple pass,42,53,45.0,32.0
3,Opponent3,Opponent3_D1,Opponent3_D3,2H,4482.893782,Simple pass,43,5,25.0,17.0
3,Opponent3,Opponent3_D3,Opponent3_D2,2H,4485.881883,Simple pass,25,17,26.0,76.0
3,Opponent3,Opponent3_D2,Opponent3_F2,2H,4489.4170859999995,Simple pass,26,76,41.0,77.0
3,Opponent3,Opponent3_F2,Opponent3_M1,2H,4491.313838,Simple pass,41,77,34.0,65.0
3,Opponent3,Opponent3_M1,Opponent3_F1,2H,4492.361939,High pass,34,65,72.0,75.0
3,Huskies,Huskies_G1,Huskies_D6,2H,4506.642725,Hand pass,10,48,32.0,84.0
3,Huskies,Huskies_D6,Huskies_M7,2H,4508.887103,Simple pass,32,84,39.0,61.0
3,Huskies,Huskies_M7,Huskies_M1,2H,4514.918482,Simple pass,39,61,54.0,79.0
3,Huskies,Huskies_M1,Huskies_M7,2H,4518.882686999999,Simple pass,54,79,56.0,66.0
3,Huskies,Huskies_M7,Huskies_F2,2H,4521.270245,Simple pass,56,66,67.0,78.0
3,Huskies,Huskies_F2,Huskies_D6,2H,4525.039314,Simple pass,67,78,68.0,95.0
3,Huskies,Huskies_D6,Huskies_F3,2H,4528.082567,Simple pass,68,95,68.0,84.0
3,Huskies,Huskies_F3,Huskies_D6,2H,4530.95023,Simple pass,68,84,74.0,94.0
3,Huskies,Huskies_D6,Huskies_F2,2H,4534.354021,Simple pass,74,94,73.0,93.0
3,Huskies,Huskies_F2,Huskies_F3,2H,4535.273264,Simple pass,73,93,68.0,84.0
3,Huskies,Huskies_F3,Huskies_M1,2H,4536.442363,Simple pass,68,84,57.0,84.0
3,Huskies,Huskies_M1,Huskies_M7,2H,4537.345838,Simple pass,57,84,62.0,63.0
3,Huskies,Huskies_M7,Huskies_D3,2H,4539.500368,Simple pass,62,63,63.0,40.0
3,Huskies,Huskies_D3,Huskies_M7,2H,4543.629061,Simple pass,63,40,66.0,53.0
3,Huskies,Huskies_M7,Huskies_D6,2H,4546.503196,Simple pass,66,53,74.0,93.0
3,Huskies,Huskies_D6,Huskies_F2,2H,4548.093203,Simple pass,74,93,74.0,82.0
3,Huskies,Huskies_F2,Huskies_D6,2H,4551.008696,Simple pass,74,82,80.0,91.0
3,Huskies,Huskies_D6,Huskies_F2,2H,4553.890085,Simple pass,80,91,77.0,90.0
3,Opponent3,Opponent3_M2,Opponent3_G1,2H,4558.040967999999,Head pass,8,66,10.0,60.0
3,Opponent3,Opponent3_G1,Opponent3_D2,2H,4566.718168,Hand pass,10,60,19.0,75.0
3,Opponent3,Opponent3_D2,Opponent3_M1,2H,4572.929043,Simple pass,19,75,27.0,64.0
3,Opponent3,Opponent3_M1,Opponent3_D3,2H,4574.40524,Simple pass,27,64,18.0,52.0
3,Opponent3,Opponent3_D3,Opponent3_D1,2H,4576.985193,Simple pass,18,52,30.0,17.0
3,Opponent3,Opponent3_D1,Opponent3_G1,2H,4582.087499,Simple pass,30,17,8.0,27.0
3,Huskies,Huskies_D2,Huskies_F2,2H,4593.118933,High pass,31,89,71.0,80.0
3,Huskies,Huskies_D1,Huskies_D2,2H,4634.246626,Simple pass,40,86,33.0,50.0
3,Huskies,Huskies_D2,Huskies_D3,2H,4637.055924,Simple pass,33,50,35.0,29.0
3,Huskies,Huskies_D3,Huskies_M7,2H,4640.467695,Simple pass,35,29,47.0,51.0
3,Huskies,Huskies_M7,Huskies_D6,2H,4644.171509,Simple pass,47,51,47.0,92.0
3,Opponent3,Opponent3_M3,Opponent3_M4,2H,4686.234351,Head pass,52,35,61.0,31.0
3,Opponent3,Opponent3_M4,Opponent3_D4,2H,4688.742644,Simple pass,61,31,45.0,9.0
3,Opponent3,Opponent3_D4,Opponent3_D1,2H,4691.335914,Simple pass,45,9,26.0,20.0
3,Opponent3,Opponent3_D1,Opponent3_G1,2H,4694.034781,Simple pass,26,20,12.0,44.0
3,Opponent3,Opponent3_G1,Opponent3_D3,2H,4700.545043,Simple pass,12,44,30.0,38.0
3,Opponent3,Opponent3_D3,Opponent3_G1,2H,4700.560184,Simple pass,30,38,13.0,51.0
3,Opponent3,Opponent3_G1,Opponent3_D2,2H,4704.388294,Simple pass,13,51,18.0,85.0
3,Opponent3,Opponent3_D2,Opponent3_D3,2H,4709.690181,Simple pass,37,81,29.0,52.0
3,Opponent3,Opponent3_D3,Opponent3_D1,2H,4714.145151,Simple pass,29,52,30.0,20.0
3,Opponent3,Opponent3_D1,Opponent3_M3,2H,4715.357154,Simple pass,30,20,41.0,8.0
3,Opponent3,Opponent3_M3,Opponent3_D4,2H,4716.920273,Simple pass,41,8,60.0,5.0
3,Opponent3,Opponent3_D4,Opponent3_M4,2H,4718.606115,Simple pass,60,5,61.0,13.0
3,Opponent3,Opponent3_M4,Opponent3_D4,2H,4720.221645,Smart pass,61,13,87.0,2.0
3,Huskies,Huskies_M6,Huskies_F2,2H,4767.033254,Simple pass,65,76,74.0,73.0
3,Huskies,Huskies_F2,Huskies_F1,2H,4768.491421,Simple pass,74,73,73.0,73.0
3,Opponent3,Opponent3_D3,Opponent3_M4,2H,4773.4759,Simple pass,42,53,79.0,87.0
3,Opponent3,Opponent3_M4,Opponent3_M2,2H,4783.405403,Simple pass,79,69,84.0,92.0
3,Opponent3,Opponent3_M2,Opponent3_M1,2H,4785.884131,Simple pass,84,92,78.0,90.0
3,Huskies,Huskies_D1,Huskies_M7,2H,4815.271645,Simple pass,33,79,35.0,70.0
3,Huskies,Huskies_M7,Huskies_M6,2H,4817.742985,Simple pass,35,70,49.0,52.0
3,Huskies,Huskies_M6,Huskies_M7,2H,4819.241065,Simple pass,49,52,46.0,61.0
3,Huskies,Huskies_M7,Huskies_F2,2H,4821.690497,Simple pass,46,61,48.0,70.0
3,Huskies,Huskies_F2,Huskies_D1,2H,4822.873923,Simple pass,48,70,40.0,76.0
3,Huskies,Huskies_D1,Huskies_F2,2H,4825.931494,Simple pass,40,76,40.0,81.0
3,Huskies,Huskies_D3,Huskies_G1,2H,4839.898468,Simple pass,36,23,8.0,43.0
3,Opponent3,Opponent3_D1,Opponent3_D4,2H,4849.014283,Simple pass,26,30,30.0,16.0
3,Opponent3,Opponent3_D1,Opponent3_G1,2H,4875.965464,Simple pass,38,11,18.0,39.0
3,Opponent3,Opponent3_G1,Opponent3_D2,2H,4879.247208,Simple pass,18,39,38.0,87.0
3,Opponent3,Opponent3_M1,Opponent3_M2,2H,4915.668496,Simple pass,66,88,74.0,92.0
3,Huskies,Huskies_M7,Huskies_D4,2H,4936.649535,Simple pass,49,45,48.0,13.0
3,Huskies,Huskies_D4,Huskies_F1,2H,4939.885122,High pass,48,13,86.0,63.0
3,Opponent3,Opponent3_G1,Opponent3_M3,2H,4948.746572,Hand pass,13,57,26.0,48.0
3,Opponent3,Opponent3_M3,Opponent3_D2,2H,4951.098476,Simple pass,26,48,28.0,81.0
3,Opponent3,Opponent3_D2,Opponent3_M2,2H,4957.035107,Simple pass,28,81,44.0,93.0
3,Huskies,Huskies_D1,Huskies_D2,2H,4961.75113,Simple pass,31,59,14.0,11.0
3,Huskies,Huskies_D2,Huskies_G1,2H,4966.369507,Simple pass,14,11,6.0,36.0
3,Huskies,Huskies_G1,Huskies_D2,2H,4968.813073,Simple pass,6,36,15.0,26.0
3,Opponent3,Opponent3_M2,Opponent3_M1,2H,4980.601191,Simple pass,43,91,57.0,87.0
3,Opponent3,Opponent3_M1,Opponent3_F2,2H,4981.161022,Simple pass,57,87,68.0,56.0
3,Opponent3,Opponent3_F2,Opponent3_D4,2H,4986.739383,Simple pass,78,33,89.0,28.0
3,Huskies,Huskies_F1,Huskies_M6,2H,5036.2311,Simple pass,67,17,70.0,41.0
3,Huskies,Huskies_M6,Huskies_M7,2H,5038.122029,Simple pass,70,41,77.0,66.0
3,Huskies,Huskies_M7,Huskies_M1,2H,5041.778164,Simple pass,77,66,82.0,78.0
3,Opponent3,Opponent3_D2,Opponent3_M4,2H,5141.151385,Simple pass,61,92,66.0,79.0
3,Opponent3,Opponent3_M4,Opponent3_M1,2H,5142.450478,Simple pass,66,79,61.0,71.0
3,Opponent3,Opponent3_M1,Opponent3_M3,2H,5145.047767,Simple pass,61,71,58.0,38.0
3,Opponent3,Opponent3_M3,Opponent3_D4,2H,5147.77267,Simple pass,58,38,58.0,10.0
3,Opponent3,Opponent3_D4,Opponent3_M3,2H,5151.186157,Simple pass,58,10,57.0,18.0
3,Opponent3,Opponent3_M3,Opponent3_D1,2H,5153.146497,Simple pass,57,18,39.0,37.0
3,Opponent3,Opponent3_D1,Opponent3_D3,2H,5156.679488,Simple pass,39,37,36.0,35.0
3,Opponent3,Opponent3_D3,Opponent3_D1,2H,5160.165367,Simple pass,36,35,31.0,46.0
3,Opponent3,Opponent3_D1,Opponent3_D2,2H,5164.296979,Simple pass,31,46,51.0,85.0
3,Opponent3,Opponent3_D2,Opponent3_M4,2H,5169.996073,Simple pass,58,87,69.0,81.0
3,Opponent3,Opponent3_M4,Opponent3_M1,2H,5170.027467,Simple pass,69,81,61.0,65.0
3,Opponent3,Opponent3_M1,Opponent3_F1,2H,5171.455727,Simple pass,61,65,34.0,37.0
3,Huskies,Huskies_M6,Huskies_M7,2H,5173.711052,Simple pass,31,31,40.0,48.0
3,Huskies,Huskies_M7,Huskies_M6,2H,5174.446416,Simple pass,40,48,38.0,35.0
3,Huskies,Huskies_M6,Huskies_F2,2H,5175.505119,Simple pass,38,35,43.0,14.0
3,Huskies,Huskies_F2,Huskies_M6,2H,5182.845543,High pass,56,15,72.0,41.0
3,Huskies,Huskies_D2,Huskies_G1,2H,5205.050342,Simple pass,29,30,20.0,44.0
3,Huskies,Huskies_G1,Huskies_D1,2H,5207.341333,Simple pass,20,44,35.0,67.0
3,Huskies,Huskies_D1,Huskies_M7,2H,5212.171006,Simple pass,35,67,45.0,54.0
3,Huskies,Huskies_M7,Huskies_D6,2H,5215.770692,Simple pass,45,54,58.0,92.0
3,Huskies,Huskies_D6,Huskies_M1,2H,5220.14718,Simple pass,58,92,59.0,80.0
3,Opponent3,Opponent3_D4,Opponent3_M3,2H,5225.520445,Simple pass,24,20,32.0,15.0
3,Opponent3,Opponent3_M3,Opponent3_D1,2H,5226.497042,Simple pass,32,15,24.0,26.0
3,Opponent3,Opponent3_D1,Opponent3_M1,2H,5227.781846,Simple pass,24,26,31.0,28.0
3,Opponent3,Opponent3_M1,Opponent3_D2,2H,5234.08526,Simple pass,31,28,34.0,83.0
3,Opponent3,Opponent3_D2,Opponent3_D3,2H,5239.929436,Simple pass,34,83,31.0,49.0
3,Opponent3,Opponent3_D3,Opponent3_D1,2H,5243.258927,Simple pass,31,49,41.0,30.0
3,Opponent3,Opponent3_D1,Opponent3_F2,2H,5245.868812,Simple pass,41,30,49.0,33.0
3,Opponent3,Opponent3_F2,Opponent3_D1,2H,5247.582468,Simple pass,49,33,33.0,28.0
3,Opponent3,Opponent3_D1,Opponent3_D3,2H,5248.153637,Simple pass,33,28,37.0,44.0
3,Opponent3,Opponent3_D3,Opponent3_D2,2H,5252.726621,Simple pass,37,44,58.0,88.0
3,Huskies,Huskies_D3,Huskies_D3,2H,5261.54501,Simple pass,37,31,56.0,50.0
3,Huskies,Huskies_D3,Huskies_M1,2H,5264.628731,Simple pass,56,50,53.0,58.0
3,Huskies,Huskies_M1,Huskies_M6,2H,5268.124438,Simple pass,53,58,63.0,33.0
3,Huskies,Huskies_M6,Huskies_D4,2H,5269.521849,Simple pass,63,33,59.0,16.0
3,Huskies,Huskies_D4,Huskies_D2,2H,5273.787257,Simple pass,59,16,41.0,37.0
3,Huskies,Huskies_D2,Huskies_M7,2H,5276.997016,Simple pass,41,37,52.0,63.0
3,Huskies,Huskies_M7,Huskies_D1,2H,5280.11334,Simple pass,52,63,54.0,81.0
3,Huskies,Huskies_D1,Huskies_M7,2H,5284.885953,Simple pass,54,81,61.0,84.0
3,Huskies,Huskies_M7,Huskies_M1,2H,5287.089535,Simple pass,61,84,62.0,75.0
3,Huskies,Huskies_M1,Huskies_F1,2H,5288.773572,Simple pass,62,75,67.0,87.0
3,Opponent3,Opponent3_D1,Opponent3_D4,2H,5295.423167,Simple pass,26,24,26.0,18.0
3,Opponent3,Opponent3_D4,Opponent3_F2,2H,5299.639884,Simple pass,26,18,37.0,22.0
3,Opponent3,Opponent3_F2,Opponent3_D4,2H,5300.081272,Simple pass,37,22,29.0,9.0
3,Opponent3,Opponent3_D4,Opponent3_D1,2H,5302.016129,Simple pass,29,9,20.0,10.0
3,Opponent3,Opponent3_D1,Opponent3_F1,2H,5305.490469,High pass,20,10,59.0,16.0
3,Opponent3,Opponent3_G1,Opponent3_D2,2H,5321.656044,Simple pass,9,24,28.0,92.0
3,Opponent3,Opponent3_D2,Opponent3_D3,2H,5329.828764,Simple pass,28,92,29.0,58.0
3,Opponent3,Opponent3_D3,Opponent3_D1,2H,5333.122929,Simple pass,29,58,27.0,28.0
3,Opponent3,Opponent3_D1,Opponent3_M3,2H,5335.803748,Simple pass,27,28,43.0,9.0
3,Opponent3,Opponent3_M3,Opponent3_D4,2H,5337.634857,Simple pass,43,9,53.0,3.0
3,Opponent3,Opponent3_D4,Opponent3_M3,2H,5339.122534,Simple pass,53,3,25.0,5.0
3,Opponent3,Opponent3_M3,Opponent3_M4,2H,5342.327523,Simple pass,47,16,32.0,26.0
3,Opponent3,Opponent3_M1,Opponent3_M3,2H,5346.702172,Simple pass,55,49,56.0,37.0
3,Huskies,Huskies_D3,Huskies_D4,2H,5411.465142,Simple pass,57,22,61.0,8.0
3,Opponent3,Opponent3_D4,Opponent3_M3,2H,5460.086476,Simple pass,24,14,42.0,13.0
3,Opponent3,Opponent3_M3,Opponent3_M1,2H,5464.8844260000005,Simple pass,42,13,47.0,37.0
3,Opponent3,Opponent3_M1,Opponent3_M4,2H,5467.23503,Simple pass,47,37,70.0,71.0
3,Opponent3,Opponent3_M4,Opponent3_D4,2H,5473.576697,High pass,70,71,43.0,1.0
3,Huskies,Huskies_G1,Huskies_D1,2H,5491.494345,Hand pass,14,47,27.0,89.0
3,Huskies,Huskies_D1,Huskies_F1,2H,5494.479166,High pass,27,89,58.0,82.0
3,Huskies,Huskies_F1,Huskies_D6,2H,5497.266887,Simple pass,58,82,68.0,94.0
3,Opponent3,Opponent3_M3,Opponent3_D1,2H,5504.90379,Simple pass,22,33,24.0,24.0
3,Opponent3,Opponent3_D1,Opponent3_M5,2H,5506.451755,Simple pass,24,24,40.0,27.0
3,Opponent3,Opponent3_M5,Opponent3_M3,2H,5506.744665,Simple pass,40,27,28.0,33.0
3,Opponent3,Opponent3_M3,Opponent3_M4,2H,5508.576713,Simple pass,28,33,40.0,63.0
3,Huskies,Huskies_D3,Huskies_D2,2H,5555.348655,Simple pass,35,29,31.0,53.0
3,Huskies,Huskies_D2,Huskies_D1,2H,5558.0529480000005,Simple pass,31,53,46.0,75.0
3,Huskies,Huskies_D1,Huskies_D6,2H,5561.128629,Simple pass,46,75,41.0,90.0
3,Huskies,Huskies_D6,Huskies_D2,2H,5563.386616,Simple pass,41,90,33.0,60.0
3,Huskies,Huskies_D2,Huskies_G1,2H,5566.07324,Simple pass,33,60,22.0,37.0
3,Huskies,Huskies_G1,Huskies_F1,2H,5569.996983,Launch,22,37,68.0,32.0
3,Opponent3,Opponent3_G1,Opponent3_D3,2H,5582.538525,Hand pass,12,65,21.0,69.0
3,Opponent3,Opponent3_D3,Opponent3_D2,2H,5583.213147,Simple pass,21,69,25.0,87.0
3,Opponent3,Opponent3_D2,Opponent3_D3,2H,5588.873053,Simple pass,25,87,22.0,75.0
3,Opponent3,Opponent3_D3,Opponent3_D2,2H,5590.64904,Simple pass,22,75,31.0,94.0
3,Opponent3,Opponent3_D2,Opponent3_M2,2H,5595.749284,Simple pass,31,94,34.0,95.0
3,Opponent3,Opponent3_M2,Opponent3_D2,2H,5595.785382,Simple pass,34,95,24.0,93.0
3,Opponent3,Opponent3_D2,Opponent3_D3,2H,5597.128663,Simple pass,24,93,20.0,86.0
3,Opponent3,Opponent3_D3,Opponent3_G1,2H,5602.593058,Simple pass,20,86,13.0,53.0
3,Opponent3,Opponent3_G1,Opponent3_D1,2H,5606.571991,Simple pass,13,53,31.0,5.0
3,Huskies,Huskies_M7,Huskies_M1,2H,5641.684796,Simple pass,45,57,45.0,75.0
3,Huskies,Huskies_M1,Huskies_F2,2H,5643.865539,Simple pass,45,75,66.0,45.0
3,Huskies,Huskies_M6,Huskies_D4,2H,5648.5236970000005,Simple pass,64,42,60.0,14.0
3,Huskies,Huskies_D4,Huskies_F2,2H,5651.720327,Simple pass,60,14,66.0,41.0
3,Huskies,Huskies_F2,Huskies_D3,2H,5654.712134,Simple pass,66,41,57.0,25.0
3,Opponent3,Opponent3_F3,Opponent3_M4,2H,5659.2753680000005,Simple pass,65,55,90.0,73.0
3,Opponent3,Opponent3_M4,Opponent3_M5,2H,5663.507336000001,Simple pass,90,73,84.0,52.0
3,Opponent3,Opponent3_M4,Opponent3_M2,2H,5670.6244750000005,Simple pass,74,83,69.0,94.0
3,Opponent3,Opponent3_M2,Opponent3_M3,2H,5672.524194,Simple pass,69,94,82.0,61.0
3,Opponent3,Opponent3_M3,Opponent3_M5,2H,5678.10614,Simple pass,82,61,77.0,49.0
3,Opponent3,Opponent3_M5,Opponent3_M3,2H,5679.8847590000005,Simple pass,77,49,80.0,64.0
3,Opponent3,Opponent3_M3,Opponent3_M1,2H,5783.064209,High pass,55,45,83.0,14.0
3,Opponent3,Opponent3_M1,Opponent3_D4,2H,5789.861034,Simple pass,86,5,83.0,10.0
3,Opponent3,Opponent3_M3,Opponent3_M4,2H,5798.697343,Simple pass,74,85,90.0,87.0
3,Opponent3,Opponent3_M4,Opponent3_D2,2H,5805.480122,Simple pass,90,87,80.0,75.0
3,Opponent3,Opponent3_M5,Opponent3_D3,2H,5814.66028,Simple pass,76,55,62.0,45.0
3,Opponent3,Opponent3_D3,Opponent3_D4,2H,5819.428148,Simple pass,62,45,74.0,10.0
3,Opponent3,Opponent3_D4,Opponent3_M5,2H,5822.899869,Simple pass,74,10,85.0,10.0
3,Opponent3,Opponent3_M5,Opponent3_M1,2H,5895.8802780000005,Simple pass,43,12,49.0,12.0
3,Huskies,Huskies_D2,Huskies_M6,2H,5898.87384,Simple pass,31,58,62.0,50.0
3,Huskies,Huskies_M6,Huskies_M8,2H,5903.323483,Simple pass,59,75,73.0,87.0
3,Huskies,Huskies_M8,Huskies_D6,2H,5906.983401,Simple pass,73,87,71.0,92.0
3,Huskies,Huskies_D6,Huskies_M6,2H,5941.161506,High pass,65,46,83.0,13.0
3,Huskies,Huskies_M6,Huskies_D4,2H,5946.0848750000005,Simple pass,83,13,75.0,10.0
3,Opponent3,Opponent3_M5,Opponent3_M1,2H,5997.573723,Head pass,57,10,65.0,8.0
3,Opponent3,Opponent3_M1,Opponent3_F3,2H,5999.210865,Simple pass,65,8,84.0,22.0
3,Opponent3,Opponent3_M4,Opponent3_D4,2H,6012.34407,Simple pass,91,75,81.0,71.0
3,Opponent3,Opponent3_M3,Opponent3_D2,2H,6053.629489,Simple pass,66,23,56.0,55.0
3,Opponent3,Opponent3_D2,Opponent3_D3,2H,6056.135184000001,Simple pass,56,55,74.0,72.0
3,Opponent3,Opponent3_D3,Opponent3_M2,2H,6061.975886,Simple pass,77,79,91.0,90.0
3,Huskies,Huskies_F2,Huskies_M8,2H,6106.348626,Head pass,88,45,87.0,56.0
3,Huskies,Huskies_M8,Huskies_M1,2H,6109.602382,Simple pass,88,51,78.0,61.0
3,Huskies,Huskies_M7,Huskies_G1,2H,6146.239313,Simple pass,44,18,24.0,39.0
3,Huskies,Huskies_G1,Huskies_F1,2H,6151.819547,Launch,24,39,83.0,62.0
3,Opponent3,Opponent3_G1,Opponent3_M1,2H,6223.815164,Hand pass,13,57,57.0,93.0
3,Opponent3,Opponent3_M1,Opponent3_F3,2H,6227.770942,Simple pass,57,93,36.0,26.0
3,Opponent3,Opponent3_D5,Opponent3_D3,2H,6244.038992,Simple pass,39,93,53.0,80.0
3,Opponent3,Opponent3_D3,Opponent3_M1,2H,6247.2423340000005,Simple pass,53,80,56.0,95.0
3,Opponent3,Opponent3_M1,Opponent3_M5,2H,6249.426818,Simple pass,56,95,45.0,42.0
3,Opponent3,Opponent3_M5,Opponent3_D4,2H,6252.529167000001,Simple pass,45,42,62.0,6.0
3,Opponent3,Opponent3_D4,Opponent3_M5,2H,6256.237249,Simple pass,62,6,41.0,29.0
3,Opponent3,Opponent3_M5,Opponent3_D1,2H,6260.581252,Simple pass,41,29,33.0,22.0
3,Opponent3,Opponent3_D1,Opponent3_G1,2H,6262.595825,Simple pass,33,22,20.0,40.0
3,Opponent3,Opponent3_G1,Opponent3_F3,2H,6268.720473,Launch,20,40,70.0,56.0
3,Opponent3,Opponent3_F3,Opponent3_M4,2H,6274.996764,Simple pass,77,42,72.0,53.0
3,Huskies,Huskies_G1,Huskies_F1,2H,6283.860097000001,Launch,8,43,72.0,75.0
3,Huskies,Huskies_F2,Huskies_F1,2H,6288.3182,Simple pass,75,71,74.0,54.0
3,Opponent3,Opponent3_M3,Opponent3_M1,2H,6293.638357,Simple pass,33,56,45.0,74.0
3,Opponent3,Opponent3_M1,Opponent3_M3,2H,6296.964866,Simple pass,45,74,57.0,66.0
3,Opponent3,Opponent3_M3,Opponent3_M4,2H,6306.461003,Simple pass,57,66,54.0,54.0
3,Opponent3,Opponent3_M4,Opponent3_M5,2H,6316.104629,Simple pass,50,51,57.0,33.0
3,Opponent3,Opponent3_M5,Opponent3_D1,2H,6321.406535,Simple pass,57,33,38.0,24.0
3,Opponent3,Opponent3_D1,Opponent3_D3,2H,6324.900890999999,Simple pass,38,24,34.0,44.0
3,Opponent3,Opponent3_D3,Opponent3_D5,2H,6326.703666,Simple pass,34,44,32.0,79.0
3,Opponent3,Opponent3_D5,Opponent3_M3,2H,6331.054747,Simple pass,32,79,44.0,69.0
3,Opponent3,Opponent3_M3,Opponent3_D5,2H,6332.519759,Simple pass,44,69,34.0,77.0
3,Opponent3,Opponent3_D5,Opponent3_M3,2H,6334.2123520000005,Simple pass,34,77,56.0,65.0
3,Opponent3,Opponent3_M3,Opponent3_M1,2H,6336.512836,Simple pass,56,65,65.0,47.0
3,Opponent3,Opponent3_M1,Opponent3_F3,2H,6337.947335,Simple pass,65,47,77.0,55.0
3,Huskies,Huskies_D1,Huskies_G1,2H,6340.758079,Simple pass,18,51,10.0,45.0
3,Huskies,Huskies_G1,Huskies_F1,2H,6342.323916,Launch,10,45,64.0,31.0
3,Opponent3,Opponent3_D3,Opponent3_D5,2H,6347.773437,Simple pass,24,73,30.0,87.0
3,Opponent3,Opponent3_D5,Opponent3_M3,2H,6352.466114,Simple pass,30,87,38.0,77.0
3,Opponent3,Opponent3_M3,Opponent3_D5,2H,6355.381748,Simple pass,38,77,31.0,87.0
3,Opponent3,Opponent3_D5,Opponent3_D3,2H,6357.1775880000005,Simple pass,31,87,26.0,86.0
3,Opponent3,Opponent3_D3,Opponent3_G1,2H,6360.34645,Simple pass,26,86,11.0,49.0
3,Opponent3,Opponent3_F3,Opponent3_D4,2H,6374.329239000001,Simple pass,68,44,43.0,19.0
3,Opponent3,Opponent3_D4,Opponent3_M1,2H,6374.465392,Simple pass,43,19,62.0,46.0
3,Opponent3,Opponent3_D4,Opponent3_M4,2H,6385.91965,Simple pass,55,17,71.0,52.0
3,Opponent3,Opponent3_M4,Opponent3_M1,2H,6391.552863,Simple pass,71,52,63.0,42.0
3,Opponent3,Opponent3_M1,Opponent3_M3,2H,6391.691848,Simple pass,63,42,67.0,47.0
3,Opponent3,Opponent3_M3,Opponent3_M3,2H,6398.455008,Simple pass,69,70,75.0,86.0
3,Opponent3,Opponent3_M1,Opponent3_M3,2H,6401.396656999999,Simple pass,80,71,89.0,80.0
3,Opponent3,Opponent3_M3,Opponent3_D2,2H,6429.788784,Simple pass,88,88,93.0,96.0
3,Opponent3,Opponent3_D5,Opponent3_M4,2H,6437.107932,Simple pass,74,95,71.0,81.0
3,Opponent3,Opponent3_M3,Opponent3_D2,2H,6441.511762,Simple pass,76,79,85.0,93.0
3,Opponent3,Opponent3_D5,Opponent3_D2,2H,6460.762713,Simple pass,71,97,76.0,96.0
3,Opponent3,Opponent3_D2,Opponent3_M3,2H,6463.608484,Simple pass,76,96,68.0,79.0
3,Opponent3,Opponent3_M3,Opponent3_D2,2H,6467.60631,Simple pass,73,83,79.0,94.0
3,Opponent3,Opponent3_D2,Opponent3_F3,2H,6468.667467,High pass,79,94,87.0,67.0
3,Opponent3,Opponent3_F3,Opponent3_M1,2H,6470.26033,Simple pass,87,67,83.0,65.0
3,Opponent3,Opponent3_M1,Opponent3_D4,2H,6472.821748,Simple pass,83,65,81.0,31.0
3,Opponent3,Opponent3_D4,Opponent3_M4,2H,6476.550103,Simple pass,81,31,91.0,29.0
