Id,Label,Weight,color
0,"Oscar Brown, Jr.",4,A
1,Shel Silverstein,1,A
2,Tom Waits,3,A
3,The Cramps,1,A
4,Lyle Lovett,0,A
5,Little Richard,7,B
6,Lou Rawls,1,A
7,Allan Sherman,0,A
8,Patti Smith,1,A
9,The Fall,1,A
10,Jimi Hendrix,2,A
11,Bo Diddley,4,A
12,Southern Culture on the Skids,0,A
13,Van Morrison,2,A
14,Gil Scott-Heron,0,A
15,The Residents,1,A
16,Jon Hendricks,2,A
17,Prince Buster,1,A
18,MC5,1,A
19,Georgie Fame,3,A
20,The 13th Floor Elevators,1,A
21,Kurt Elling,0,A
22,They Might Be Giants,0,A
23,Mose Allison,9,B
24,Elvis Costello,1,A
25,Warren Zevon,2,A
26,Spike Jones,4,A
27,Doug Sahm,0,A
28,Jack Kerouac,6,A
29,Morphine,0,A
30,The Fugs,4,A
31,Screamin' Jay Hawkins,4,A
32,Nick Cave,0,A
